"COUNTRY, AREA OR TERRITORY",Year,"Population 
(thousands)",% urban,At least basic,Limited (more than 30 mins),Unimproved,Safely managed,Accessible on premises,Available when needed,Free from contamination,Piped,Non-piped
Afghanistan,2000,20 130,22,22,3,47,11,17,16,12,4,29
Afghanistan,2001,20 284,22,22,3,47,11,17,16,12,4,29
Afghanistan,2002,21 378,22,24,3,45,12,18,17,13,4,31
Afghanistan,2003,22 733,22,26,3,44,13,19,19,13,4,33
Afghanistan,2004,23 561,23,28,3,42,14,20,20,14,6,34
Afghanistan,2005,24 405,23,30,4,41,15,21,21,15,7,35
Afghanistan,2006,25 424,23,33,4,39,16,22,22,16,8,36
Afghanistan,2007,25 910,23,35,4,38,17,24,23,17,9,38
Afghanistan,2008,26 483,23,37,4,36,18,25,25,18,10,39
Afghanistan,2009,27 466,24,39,4,35,18,27,26,18,11,40
Afghanistan,2010,28 284,24,42,4,33,19,28,27,19,12,41
Afghanistan,2011,29 348,24,44,4,32,20,29,28,20,13,43
Afghanistan,2012,30 560,24,46,5,30,21,31,29,21,14,44
Afghanistan,2013,31 623,24,48,5,29,22,32,31,22,15,45
Afghanistan,2014,32 793,25,51,5,27,23,34,32,23,16,46
Afghanistan,2015,33 832,25,53,5,26,23,36,33,23,17,48
Afghanistan,2016,34 701,25,55,5,24,24,37,34,24,18,49
Afghanistan,2017,35 689,25,58,5,23,25,39,35,25,20,50
Afghanistan,2018,36 743,25,60,5,21,26,41,37,26,21,51
Afghanistan,2019,37 856,26,63,5,20,27,42,38,27,22,52
Afghanistan,2020,39 069,26,65,5,18,28,44,39,28,23,54
Afghanistan,2021,40 000,26,67,5,17,28,46,40,28,24,55
Afghanistan,2022,40 579,27,70,4,15,29,48,41,29,25,56
Afghanistan,2023,41 455,27,72,4,14,30,49,42,30,26,57
Afghanistan,2024,42 647,27,75,4,12,31,51,43,31,27,58
Albania,2000,3 166,42,80,14,4,49,72,49,94,78,18
Albania,2001,3 148,42,81,13,4,49,73,49,94,79,18
Albania,2002,3 134,44,82,13,4,49,73,49,94,79,18
Albania,2003,3 118,45,82,12,4,49,74,49,94,79,17
Albania,2004,3 099,46,83,12,4,51,74,51,94,80,17
Albania,2005,3 076,47,84,11,4,53,75,53,94,80,17
Albania,2006,3 051,48,84,11,4,54,75,54,95,80,17
Albania,2007,3 023,49,85,10,4,56,76,56,95,80,16
Albania,2008,2 993,50,86,9,4,58,76,58,95,81,16
Albania,2009,2 961,51,87,9,4,60,77,60,95,81,16
Albania,2010,2 929,52,87,8,4,62,77,62,95,81,16
Albania,2011,2 912,53,88,8,4,64,78,64,95,81,16
Albania,2012,2 910,54,89,7,4,66,78,66,95,81,16
Albania,2013,2 908,55,89,6,4,68,78,68,96,81,16
Albania,2014,2 904,56,90,6,4,71,79,71,96,81,16
Albania,2015,2 899,57,91,5,4,71,79,71,96,81,16
Albania,2016,2 898,58,91,5,4,71,79,71,96,81,16
Albania,2017,2 898,59,92,4,4,71,80,71,96,81,16
Albania,2018,2 894,60,93,3,4,71,80,71,96,81,16
Albania,2019,2 885,61,93,3,4,71,80,71,96,81,16
Albania,2020,2 872,62,94,2,4,71,81,71,96,81,16
Albania,2021,2 850,63,94,2,4,71,81,71,96,81,16
Albania,2022,2 828,64,94,2,4,71,81,71,97,81,16
Albania,2023,2 812,65,94,2,4,71,81,71,97,81,16
Albania,2024,2 792,65,94,2,4,71,81,71,97,81,16
Algeria,2000,30 904,60,82,8,4,69,69,86,79,82,13
Algeria,2001,31 331,61,82,8,4,70,70,86,79,82,13
Algeria,2002,31 751,62,82,8,4,70,70,86,80,81,13
Algeria,2003,32 176,62,82,8,4,71,71,86,80,81,14
Algeria,2004,32 628,63,82,8,4,71,71,86,80,81,14
Algeria,2005,33 109,64,83,8,4,72,72,87,80,81,14
Algeria,2006,33 624,65,83,8,4,72,72,87,80,80,15
Algeria,2007,34 189,65,83,8,4,73,73,87,81,80,15
Algeria,2008,34 817,66,83,8,4,73,73,87,81,80,16
Algeria,2009,35 490,67,83,8,3,73,73,87,81,80,16
Algeria,2010,36 188,68,83,8,3,74,74,87,81,79,16
Algeria,2011,36 903,68,83,8,3,74,74,86,81,79,17
Algeria,2012,37 646,69,84,8,3,74,74,84,82,79,17
Algeria,2013,38 414,70,84,8,3,75,75,83,82,79,18
Algeria,2014,39 205,70,84,8,3,75,75,81,82,78,18
Algeria,2015,40 020,71,84,8,3,75,75,79,82,78,18
Algeria,2016,40 851,71,84,8,3,75,76,77,82,78,19
Algeria,2017,41 689,72,84,8,3,74,76,76,82,77,19
Algeria,2018,42 505,73,84,8,2,73,76,74,83,77,20
Algeria,2019,43 295,73,85,8,2,72,76,72,83,77,20
Algeria,2020,44 042,74,85,8,2,71,77,71,83,76,21
Algeria,2021,44 761,74,85,8,2,69,77,69,83,76,21
Algeria,2022,45 477,75,85,8,2,69,77,69,83,76,21
Algeria,2023,46 164,75,85,8,2,69,77,69,83,76,21
Algeria,2024,46 814,76,85,8,2,69,77,69,83,76,21
American Samoa,2000,57,89,0,0,0,82,82,86,94,95,0
American Samoa,2001,57,88,0,0,0,83,83,86,94,95,0
American Samoa,2002,57,88,0,0,0,83,83,86,94,95,0
American Samoa,2003,57,88,0,0,0,84,84,87,95,95,0
American Samoa,2004,57,88,0,0,0,85,85,87,95,95,0
American Samoa,2005,57,88,0,0,0,85,85,87,95,95,0
American Samoa,2006,56,88,0,0,0,86,86,87,95,95,1
American Samoa,2007,56,88,0,0,0,87,87,88,96,95,2
American Samoa,2008,56,88,0,0,0,87,87,88,96,95,2
American Samoa,2009,56,88,0,0,0,88,88,88,96,95,2
American Samoa,2010,55,88,0,0,0,88,89,88,96,95,2
American Samoa,2011,55,88,0,0,0,88,90,88,96,95,3
American Samoa,2012,54,87,0,0,0,89,90,89,97,95,3
American Samoa,2013,54,87,0,0,0,89,91,89,97,95,3
American Samoa,2014,53,87,0,0,0,89,92,89,97,95,4
American Samoa,2015,53,87,0,0,0,89,92,89,97,95,4
American Samoa,2016,52,87,0,0,0,89,93,89,98,95,4
American Samoa,2017,52,87,0,0,0,90,94,90,98,95,4
American Samoa,2018,51,87,0,0,0,90,94,90,98,95,5
American Samoa,2019,50,87,0,0,0,90,95,90,98,95,5
American Samoa,2020,50,87,0,0,0,90,96,90,99,95,5
American Samoa,2021,49,87,0,0,0,91,97,91,99,94,5
American Samoa,2022,48,87,0,0,0,91,97,91,99,94,6
American Samoa,2023,48,87,0,0,0,91,97,91,99,94,6
American Samoa,2024,47,87,0,0,0,91,97,91,99,94,6
Andorra,2000,66,92,100,0,0,91,100,100,91,100,0
Andorra,2001,66,92,100,0,0,91,100,100,91,100,0
Andorra,2002,67,92,100,0,0,91,100,100,91,100,0
Andorra,2003,69,91,100,0,0,91,100,100,91,100,0
Andorra,2004,74,91,100,0,0,91,100,100,91,100,0
Andorra,2005,77,90,100,0,0,91,100,100,91,100,0
Andorra,2006,80,90,100,0,0,91,100,100,91,100,0
Andorra,2007,82,89,100,0,0,91,100,100,91,100,0
Andorra,2008,83,89,100,0,0,91,100,100,91,100,0
Andorra,2009,84,89,100,0,0,91,100,100,91,100,0
Andorra,2010,81,89,100,0,0,91,100,100,91,100,0
Andorra,2011,78,89,100,0,0,91,100,100,91,100,0
Andorra,2012,77,89,100,0,0,91,100,100,91,100,0
Andorra,2013,75,89,100,0,0,91,100,100,91,100,0
Andorra,2014,74,88,100,0,0,91,100,100,91,100,0
Andorra,2015,72,88,100,0,0,91,100,100,91,100,0
Andorra,2016,72,88,100,0,0,91,100,100,91,100,0
Andorra,2017,74,88,100,0,0,91,100,100,91,100,0
Andorra,2018,75,88,100,0,0,91,100,100,91,100,0
Andorra,2019,76,88,100,0,0,91,100,100,91,100,0
Andorra,2020,77,88,100,0,0,91,100,100,91,100,0
Andorra,2021,78,88,100,0,0,91,100,100,91,100,0
Andorra,2022,80,88,100,0,0,91,100,100,91,100,0
Andorra,2023,81,88,100,0,0,91,100,100,91,100,0
Andorra,2024,82,88,100,0,0,91,100,100,91,100,0
Angola,2000,16 195,50,17,10,20,0,18,28,0,24,31
Angola,2001,16 747,51,17,10,20,0,18,28,0,25,31
Angola,2002,17 328,52,17,10,20,0,18,28,0,25,32
Angola,2003,17 944,54,18,10,20,0,19,29,0,26,32
Angola,2004,18 600,55,19,10,20,0,19,29,0,27,33
Angola,2005,19 291,56,19,10,20,0,20,30,0,28,33
Angola,2006,20 015,57,20,11,21,0,20,30,0,28,33
Angola,2007,20 779,58,21,11,21,0,20,31,0,29,34
Angola,2008,21 579,58,22,11,21,0,21,31,0,30,34
Angola,2009,22 415,59,23,11,21,0,21,32,0,31,34
Angola,2010,23 295,60,24,11,22,0,22,32,0,32,34
Angola,2011,24 218,61,25,11,22,0,22,33,0,33,35
Angola,2012,25 177,61,26,11,22,0,22,33,0,33,35
Angola,2013,26 166,62,27,11,22,0,23,34,0,34,35
Angola,2014,27 161,63,28,11,23,0,23,34,0,35,35
Angola,2015,28 158,63,29,12,23,0,23,34,0,36,35
Angola,2016,29 183,64,30,12,23,0,24,33,0,37,35
Angola,2017,30 235,65,31,12,23,0,24,33,0,38,35
Angola,2018,31 297,66,32,12,24,0,24,32,0,39,35
Angola,2019,32 376,66,33,12,24,0,25,32,0,40,35
Angola,2020,33 451,67,34,12,24,0,25,31,0,40,35
Angola,2021,34 532,67,35,12,24,0,25,30,0,41,35
Angola,2022,35 635,68,35,13,25,0,26,30,0,42,35
Angola,2023,36 750,69,36,13,25,0,26,29,0,43,35
Angola,2024,37 886,69,37,13,25,0,26,28,0,44,35
Anguilla,2000,11,100,0,0,0,0,87,88,0,56,40
Anguilla,2001,11,100,0,0,0,0,87,87,0,58,38
Anguilla,2002,12,100,0,0,0,0,87,87,0,60,36
Anguilla,2003,12,100,0,0,0,0,87,86,0,62,34
Anguilla,2004,12,100,0,0,0,0,87,85,0,64,32
Anguilla,2005,12,100,0,0,0,0,87,84,0,67,30
Anguilla,2006,12,100,0,0,0,0,87,84,0,69,28
Anguilla,2007,13,100,0,0,0,0,87,83,0,71,26
Anguilla,2008,13,100,0,0,0,0,87,82,0,73,24
Anguilla,2009,13,100,0,0,0,0,87,82,0,75,22
Anguilla,2010,13,100,0,0,0,0,87,81,0,77,20
Anguilla,2011,14,100,0,0,0,0,87,80,0,79,18
Anguilla,2012,13,100,0,0,0,0,87,80,0,81,16
Anguilla,2013,13,100,0,0,0,0,87,80,0,83,14
Anguilla,2014,14,100,0,0,0,0,87,80,0,83,14
Anguilla,2015,14,100,0,0,0,0,87,80,0,83,14
Anguilla,2016,14,100,0,0,0,0,87,80,0,83,14
Anguilla,2017,14,100,0,0,0,0,87,80,0,83,14
Antigua and Barbuda,2000,75,32,97,0,3,0,77,93,0,93,4
Antigua and Barbuda,2001,76,32,97,0,3,0,77,93,0,93,4
Antigua and Barbuda,2002,77,31,97,0,3,0,77,93,0,94,4
Antigua and Barbuda,2003,78,30,97,0,2,0,78,93,0,94,4
Antigua and Barbuda,2004,79,30,97,0,2,0,78,93,0,94,3
Antigua and Barbuda,2005,80,29,97,0,2,0,78,93,0,95,3
Antigua and Barbuda,2006,81,29,98,0,2,0,79,93,0,95,3
Antigua and Barbuda,2007,82,28,98,0,2,0,79,93,0,95,3
Antigua and Barbuda,2008,83,27,98,0,2,0,79,93,0,96,2
Antigua and Barbuda,2009,84,27,98,0,2,0,80,93,0,96,2
Antigua and Barbuda,2010,85,26,98,0,2,0,80,94,0,96,2
Antigua and Barbuda,2011,86,26,98,0,2,0,80,94,0,97,2
Antigua and Barbuda,2012,87,26,98,0,2,0,81,94,0,97,1
Antigua and Barbuda,2013,88,25,98,0,1,0,81,94,0,97,1
Antigua and Barbuda,2014,89,25,98,0,1,0,81,94,0,98,0
Antigua and Barbuda,2015,89,25,98,0,1,0,81,94,0,98,0
Antigua and Barbuda,2016,90,25,99,0,1,0,81,94,0,98,0
Antigua and Barbuda,2017,90,25,99,0,1,0,81,94,0,99,0
Antigua and Barbuda,2018,91,25,99,0,0,0,81,94,0,99,0
Antigua and Barbuda,2019,91,25,99,0,0,0,81,94,0,99,0
Antigua and Barbuda,2020,92,24,99,0,0,0,81,94,0,99,0
Antigua and Barbuda,2021,92,24,99,0,0,0,81,94,0,99,0
Antigua and Barbuda,2022,93,24,99,0,0,0,81,94,0,99,0
Antigua and Barbuda,2023,93,24,99,0,0,0,81,94,0,99,0
Antigua and Barbuda,2024,94,24,99,0,0,0,81,94,0,99,0
Argentina,2000,37 214,89,76,0,14,0,92,0,0,89,7
Argentina,2001,37 625,89,78,0,13,0,92,0,0,90,7
Argentina,2002,38 029,90,79,0,12,0,93,0,0,90,6
Argentina,2003,38 424,90,81,0,11,0,93,0,0,91,6
Argentina,2004,38 816,90,82,0,10,0,93,0,0,92,6
Argentina,2005,39 217,90,83,0,9,0,94,0,0,92,5
Argentina,2006,39 622,90,85,0,8,0,94,0,0,93,5
Argentina,2007,40 017,90,86,0,7,0,95,0,0,93,5
Argentina,2008,40 424,91,87,0,6,0,95,0,0,94,4
Argentina,2009,40 855,91,89,0,6,0,96,0,0,94,4
Argentina,2010,41 289,91,90,0,5,0,96,0,0,95,4
Argentina,2011,41 731,91,92,0,4,0,96,0,0,95,3
Argentina,2012,42 162,91,93,0,3,0,97,0,0,96,3
Argentina,2013,42 582,91,93,0,3,0,97,0,0,96,3
Argentina,2014,43 024,91,93,0,3,0,97,0,0,96,3
Argentina,2015,43 477,92,93,0,3,0,97,0,0,96,2
Argentina,2016,43 900,92,93,0,3,0,98,0,0,97,2
Argentina,2017,44 289,92,0,0,0,0,0,0,0,0,0
Argentina,2018,44 655,92,0,0,0,0,0,0,0,0,0
Argentina,2019,44 973,92,0,0,0,0,0,0,0,0,0
Argentina,2020,45 192,92,0,0,0,0,0,0,0,0,0
Argentina,2021,45 312,92,0,0,0,0,0,0,0,0,0
Argentina,2022,45 408,92,0,0,0,0,0,0,0,0,0
Argentina,2023,45 538,92,0,0,0,0,0,0,0,0,0
Argentina,2024,45 696,93,0,0,0,0,0,0,0,0,0
Armenia,2000,3 126,65,90,5,5,83,91,90,83,90,8
Armenia,2001,3 084,64,90,4,5,83,92,90,83,91,7
Armenia,2002,3 056,64,91,4,4,83,92,90,83,91,7
Armenia,2003,3 039,64,92,4,4,83,92,90,83,91,7
Armenia,2004,3 023,64,92,3,4,83,93,90,83,92,7
Armenia,2005,3 006,64,93,3,4,83,93,90,83,92,6
Armenia,2006,2 990,64,93,3,3,83,93,90,83,92,6
Armenia,2007,2 975,64,94,3,3,83,94,90,83,93,6
Armenia,2008,2 960,64,94,2,3,83,94,90,83,93,6
Armenia,2009,2 946,64,95,2,2,83,94,90,83,93,5
Armenia,2010,2 931,63,96,2,2,83,95,90,83,94,5
Armenia,2011,2 923,63,96,1,2,83,95,90,83,94,5
Armenia,2012,2 923,63,97,0,2,83,95,91,83,94,5
Armenia,2013,2 923,63,97,0,1,83,96,91,83,95,4
Armenia,2014,2 922,63,98,0,0,83,96,91,83,95,4
Armenia,2015,2 921,63,98,0,0,83,96,91,83,96,4
Armenia,2016,2 919,63,99,0,0,83,97,91,83,96,3
Armenia,2017,2 915,63,99,0,0,83,97,91,83,96,3
Armenia,2018,2 910,63,99,0,0,83,97,91,83,97,3
Armenia,2019,2 904,63,99,0,0,82,98,91,82,97,2
Armenia,2020,2 891,63,99,0,0,82,98,91,82,97,2
Armenia,2021,2 870,63,99,0,0,82,98,91,82,98,2
Armenia,2022,2 881,64,100,0,0,82,99,91,82,98,2
Armenia,2023,2 943,64,100,0,0,82,100,91,82,98,1
Armenia,2024,2 974,64,100,0,0,82,100,91,82,99,1
Aruba,2000,89,47,0,0,0,0,93,0,0,90,5
Aruba,2001,90,46,0,0,0,0,93,0,0,91,5
Aruba,2002,91,46,0,0,0,0,93,0,0,91,5
Aruba,2003,92,46,0,0,0,0,93,0,0,91,4
Aruba,2004,93,45,0,0,0,0,94,0,0,91,4
Aruba,2005,94,45,0,0,0,0,94,0,0,92,4
Aruba,2006,95,45,0,0,0,0,94,0,0,92,4
Aruba,2007,97,44,0,0,0,0,94,0,0,92,4
Aruba,2008,98,44,0,0,0,0,94,0,0,92,4
Aruba,2009,99,43,0,0,0,0,95,0,0,93,4
Aruba,2010,100,43,0,0,0,0,95,0,0,93,4
Aruba,2011,101,43,0,0,0,0,95,0,0,93,3
Aruba,2012,102,43,0,0,0,0,95,0,0,93,3
Aruba,2013,103,43,0,0,0,0,95,0,0,93,3
Aruba,2014,103,43,0,0,0,0,95,0,0,93,3
Aruba,2015,104,43,0,0,0,0,95,0,0,93,3
Aruba,2016,105,43,0,0,0,0,95,0,0,93,3
Australia,2000,19 132,84,100,0,0,0,97,90,0,93,7
Australia,2001,19 365,84,100,0,0,0,97,91,0,93,7
Australia,2002,19 595,84,100,0,0,0,97,91,0,93,7
Australia,2003,19 819,84,100,0,0,0,97,92,0,93,6
Australia,2004,20 047,84,100,0,0,0,97,92,0,94,6
Australia,2005,20 294,85,100,0,0,0,97,93,0,94,6
Australia,2006,20 591,85,100,0,0,0,98,93,0,94,5
Australia,2007,20 955,85,100,0,0,0,98,94,0,95,5
Australia,2008,21 371,85,100,0,0,0,98,94,0,95,5
Australia,2009,21 783,85,100,0,0,0,98,94,0,95,4
Australia,2010,22 142,85,100,0,0,0,99,95,0,96,4
Australia,2011,22 480,85,100,0,0,0,99,95,0,96,4
Australia,2012,22 853,85,100,0,0,0,100,96,0,96,4
Australia,2013,23 236,86,100,0,0,0,100,96,0,97,3
Australia,2014,23 596,86,100,0,0,0,100,96,0,97,3
Australia,2015,23 948,86,100,0,0,0,100,96,0,97,3
Australia,2016,24 330,86,100,0,0,0,100,96,0,97,3
Australia,2017,24 731,86,100,0,0,0,100,96,0,97,3
Australia,2018,25 120,86,100,0,0,0,100,96,0,97,3
Australia,2019,25 483,86,100,0,0,0,100,96,0,97,3
Australia,2020,25 744,86,100,0,0,0,100,96,0,0,0
Australia,2021,25 956,86,100,0,0,0,100,96,0,0,0
Australia,2022,26 201,86,100,0,0,0,100,96,0,0,0
Australia,2023,26 451,87,100,0,0,0,100,96,0,0,0
Australia,2024,26 713,87,100,0,0,0,100,96,0,0,0
Austria,2000,8 013,60,100,0,0,97,100,99,97,0,0
Austria,2001,8 042,60,100,0,0,97,100,99,97,0,0
Austria,2002,8 082,60,100,0,0,97,100,99,97,0,0
Austria,2003,8 123,59,100,0,0,97,100,99,97,0,0
Austria,2004,8 173,59,100,0,0,97,100,99,97,0,0
Austria,2005,8 229,59,100,0,0,98,100,99,98,0,0
Austria,2006,8 270,59,100,0,0,98,100,99,98,0,0
Austria,2007,8 297,58,100,0,0,98,100,99,98,0,0
Austria,2008,8 323,58,100,0,0,98,100,99,98,0,0
Austria,2009,8 345,58,100,0,0,98,100,99,98,0,0
Austria,2010,8 365,57,100,0,0,98,100,99,98,0,0
Austria,2011,8 393,57,100,0,0,99,100,99,99,0,0
Austria,2012,8 432,57,100,0,0,99,100,99,99,0,0
Austria,2013,8 481,57,100,0,0,99,100,99,99,0,0
Austria,2014,8 548,58,100,0,0,99,100,99,100,0,0
Austria,2015,8 644,58,100,0,0,99,100,99,100,0,0
Austria,2016,8 738,58,100,0,0,99,100,99,100,0,0
Austria,2017,8 799,58,100,0,0,99,100,99,100,0,0
Austria,2018,8 842,58,100,0,0,99,100,99,100,0,0
Austria,2019,8 881,59,100,0,0,99,100,99,100,0,0
Austria,2020,8 921,59,100,0,0,99,100,99,100,0,0
Austria,2021,8 967,59,100,0,0,99,100,99,100,0,0
Austria,2022,9 065,59,100,0,0,99,100,99,100,0,0
Austria,2023,9 130,60,100,0,0,99,100,99,100,0,0
Austria,2024,9 121,60,100,0,0,99,100,99,100,0,0
Azerbaijan,2000,8 175,51,57,10,15,49,62,65,49,55,28
Azerbaijan,2001,8 252,52,59,10,15,49,63,66,49,56,27
Azerbaijan,2002,8 326,52,60,9,14,50,64,66,50,58,26
Azerbaijan,2003,8 401,52,62,9,14,50,65,67,50,59,25
Azerbaijan,2004,8 490,52,63,9,14,50,66,67,50,61,24
Azerbaijan,2005,8 597,52,65,9,13,51,67,68,51,63,24
Azerbaijan,2006,8 711,53,66,9,13,51,68,69,51,64,23
Azerbaijan,2007,8 828,53,68,8,12,51,69,69,51,66,22
Azerbaijan,2008,8 943,53,69,8,12,52,70,70,52,67,21
Azerbaijan,2009,9 046,53,71,8,11,52,71,70,52,69,20
Azerbaijan,2010,9 147,53,72,8,11,52,72,71,52,70,19
Azerbaijan,2011,9 256,54,74,7,10,53,73,71,53,72,19
Azerbaijan,2012,9 376,54,75,7,10,53,74,72,53,73,18
Azerbaijan,2013,9 504,54,77,7,9,53,75,72,53,75,17
Azerbaijan,2014,9 631,54,78,6,9,54,76,73,54,76,16
Azerbaijan,2015,9 753,55,80,6,9,54,77,73,54,78,15
Azerbaijan,2016,9 868,55,81,6,8,55,78,74,55,79,14
Azerbaijan,2017,9 969,55,83,5,8,55,80,75,55,81,13
Azerbaijan,2018,10 040,56,85,5,7,55,81,75,55,82,13
Azerbaijan,2019,10 110,56,86,5,7,56,82,76,56,84,12
Azerbaijan,2020,10 182,56,88,4,6,56,83,76,56,86,11
Azerbaijan,2021,10 234,57,90,4,6,57,84,77,57,87,10
Azerbaijan,2022,10 295,57,91,3,5,57,85,77,57,88,9
Azerbaijan,2023,10 318,58,93,3,4,57,86,78,57,90,8
Azerbaijan,2024,10 337,58,95,2,3,58,87,78,58,91,7
Bahamas,2000,324,82,0,0,0,0,97,0,0,96,2
Bahamas,2001,328,82,0,0,0,0,97,0,0,96,2
Bahamas,2002,332,82,0,0,0,0,97,0,0,96,2
Bahamas,2003,336,82,0,0,0,0,97,0,0,96,2
Bahamas,2004,340,82,0,0,0,0,97,0,0,96,2
Bahamas,2005,344,82,0,0,0,0,97,0,0,96,2
Bahamas,2006,348,82,0,0,0,0,97,0,0,96,2
Bahamas,2007,353,82,0,0,0,0,97,0,0,96,2
Bahamas,2008,358,82,0,0,0,0,98,0,0,97,2
Bahamas,2009,363,82,0,0,0,0,98,0,0,97,2
Bahamas,2010,367,82,0,0,0,0,98,0,0,97,2
Bahamas,2011,372,82,0,0,0,0,98,0,0,97,2
Bahamas,2012,375,83,0,0,0,0,98,0,0,97,2
Bahamas,2013,379,83,0,0,0,0,98,0,0,97,2
Bahamas,2014,382,83,0,0,0,0,98,0,0,97,2
Bahamas,2015,385,83,0,0,0,0,98,0,0,97,2
Bahamas,2016,388,83,0,0,0,0,98,0,0,97,2
Bahamas,2017,390,83,0,0,0,0,98,0,0,97,2
Bahamas,2018,393,83,0,0,0,0,98,0,0,97,2
Bahamas,2019,395,83,0,0,0,0,98,0,0,97,2
Bahrain,2000,670,88,0,0,0,99,99,100,99,97,3
Bahrain,2001,700,88,0,0,0,99,99,100,99,97,2
Bahrain,2002,752,88,0,0,0,99,99,100,99,98,2
Bahrain,2003,811,88,0,0,0,99,99,100,99,98,2
Bahrain,2004,871,88,0,0,0,99,99,100,99,98,2
Bahrain,2005,933,88,0,0,0,99,99,100,99,98,2
Bahrain,2006,995,88,0,0,0,99,99,100,99,98,2
Bahrain,2007,1 057,88,0,0,0,99,99,100,99,98,2
Bahrain,2008,1 121,89,0,0,0,99,99,100,99,98,1
Bahrain,2009,1 184,89,0,0,0,99,99,100,100,99,1
Bahrain,2010,1 213,89,0,0,0,99,99,100,100,99,1
Bahrain,2011,1 207,89,0,0,0,99,99,100,100,99,1
Bahrain,2012,1 216,89,0,0,0,99,99,100,100,100,0
Bahrain,2013,1 257,89,0,0,0,99,99,100,100,100,0
Bahrain,2014,1 313,89,0,0,0,99,99,100,100,100,0
Bahrain,2015,1 370,89,0,0,0,99,99,100,100,100,0
Bahrain,2016,1 430,89,0,0,0,99,99,100,100,100,0
Bahrain,2017,1 482,89,0,0,0,99,99,100,100,100,0
Bahrain,2018,1 498,89,0,0,0,99,99,100,100,100,0
Bahrain,2019,1 486,89,0,0,0,99,99,100,100,100,0
Bahrain,2020,1 483,90,0,0,0,99,99,100,100,100,0
Bahrain,2021,1 502,90,0,0,0,99,99,100,100,100,0
Bahrain,2022,1 533,90,0,0,0,99,99,100,100,100,0
Bahrain,2023,1 570,90,0,0,0,99,99,100,100,100,0
Bahrain,2024,1 607,90,0,0,0,99,99,100,100,100,0
Bangladesh,2000,134 544,24,94,2,2,55,64,91,55,8,88
Bangladesh,2001,136 806,24,94,2,2,55,64,91,55,8,88
Bangladesh,2002,138 934,25,94,2,2,55,65,92,55,8,88
Bangladesh,2003,140 970,25,94,2,2,55,65,92,55,9,88
Bangladesh,2004,142 903,26,94,2,2,55,65,92,55,9,88
Bangladesh,2005,144 716,27,95,2,2,55,66,92,55,9,87
Bangladesh,2006,146 406,28,95,1,2,55,67,92,55,10,87
Bangladesh,2007,147 989,28,95,1,1,55,68,92,55,10,87
Bangladesh,2008,149 474,29,95,1,1,55,70,93,55,10,87
Bangladesh,2009,150 874,30,95,1,1,55,71,93,55,11,87
Bangladesh,2010,152 202,30,96,1,1,55,72,93,55,11,87
Bangladesh,2011,153 591,31,96,1,1,55,73,93,55,11,86
Bangladesh,2012,155 070,32,96,1,0,55,74,93,55,12,86
Bangladesh,2013,156 532,33,96,1,0,56,75,93,56,12,86
Bangladesh,2014,157 965,34,97,1,0,56,76,93,56,12,86
Bangladesh,2015,159 383,34,97,1,0,56,77,94,56,13,86
Bangladesh,2016,160 812,35,97,0,0,57,78,94,57,13,86
Bangladesh,2017,162 186,36,97,0,0,57,79,94,57,13,86
Bangladesh,2018,163 523,37,98,0,0,58,80,94,58,13,85
Bangladesh,2019,164 913,37,98,0,0,58,81,94,58,14,85
Bangladesh,2020,166 298,38,98,0,0,59,82,94,59,14,85
Bangladesh,2021,167 659,39,98,0,0,59,83,94,59,14,85
Bangladesh,2022,169 385,40,99,0,0,59,84,94,59,15,85
Bangladesh,2023,171 467,40,99,0,0,59,85,94,59,15,85
Bangladesh,2024,173 562,41,99,0,0,59,86,95,59,15,84
Barbados,2000,262,34,0,0,0,0,98,89,0,97,1
Barbados,2001,262,34,0,0,0,0,98,89,0,97,1
Barbados,2002,264,33,0,0,0,0,98,89,0,97,1
Barbados,2003,266,33,0,0,0,0,98,89,0,97,1
Barbados,2004,267,33,0,0,0,0,98,89,0,97,1
Barbados,2005,269,33,0,0,0,0,98,89,0,98,1
Barbados,2006,270,33,0,0,0,0,98,89,0,98,0
Barbados,2007,271,32,0,0,0,0,98,89,0,98,0
Barbados,2008,273,32,0,0,0,0,98,89,0,98,0
Barbados,2009,274,32,0,0,0,0,98,89,0,98,0
Barbados,2010,275,32,0,0,0,0,98,89,0,98,0
Barbados,2011,276,32,0,0,0,0,98,89,0,98,0
Barbados,2012,277,32,0,0,0,0,99,89,0,98,0
Barbados,2013,278,31,0,0,0,0,99,89,0,99,0
Barbados,2014,278,31,0,0,0,0,99,89,0,99,0
Barbados,2015,279,31,0,0,0,0,99,89,0,99,0
Barbados,2016,280,31,0,0,0,0,99,89,0,99,0
Barbados,2017,280,31,0,0,0,0,99,89,0,100,0
Barbados,2018,281,31,0,0,0,0,99,89,0,100,0
Barbados,2019,281,31,0,0,0,0,99,89,0,100,0
Barbados,2020,282,31,0,0,0,0,99,89,0,100,0
Barbados,2021,282,31,0,0,0,0,99,89,0,100,0
Barbados,2022,282,31,0,0,0,0,99,89,0,100,0
Barbados,2023,282,31,0,0,0,0,100,89,0,100,0
Barbados,2024,282,32,0,0,0,0,100,89,0,100,0
Belarus,2000,9 991,70,98,0,1,82,82,91,98,79,20
Belarus,2001,9 938,70,98,0,1,82,82,91,98,80,20
Belarus,2002,9 873,71,98,0,1,82,82,91,98,80,20
Belarus,2003,9 803,71,98,0,1,82,82,91,98,80,19
Belarus,2004,9 735,72,98,0,1,83,83,91,98,81,18
Belarus,2005,9 668,72,98,0,1,84,84,91,98,82,17
Belarus,2006,9 608,73,99,0,1,85,85,92,98,83,16
Belarus,2007,9 563,73,99,0,1,86,86,92,98,84,15
Belarus,2008,9 529,74,99,0,1,88,88,92,99,85,14
Belarus,2009,9 507,74,99,0,0,89,89,92,99,86,13
Belarus,2010,9 491,75,99,0,0,90,90,92,99,87,12
Belarus,2011,9 473,75,99,0,0,90,90,92,99,88,11
Belarus,2012,9 463,76,99,0,0,91,91,92,99,89,11
Belarus,2013,9 464,76,99,0,0,92,92,92,99,90,10
Belarus,2014,9 473,77,99,0,0,92,93,92,99,91,9
Belarus,2015,9 487,77,99,0,0,93,94,93,99,92,8
Belarus,2016,9 499,78,99,0,0,93,95,93,99,93,7
Belarus,2017,9 496,78,99,0,0,93,96,93,99,93,6
Belarus,2018,9 480,79,99,0,0,93,97,93,99,94,6
Belarus,2019,9 435,79,99,0,0,93,98,93,99,95,5
Belarus,2020,9 351,79,100,0,0,93,98,93,99,96,4
Belarus,2021,9 251,80,100,0,0,93,100,93,99,96,3
Belarus,2022,9 173,80,100,0,0,93,100,93,100,97,3
Belarus,2023,9 116,81,100,0,0,93,100,93,100,98,2
Belarus,2024,9 057,81,100,0,0,93,100,93,100,99,1
Belgium,2000,10 252,97,100,0,0,100,100,0,100,100,0
Belgium,2001,10 287,97,100,0,0,100,100,0,100,100,0
Belgium,2002,10 333,97,100,0,0,100,100,0,100,100,0
Belgium,2003,10 376,97,100,0,0,100,100,0,100,100,0
Belgium,2004,10 421,97,100,0,0,100,100,0,100,100,0
Belgium,2005,10 479,97,100,0,0,100,100,0,100,100,0
Belgium,2006,10 548,97,100,0,0,100,100,0,100,100,0
Belgium,2007,10 625,98,100,0,0,100,100,0,100,100,0
Belgium,2008,10 710,98,100,0,0,100,100,0,100,100,0
Belgium,2009,10 813,98,100,0,0,100,100,0,100,100,0
Belgium,2010,10 937,98,100,0,0,100,100,0,100,100,0
Belgium,2011,11 039,98,100,0,0,100,100,0,100,100,0
Belgium,2012,11 108,98,100,0,0,100,100,0,100,100,0
Belgium,2013,11 160,98,100,0,0,100,100,0,100,100,0
Belgium,2014,11 210,98,100,0,0,100,100,0,100,100,0
Belgium,2015,11 275,98,100,0,0,100,100,0,100,100,0
Belgium,2016,11 333,98,100,0,0,100,100,0,100,100,0
Belgium,2017,11 377,98,100,0,0,100,100,0,100,100,0
Belgium,2018,11 429,98,100,0,0,100,100,0,100,100,0
Belgium,2019,11 491,98,100,0,0,100,100,0,100,100,0
Belgium,2020,11 540,98,100,0,0,100,100,0,100,100,0
Belgium,2021,11 571,98,100,0,0,100,100,0,100,100,0
Belgium,2022,11 642,98,100,0,0,100,100,0,100,100,0
Belgium,2023,11 713,98,100,0,0,100,100,0,100,100,0
Belgium,2024,11 739,98,100,0,0,100,100,0,100,100,0
Belize,2000,241,45,87,1,6,0,87,0,0,64,26
Belize,2001,248,45,87,1,6,0,87,0,0,65,25
Belize,2002,256,45,87,1,7,0,87,0,0,67,24
Belize,2003,264,45,88,1,7,0,88,0,0,68,23
Belize,2004,272,45,88,1,7,0,88,0,0,69,22
Belize,2005,280,45,88,1,7,0,88,0,0,70,21
Belize,2006,288,45,88,1,7,0,88,0,0,72,20
Belize,2007,296,45,88,1,7,0,89,0,0,73,19
Belize,2008,304,45,88,1,8,0,89,0,0,74,18
Belize,2009,313,45,89,1,8,0,89,0,0,76,17
Belize,2010,320,45,89,1,8,0,89,0,0,77,16
Belize,2011,327,45,89,1,8,0,90,0,0,78,15
Belize,2012,334,45,89,1,8,0,90,0,0,79,14
Belize,2013,342,45,89,1,8,0,91,0,0,81,13
Belize,2014,349,45,90,1,9,0,91,0,0,82,12
Belize,2015,356,45,90,1,9,0,91,0,0,83,11
Belize,2016,365,45,90,1,9,0,92,0,0,84,10
Belize,2017,373,46,90,1,8,0,92,0,0,86,9
Belize,2018,380,46,90,1,8,0,93,0,0,87,8
Belize,2019,386,46,91,1,8,0,93,0,0,87,8
Belize,2020,391,46,91,1,8,0,93,0,0,87,8
Belize,2021,395,46,91,1,8,0,93,0,0,87,9
Belize,2022,403,46,91,1,8,0,93,0,0,87,9
Belize,2023,411,47,91,1,7,0,93,0,0,0,0
Belize,2024,417,47,91,1,7,0,94,0,0,0,0
Benin,2000,7 222,38,52,10,23,14,38,32,14,43,26
Benin,2001,7 446,39,52,10,23,14,38,32,14,42,27
Benin,2002,7 675,39,53,10,23,14,37,33,14,42,27
Benin,2003,7 913,40,53,10,23,15,37,33,15,42,28
Benin,2004,8 159,40,53,10,23,15,37,34,15,42,29
Benin,2005,8 426,41,54,10,23,15,36,35,15,41,29
Benin,2006,8 693,41,54,10,23,15,36,36,15,41,30
Benin,2007,8 954,42,55,10,23,15,35,37,15,41,30
Benin,2008,9 228,42,55,10,23,15,35,38,15,41,31
Benin,2009,9 509,43,56,10,23,15,35,40,15,41,32
Benin,2010,9 797,43,56,10,23,16,34,41,16,40,32
Benin,2011,10 094,44,57,10,23,16,34,42,16,40,33
Benin,2012,10 398,44,57,10,23,16,33,43,16,40,33
Benin,2013,10 709,45,58,10,23,16,33,44,16,39,34
Benin,2014,11 030,45,58,10,23,16,32,45,16,39,35
Benin,2015,11 361,46,59,10,23,16,32,46,16,39,35
Benin,2016,11 698,46,59,10,23,16,31,47,16,39,36
Benin,2017,12 040,47,60,10,23,17,31,49,17,38,37
Benin,2018,12 383,47,60,10,23,17,30,50,17,38,37
Benin,2019,12 727,48,61,10,23,17,30,51,17,38,38
Benin,2020,13 070,48,61,10,23,17,29,52,17,37,38
Benin,2021,13 413,49,62,10,23,17,28,53,17,37,39
Benin,2022,13 760,50,62,10,23,17,28,54,17,37,40
Benin,2023,14 111,50,63,9,23,18,27,55,18,36,40
Benin,2024,14 463,51,63,9,23,18,26,57,18,36,41
Bermuda,2000,62,100,0,0,0,0,0,0,0,0,0
Bermuda,2001,62,100,0,0,0,0,0,0,0,0,0
Bermuda,2002,62,100,0,0,0,0,0,0,0,0,0
Bermuda,2003,62,100,0,0,0,0,0,0,0,0,0
Bermuda,2004,63,100,0,0,0,0,0,0,0,0,0
Bermuda,2005,63,100,0,0,0,0,0,0,0,0,0
Bermuda,2006,63,100,0,0,0,0,0,0,0,0,0
Bermuda,2007,63,100,0,0,0,0,0,0,0,0,0
Bermuda,2008,63,100,0,0,0,0,0,0,0,0,0
Bermuda,2009,64,100,0,0,0,0,0,0,0,0,0
Bermuda,2010,64,100,0,0,0,0,0,0,0,0,0
Bermuda,2011,64,100,0,0,0,0,0,0,0,0,0
Bermuda,2012,64,100,0,0,0,0,0,0,0,0,0
Bermuda,2013,64,100,0,0,0,0,0,0,0,0,0
Bermuda,2014,64,100,0,0,0,0,0,0,0,0,0
Bermuda,2015,63,100,0,0,0,0,0,0,0,0,0
Bermuda,2016,63,100,0,0,0,0,0,0,0,0,0
Bermuda,2017,64,100,0,0,0,0,0,0,0,0,0
Bermuda,2018,64,100,0,0,0,0,0,0,0,0,0
Bermuda,2019,64,100,0,0,0,0,0,0,0,0,0
Bermuda,2020,64,100,0,0,0,0,0,0,0,0,0
Bermuda,2021,65,100,0,0,0,0,0,0,0,0,0
Bermuda,2022,65,100,0,0,0,0,0,0,0,0,0
Bermuda,2023,65,100,0,0,0,0,0,0,0,0,0
Bermuda,2024,65,100,0,0,0,0,0,0,0,0,0
Bhutan,2000,597,25,80,2,7,28,73,84,28,84,1
Bhutan,2001,611,26,81,2,6,29,73,85,29,85,2
Bhutan,2002,624,28,82,2,6,29,74,86,29,86,2
Bhutan,2003,638,29,83,2,5,30,75,87,30,87,2
Bhutan,2004,651,30,84,2,5,30,75,88,30,87,2
Bhutan,2005,662,31,85,2,5,30,76,89,30,88,2
Bhutan,2006,671,32,86,2,4,31,77,90,31,89,2
Bhutan,2007,679,32,87,2,4,31,77,90,31,90,2
Bhutan,2008,686,33,88,2,4,31,78,91,31,91,2
Bhutan,2009,694,34,89,2,3,32,79,92,32,92,2
Bhutan,2010,702,35,90,1,3,32,79,92,32,92,2
Bhutan,2011,709,36,91,1,2,35,80,93,35,93,2
Bhutan,2012,717,36,92,1,2,38,81,94,38,94,2
Bhutan,2013,725,37,93,1,2,40,82,95,40,95,2
Bhutan,2014,733,38,94,1,1,44,82,95,44,95,1
Bhutan,2015,741,39,95,1,0,47,83,96,47,96,1
Bhutan,2016,748,39,96,1,0,51,84,93,51,97,1
Bhutan,2017,754,40,97,1,0,54,84,91,54,98,1
Bhutan,2018,760,41,98,1,0,57,85,88,57,98,1
Bhutan,2019,765,42,99,1,0,61,86,85,61,99,0
Bhutan,2020,770,42,100,0,0,64,86,81,64,100,0
Bhutan,2021,775,43,100,0,0,67,86,78,67,100,0
Bhutan,2022,781,44,100,0,0,68,87,75,70,100,0
Bhutan,2023,786,44,100,0,0,67,87,71,73,100,0
Bhutan,2024,792,45,100,0,0,66,87,68,75,100,0
Bolivia (Plurinational State of),2000,8 606,62,58,0,9,0,74,0,0,76,6
Bolivia (Plurinational State of),2001,8 753,62,59,0,9,0,74,0,0,75,7
Bolivia (Plurinational State of),2002,8 900,63,60,0,9,0,75,0,0,75,8
Bolivia (Plurinational State of),2003,9 051,63,61,0,9,0,75,0,0,75,9
Bolivia (Plurinational State of),2004,9 204,64,62,0,9,0,76,0,0,74,10
Bolivia (Plurinational State of),2005,9 361,64,62,0,8,0,77,0,0,74,11
Bolivia (Plurinational State of),2006,9 522,65,63,0,8,0,77,0,0,73,12
Bolivia (Plurinational State of),2007,9 686,65,64,0,8,0,78,0,0,73,13
Bolivia (Plurinational State of),2008,9 851,66,65,0,8,0,78,0,0,72,14
Bolivia (Plurinational State of),2009,10 016,66,66,0,8,0,79,0,0,72,15
Bolivia (Plurinational State of),2010,10 182,66,67,0,8,0,80,0,0,72,16
Bolivia (Plurinational State of),2011,10 349,67,68,0,7,0,80,0,0,71,16
Bolivia (Plurinational State of),2012,10 516,67,68,0,7,0,81,0,0,71,17
Bolivia (Plurinational State of),2013,10 683,68,69,0,7,0,81,0,0,70,18
Bolivia (Plurinational State of),2014,10 849,68,70,0,7,0,82,0,0,70,19
Bolivia (Plurinational State of),2015,11 015,68,71,0,7,0,82,0,0,70,20
Bolivia (Plurinational State of),2016,11 180,69,72,0,7,0,83,0,0,69,21
Bolivia (Plurinational State of),2017,11 345,69,73,0,7,0,83,0,0,69,22
Bolivia (Plurinational State of),2018,11 508,69,74,0,6,0,84,0,0,68,23
Bolivia (Plurinational State of),2019,11 671,70,75,0,6,0,84,0,0,68,23
Bolivia (Plurinational State of),2020,11 816,70,75,0,6,0,85,0,0,68,24
Bolivia (Plurinational State of),2021,11 937,70,76,0,6,0,85,0,0,67,25
Bolivia (Plurinational State of),2022,12 077,71,77,0,6,0,85,0,0,67,26
Bolivia (Plurinational State of),2023,12 244,71,78,0,6,0,86,0,0,67,27
Bolivia (Plurinational State of),2024,12 413,72,79,0,5,0,86,0,0,66,27
"Bonaire, Sint Eustasius and Saba",2000,14,75,0,0,0,84,84,0,99,68,30
"Bonaire, Sint Eustasius and Saba",2001,15,75,0,0,0,84,84,0,99,70,29
"Bonaire, Sint Eustasius and Saba",2002,15,75,0,0,0,85,85,0,99,71,27
"Bonaire, Sint Eustasius and Saba",2003,16,75,0,0,0,86,86,0,99,73,26
"Bonaire, Sint Eustasius and Saba",2004,16,75,0,0,0,87,87,0,99,74,24
"Bonaire, Sint Eustasius and Saba",2005,17,75,0,0,0,87,87,0,99,76,23
"Bonaire, Sint Eustasius and Saba",2006,18,75,0,0,0,88,88,0,100,77,22
"Bonaire, Sint Eustasius and Saba",2007,18,75,0,0,0,89,89,0,100,79,20
"Bonaire, Sint Eustasius and Saba",2008,19,75,0,0,0,90,90,0,100,80,19
"Bonaire, Sint Eustasius and Saba",2009,20,75,0,0,0,91,91,0,100,82,17
"Bonaire, Sint Eustasius and Saba",2010,21,75,0,0,0,91,91,0,100,83,16
"Bonaire, Sint Eustasius and Saba",2011,22,75,0,0,0,92,92,0,100,85,14
"Bonaire, Sint Eustasius and Saba",2012,23,75,0,0,0,93,93,0,100,86,13
"Bonaire, Sint Eustasius and Saba",2013,24,75,0,0,0,94,94,0,100,88,11
"Bonaire, Sint Eustasius and Saba",2014,24,75,0,0,0,94,94,0,100,89,10
"Bonaire, Sint Eustasius and Saba",2015,25,75,0,0,0,95,95,0,100,91,9
"Bonaire, Sint Eustasius and Saba",2016,25,75,0,0,0,96,96,0,100,92,7
"Bonaire, Sint Eustasius and Saba",2017,25,75,0,0,0,97,97,0,100,94,6
"Bonaire, Sint Eustasius and Saba",2018,25,75,0,0,0,98,98,0,100,95,4
"Bonaire, Sint Eustasius and Saba",2019,26,75,0,0,0,98,98,0,100,97,3
"Bonaire, Sint Eustasius and Saba",2020,26,75,0,0,0,100,100,0,100,98,1
"Bonaire, Sint Eustasius and Saba",2021,27,75,0,0,0,100,100,0,100,100,0
"Bonaire, Sint Eustasius and Saba",2022,29,75,0,0,0,100,100,0,100,100,0
"Bonaire, Sint Eustasius and Saba",2023,30,75,0,0,0,100,100,0,100,100,0
"Bonaire, Sint Eustasius and Saba",2024,31,75,0,0,0,100,100,0,100,100,0
Bosnia and Herzegovina,2000,4 160,42,96,1,2,87,92,87,97,85,14
Bosnia and Herzegovina,2001,4 179,43,97,1,2,88,92,88,97,86,13
Bosnia and Herzegovina,2002,4 188,43,97,2,2,88,92,88,97,86,12
Bosnia and Herzegovina,2003,4 179,43,97,2,1,88,92,88,97,87,12
Bosnia and Herzegovina,2004,4 141,44,97,2,1,88,92,88,96,88,11
Bosnia and Herzegovina,2005,4 096,44,97,2,1,88,91,88,96,89,10
Bosnia and Herzegovina,2006,4 063,44,97,2,1,88,91,88,95,89,10
Bosnia and Herzegovina,2007,4 013,45,97,2,1,88,91,88,95,90,9
Bosnia and Herzegovina,2008,3 948,45,97,2,0,88,91,88,94,91,8
Bosnia and Herzegovina,2009,3 880,45,97,2,0,88,91,88,94,92,8
Bosnia and Herzegovina,2010,3 811,46,97,2,0,88,91,88,94,92,7
Bosnia and Herzegovina,2011,3 742,46,97,2,0,88,91,88,93,93,6
Bosnia and Herzegovina,2012,3 670,46,97,2,0,89,91,89,93,94,6
Bosnia and Herzegovina,2013,3 611,47,97,3,0,89,91,89,92,94,5
Bosnia and Herzegovina,2014,3 565,47,97,3,0,89,91,89,91,95,5
Bosnia and Herzegovina,2015,3 519,47,97,3,0,89,91,89,91,96,4
Bosnia and Herzegovina,2016,3 473,48,97,3,0,89,91,89,90,97,3
Bosnia and Herzegovina,2017,3 429,48,97,3,0,89,91,89,90,97,3
Bosnia and Herzegovina,2018,3 387,48,97,3,0,89,91,89,89,97,3
Bosnia and Herzegovina,2019,3 346,49,97,3,0,89,91,89,89,97,3
Bosnia and Herzegovina,2020,3 299,49,97,3,0,88,91,89,88,97,3
Bosnia and Herzegovina,2021,3 245,49,97,3,0,88,91,89,88,97,3
Bosnia and Herzegovina,2022,3 205,50,97,3,0,87,91,89,87,0,0
Bosnia and Herzegovina,2023,3 185,50,97,3,0,86,91,89,86,0,0
Bosnia and Herzegovina,2024,3 164,51,97,3,0,86,91,89,86,0,0
Botswana,2000,1 677,53,54,38,2,59,59,76,72,90,6
Botswana,2001,1 712,54,54,38,2,60,60,76,72,90,6
Botswana,2002,1 745,55,54,38,2,60,60,76,72,90,6
Botswana,2003,1 776,55,54,38,2,60,60,75,72,90,6
Botswana,2004,1 807,55,54,38,3,60,60,74,72,90,6
Botswana,2005,1 840,56,54,38,3,60,60,74,72,89,7
Botswana,2006,1 875,56,56,36,3,62,62,73,72,89,7
Botswana,2007,1 911,58,57,35,3,64,64,73,72,89,7
Botswana,2008,1 950,59,59,33,3,65,65,72,72,89,7
Botswana,2009,1 991,61,61,31,3,67,67,72,72,89,7
Botswana,2010,2 033,62,63,30,4,69,69,71,72,89,7
Botswana,2011,2 074,64,64,28,4,71,71,71,72,89,7
Botswana,2012,2 109,65,66,26,4,70,72,70,72,89,7
Botswana,2013,2 141,66,68,25,4,70,73,70,72,89,7
Botswana,2014,2 172,66,69,23,4,69,75,69,72,89,7
Botswana,2015,2 203,67,71,22,4,69,76,69,72,89,7
Botswana,2016,2 235,68,73,20,5,68,77,68,72,89,8
Botswana,2017,2 267,69,74,18,5,68,79,68,72,89,8
Botswana,2018,2 299,69,76,17,5,67,80,67,72,88,8
Botswana,2019,2 332,70,78,15,5,66,81,66,72,88,8
Botswana,2020,2 366,71,78,15,5,66,82,66,72,88,8
Botswana,2021,2 401,72,78,15,5,65,82,65,72,88,8
Botswana,2022,2 440,72,78,15,6,65,82,65,72,88,8
Botswana,2023,2 480,73,78,15,6,64,82,64,72,88,8
Botswana,2024,2 521,73,78,15,6,63,82,63,72,88,8
Brazil,2000,174 018,81,74,2,21,76,85,82,77,87,8
Brazil,2001,176 301,82,75,2,20,76,86,83,77,87,7
Brazil,2002,178 503,82,76,2,18,77,86,83,77,88,7
Brazil,2003,180 623,82,77,2,17,77,87,83,78,89,6
Brazil,2004,182 675,83,78,2,16,78,88,83,78,89,6
Brazil,2005,184 688,83,78,3,14,78,89,84,78,90,6
Brazil,2006,186 653,83,79,3,13,78,90,84,78,91,5
Brazil,2007,188 552,83,80,3,11,79,90,84,79,91,5
Brazil,2008,190 367,84,81,3,10,79,91,84,79,92,5
Brazil,2009,192 080,84,82,3,8,79,92,85,79,92,4
Brazil,2010,193 702,84,83,3,7,79,93,85,79,93,4
Brazil,2011,195 285,85,84,3,5,79,93,85,79,94,4
Brazil,2012,196 876,85,85,3,4,80,94,85,80,94,3
Brazil,2013,198 478,85,86,3,3,80,95,86,80,95,3
Brazil,2014,200 085,85,87,3,2,81,96,86,81,95,3
Brazil,2015,201 676,86,88,3,0,82,96,87,82,96,2
Brazil,2016,203 218,86,89,3,0,83,97,89,83,96,2
Brazil,2017,204 703,86,90,3,7,84,98,90,84,97,2
Brazil,2018,206 107,87,91,3,6,84,98,91,84,97,2
Brazil,2019,207 455,87,92,3,5,85,99,92,85,98,1
Brazil,2020,208 661,87,94,2,4,86,100,94,86,98,1
Brazil,2021,209 550,87,97,0,3,86,100,95,86,98,0
Brazil,2022,210 306,88,98,0,2,87,100,96,87,99,0
Brazil,2023,211 141,88,100,0,0,88,100,98,88,100,0
Brazil,2024,211 999,88,100,0,0,89,100,99,89,100,0
British Virgin Islands,2000,20,42,0,0,0,0,93,0,0,91,4
British Virgin Islands,2001,21,42,0,0,0,0,94,0,0,92,4
British Virgin Islands,2002,21,42,0,0,0,0,94,0,0,92,4
British Virgin Islands,2003,22,43,0,0,0,0,94,0,0,92,4
British Virgin Islands,2004,23,43,0,0,0,0,95,0,0,93,4
British Virgin Islands,2005,24,43,0,0,0,0,95,0,0,93,4
British Virgin Islands,2006,24,44,0,0,0,0,96,0,0,94,4
British Virgin Islands,2007,25,44,0,0,0,0,96,0,0,94,4
British Virgin Islands,2008,26,44,0,0,0,0,96,0,0,94,4
British Virgin Islands,2009,27,44,0,0,0,0,97,0,0,95,4
British Virgin Islands,2010,28,45,0,0,0,0,97,0,0,95,4
British Virgin Islands,2011,29,45,0,0,0,0,98,0,0,96,4
British Virgin Islands,2012,30,46,0,0,0,0,98,0,0,96,4
British Virgin Islands,2013,32,46,0,0,0,0,98,0,0,96,4
British Virgin Islands,2014,33,46,0,0,0,0,98,0,0,96,4
British Virgin Islands,2015,34,47,0,0,0,0,98,0,0,96,4
British Virgin Islands,2016,34,47,0,0,0,0,98,0,0,96,4
British Virgin Islands,2017,33,47,0,0,0,0,98,0,0,0,0
British Virgin Islands,2018,35,48,0,0,0,0,98,0,0,0,0
British Virgin Islands,2019,36,48,0,0,0,0,98,0,0,0,0
British Virgin Islands,2020,37,49,0,0,0,0,98,0,0,0,0
British Virgin Islands,2021,38,49,0,0,0,0,98,0,0,0,0
British Virgin Islands,2022,38,49,0,0,0,0,98,0,0,0,0
British Virgin Islands,2023,39,50,0,0,0,0,98,0,0,0,0
British Virgin Islands,2024,39,50,0,0,0,0,98,0,0,0,0
Brunei Darussalam,2000,326,71,0,0,0,0,100,0,0,100,0
Brunei Darussalam,2001,333,72,0,0,0,0,100,0,0,100,0
Brunei Darussalam,2002,340,72,0,0,0,0,100,0,0,100,0
Brunei Darussalam,2003,347,72,0,0,0,0,100,0,0,100,0
Brunei Darussalam,2004,353,73,0,0,0,0,100,0,0,100,0
Brunei Darussalam,2005,359,73,0,0,0,0,100,0,0,100,0
Brunei Darussalam,2006,365,74,0,0,0,0,100,0,0,100,0
Brunei Darussalam,2007,371,74,0,0,0,0,100,0,0,100,0
Brunei Darussalam,2008,378,74,0,0,0,0,100,0,0,100,0
Brunei Darussalam,2009,385,75,0,0,0,0,100,0,0,100,0
Brunei Darussalam,2010,392,75,0,0,0,0,100,0,0,100,0
Brunei Darussalam,2011,399,75,0,0,0,0,100,0,0,100,0
Brunei Darussalam,2012,406,76,0,0,0,0,100,0,0,100,0
Brunei Darussalam,2013,411,76,0,0,0,0,100,0,0,100,0
Brunei Darussalam,2014,417,76,0,0,0,0,100,0,0,100,0
Brunei Darussalam,2015,422,77,0,0,0,0,100,0,0,100,0
Brunei Darussalam,2016,428,77,0,0,0,0,100,0,0,100,0
Brunei Darussalam,2017,433,77,0,0,0,0,100,0,0,100,0
Brunei Darussalam,2018,438,78,0,0,0,0,100,0,0,100,0
Brunei Darussalam,2019,443,78,0,0,0,0,100,0,0,100,0
Brunei Darussalam,2020,447,78,0,0,0,0,100,0,0,100,0
Brunei Darussalam,2021,452,79,0,0,0,0,100,0,0,100,0
Brunei Darussalam,2022,455,79,0,0,0,0,100,0,0,100,0
Brunei Darussalam,2023,459,79,0,0,0,0,100,0,0,100,0
Brunei Darussalam,2024,463,79,0,0,0,0,100,0,0,100,0
Bulgaria,2000,8 001,69,100,0,0,90,100,98,90,96,3
Bulgaria,2001,7 928,69,100,0,0,90,100,98,90,97,3
Bulgaria,2002,7 862,70,100,0,0,91,100,98,91,97,3
Bulgaria,2003,7 804,70,100,0,0,91,100,98,91,97,3
Bulgaria,2004,7 749,70,100,0,0,92,100,98,92,97,3
Bulgaria,2005,7 695,71,100,0,0,92,100,98,92,97,2
Bulgaria,2006,7 640,71,100,0,0,93,100,98,93,97,2
Bulgaria,2007,7 587,71,100,0,0,93,100,98,93,98,2
Bulgaria,2008,7 536,72,99,0,1,94,100,98,94,98,2
Bulgaria,2009,7 488,72,99,0,1,94,100,97,94,98,1
Bulgaria,2010,7 438,72,99,0,1,95,100,97,95,98,1
Bulgaria,2011,7 380,73,99,0,1,95,100,97,95,98,1
Bulgaria,2012,7 317,73,99,0,1,96,100,97,96,99,0
Bulgaria,2013,7 265,73,98,0,2,97,100,97,97,99,0
Bulgaria,2014,7 223,74,98,0,2,97,100,97,97,99,0
Bulgaria,2015,7 178,74,98,0,2,97,100,97,98,99,0
Bulgaria,2016,7 127,74,98,0,2,97,100,97,98,100,0
Bulgaria,2017,7 076,75,98,0,2,97,100,97,99,100,0
Bulgaria,2018,7 025,75,98,0,2,97,100,97,100,100,0
Bulgaria,2019,6 975,75,98,0,2,97,100,97,100,100,0
Bulgaria,2020,6 934,76,98,0,2,97,100,97,100,100,0
Bulgaria,2021,6 877,76,98,0,2,96,100,96,100,100,0
Bulgaria,2022,6 826,76,98,0,2,96,100,96,100,100,0
Bulgaria,2023,6 796,77,98,0,2,96,100,96,100,100,0
Bulgaria,2024,6 758,77,98,0,2,96,100,96,100,100,0
Burkina Faso,2000,11 926,18,51,11,31,0,5,32,0,19,48
Burkina Faso,2001,12 295,19,51,11,31,0,5,32,0,20,48
Burkina Faso,2002,12 681,19,50,12,30,0,5,33,0,20,48
Burkina Faso,2003,13 083,20,50,13,30,0,6,33,0,21,48
Burkina Faso,2004,13 501,21,49,15,30,0,7,34,0,22,47
Burkina Faso,2005,13 932,22,48,16,30,0,7,34,0,23,47
Burkina Faso,2006,14 374,22,48,17,30,0,8,35,0,23,47
Burkina Faso,2007,14 816,23,47,18,29,0,9,36,0,24,47
Burkina Faso,2008,15 258,24,46,19,29,0,9,38,0,25,47
Burkina Faso,2009,15 710,24,46,21,29,0,10,39,0,25,48
Burkina Faso,2010,16 176,25,45,22,29,0,11,41,0,26,48
Burkina Faso,2011,16 662,25,44,23,28,0,12,42,0,26,48
Burkina Faso,2012,17 172,26,44,25,28,0,12,44,0,27,48
Burkina Faso,2013,17 695,26,43,26,28,0,13,45,0,27,48
Burkina Faso,2014,18 229,27,42,27,28,0,14,47,0,28,48
Burkina Faso,2015,18 777,28,41,29,27,0,15,48,0,29,48
Burkina Faso,2016,19 335,28,40,30,27,0,16,50,0,29,48
Burkina Faso,2017,19 894,29,40,32,27,0,17,51,0,30,48
Burkina Faso,2018,20 438,29,39,33,27,0,18,53,0,30,48
Burkina Faso,2019,20 962,30,38,34,27,0,19,54,0,31,48
Burkina Faso,2020,21 479,31,37,36,26,0,20,56,0,31,48
Burkina Faso,2021,21 995,31,36,37,26,0,21,57,0,32,48
Burkina Faso,2022,22 509,32,35,39,26,0,22,59,0,32,48
Burkina Faso,2023,23 026,33,34,40,25,0,23,60,0,33,48
Burkina Faso,2024,23 549,33,34,41,25,0,23,62,0,34,48
Burundi,2000,6 470,8,47,20,17,0,4,39,0,14,55
Burundi,2001,6 634,8,48,20,17,0,5,39,0,16,54
Burundi,2002,6 824,9,48,20,16,0,5,40,0,17,54
Burundi,2003,7 043,9,49,21,16,0,5,40,0,18,53
Burundi,2004,7 311,9,50,21,16,0,5,41,0,19,53
Burundi,2005,7 587,9,50,21,16,0,6,41,0,21,52
Burundi,2006,7 866,10,51,21,16,0,6,41,0,22,52
Burundi,2007,8 162,10,52,21,16,0,6,42,0,23,51
Burundi,2008,8 506,10,52,21,16,0,7,42,0,24,51
Burundi,2009,8 948,10,53,21,15,0,7,43,0,25,51
Burundi,2010,9 376,11,54,21,15,0,7,43,0,27,50
Burundi,2011,9 718,11,54,21,15,0,7,44,0,28,50
Burundi,2012,10 071,11,55,21,15,0,8,44,0,29,49
Burundi,2013,10 439,11,56,22,15,0,8,44,0,30,49
Burundi,2014,10 800,12,56,22,15,0,9,44,0,32,48
Burundi,2015,11 048,12,57,22,15,0,9,45,0,33,48
Burundi,2016,11 239,12,58,22,15,0,9,45,0,34,47
Burundi,2017,11 507,13,58,22,14,0,10,45,0,36,47
Burundi,2018,11 859,13,59,22,14,0,10,45,0,37,46
Burundi,2019,12 255,13,60,22,14,0,10,46,0,38,46
Burundi,2020,12 617,14,60,22,13,0,11,46,0,38,46
Burundi,2021,12 965,14,61,22,13,0,11,47,0,38,47
Burundi,2022,13 321,14,61,23,12,0,11,47,0,39,48
Burundi,2023,13 689,15,61,23,12,0,11,47,0,39,47
Burundi,2024,14 048,15,61,23,16,0,12,47,0,0,0
Cabo Verde,2000,453,53,69,16,14,0,62,55,0,73,18
Cabo Verde,2001,460,54,69,16,13,0,63,55,0,74,17
Cabo Verde,2002,467,55,70,17,13,0,64,56,0,74,17
Cabo Verde,2003,473,56,70,17,13,0,65,57,0,75,16
Cabo Verde,2004,479,57,70,17,12,0,67,58,0,76,16
Cabo Verde,2005,485,58,70,17,12,0,68,59,0,76,16
Cabo Verde,2006,491,59,71,17,12,0,69,60,0,77,15
Cabo Verde,2007,496,59,71,17,12,0,71,61,0,78,15
Cabo Verde,2008,501,60,71,17,11,0,72,62,0,79,15
Cabo Verde,2009,506,61,72,17,11,0,73,63,0,79,14
Cabo Verde,2010,510,62,72,17,11,0,75,64,0,80,14
Cabo Verde,2011,511,62,72,17,10,0,76,65,0,81,14
Cabo Verde,2012,512,63,72,17,10,0,77,66,0,81,13
Cabo Verde,2013,512,63,73,17,10,0,78,67,0,82,13
Cabo Verde,2014,512,64,73,17,9,0,80,68,0,82,13
Cabo Verde,2015,512,64,73,17,9,0,81,69,0,83,12
Cabo Verde,2016,513,65,74,17,9,0,82,70,0,84,12
Cabo Verde,2017,513,65,76,16,8,0,84,71,0,84,12
Cabo Verde,2018,513,66,77,14,8,0,85,72,0,85,11
Cabo Verde,2019,514,66,79,13,8,0,86,73,0,86,11
Cabo Verde,2020,515,67,80,12,7,0,87,74,0,86,11
Cabo Verde,2021,517,67,82,11,7,0,89,75,0,87,11
Cabo Verde,2022,520,68,83,10,7,0,90,76,0,88,10
Cabo Verde,2023,522,68,85,9,7,0,91,77,0,88,10
Cabo Verde,2024,525,68,86,8,6,0,92,78,0,89,9
Cambodia,2000,12 462,19,46,0,26,17,40,48,17,8,44
Cambodia,2001,12 658,19,48,0,25,18,41,49,18,9,45
Cambodia,2002,12 855,19,49,0,24,18,42,51,18,9,47
Cambodia,2003,13 051,19,51,0,23,19,42,52,19,9,48
Cambodia,2004,13 245,19,52,0,22,19,43,54,19,10,49
Cambodia,2005,13 439,19,54,1,21,19,44,55,19,11,49
Cambodia,2006,13 639,19,55,1,20,20,45,57,20,13,50
Cambodia,2007,13 842,19,57,2,19,20,45,58,20,14,50
Cambodia,2008,14 053,20,58,2,18,21,46,60,21,15,51
Cambodia,2009,14 277,20,60,2,17,21,47,61,21,16,51
Cambodia,2010,14 501,20,61,3,16,22,47,63,22,17,52
Cambodia,2011,14 723,21,63,3,15,23,48,65,23,19,52
Cambodia,2012,14 945,21,64,4,14,23,48,66,23,20,52
Cambodia,2013,15 170,21,65,4,13,24,49,68,24,21,53
Cambodia,2014,15 397,22,67,5,12,24,50,69,24,23,53
Cambodia,2015,15 623,22,68,5,12,25,50,71,25,24,54
Cambodia,2016,15 853,23,69,6,11,25,51,72,25,25,54
Cambodia,2017,16 073,23,70,6,10,26,51,74,26,27,54
Cambodia,2018,16 275,23,72,7,9,27,52,75,27,28,55
Cambodia,2019,16 481,24,73,7,8,27,52,77,27,29,55
Cambodia,2020,16 725,24,74,8,7,28,52,78,28,30,55
Cambodia,2021,16 974,25,75,9,6,28,53,80,28,32,56
Cambodia,2022,17 202,25,77,9,5,29,53,81,29,33,56
Cambodia,2023,17 424,26,78,10,4,29,53,83,29,34,56
Cambodia,2024,17 639,26,79,11,3,30,54,84,30,36,56
Cameroon,2000,14 913,46,33,6,42,0,12,21,0,38,24
Cameroon,2001,15 309,46,34,7,41,0,12,21,0,38,25
Cameroon,2002,15 726,47,35,7,40,0,13,22,0,39,26
Cameroon,2003,16 160,47,37,7,39,0,13,22,0,39,27
Cameroon,2004,16 610,48,38,8,38,0,14,23,0,39,28
Cameroon,2005,17 075,49,39,8,37,0,15,23,0,39,29
Cameroon,2006,17 550,49,40,9,36,0,15,23,0,39,30
Cameroon,2007,18 050,50,41,9,35,0,16,24,0,40,31
Cameroon,2008,18 574,50,42,9,34,0,17,24,0,40,31
Cameroon,2009,19 114,51,43,10,33,0,18,24,0,40,32
Cameroon,2010,19 668,52,44,10,32,0,18,25,0,40,33
Cameroon,2011,20 232,52,44,11,31,0,19,25,0,40,34
Cameroon,2012,20 810,53,45,11,30,0,20,27,0,40,35
Cameroon,2013,21 402,53,46,12,29,0,21,29,0,40,36
Cameroon,2014,22 060,54,47,12,28,0,21,31,0,41,37
Cameroon,2015,22 763,55,48,13,27,0,22,33,0,41,38
Cameroon,2016,23 454,55,49,13,25,0,23,35,0,41,39
Cameroon,2017,24 129,56,50,14,24,0,24,37,0,41,40
Cameroon,2018,24 806,56,51,15,23,0,24,39,0,41,40
Cameroon,2019,25 506,57,52,15,22,0,25,41,0,41,41
Cameroon,2020,26 211,58,53,16,21,0,26,43,0,41,42
Cameroon,2021,26 916,58,53,16,20,0,27,45,0,41,43
Cameroon,2022,27 633,59,54,17,19,0,28,47,0,41,44
Cameroon,2023,28 373,59,55,17,18,0,29,49,0,41,45
Cameroon,2024,29 124,60,56,18,17,0,30,51,0,40,46
Canada,2000,30 892,79,98,0,2,100,100,0,100,100,0
Canada,2001,31 214,80,98,0,2,100,100,0,100,100,0
Canada,2002,31 536,80,98,0,2,100,100,0,100,100,0
Canada,2003,31 836,80,98,0,2,100,100,0,100,100,0
Canada,2004,32 133,80,98,0,2,100,100,0,100,100,0
Canada,2005,32 440,80,98,0,2,99,99,0,100,100,0
Canada,2006,32 759,80,98,0,2,99,99,0,100,100,0
Canada,2007,33 092,80,98,0,2,99,99,0,100,100,0
Canada,2008,33 449,81,98,0,2,99,99,0,100,100,0
Canada,2009,33 826,81,98,0,2,98,98,0,99,100,0
Canada,2010,34 197,81,98,0,2,98,98,0,99,100,0
Canada,2011,34 555,81,98,0,2,98,98,0,99,100,0
Canada,2012,34 923,81,98,0,2,98,98,0,99,100,0
Canada,2013,35 293,81,98,0,2,98,98,0,99,99,0
Canada,2014,35 634,81,98,0,2,98,98,0,99,99,0
Canada,2015,35 962,81,98,0,2,98,98,0,99,99,0
Canada,2016,36 353,81,98,0,2,98,98,0,99,99,0
Canada,2017,36 808,81,98,0,2,98,98,0,99,99,0
Canada,2018,37 295,81,98,0,2,97,97,0,98,99,0
Canada,2019,37 783,81,98,0,2,97,97,0,98,99,0
Canada,2020,38 172,82,98,0,2,97,97,0,98,98,0
Canada,2021,38 454,82,98,0,2,97,97,0,98,98,0
Canada,2022,38 821,82,98,0,2,97,97,0,98,98,0
Canada,2023,39 299,82,98,0,2,97,97,0,98,98,0
Canada,2024,39 742,82,98,0,2,97,97,0,98,98,0
Cayman Islands,2001,41,100,0,0,0,0,90,82,0,84,12
Cayman Islands,2002,43,100,0,0,0,0,90,82,0,84,12
Cayman Islands,2003,44,100,0,0,0,0,90,82,0,84,12
Cayman Islands,2004,45,100,0,0,0,0,90,82,0,84,12
Cayman Islands,2005,47,100,0,0,0,0,90,82,0,84,12
Cayman Islands,2006,48,100,0,0,0,0,90,82,0,85,11
Cayman Islands,2007,50,100,0,0,0,0,91,82,0,85,11
Cayman Islands,2008,51,100,0,0,0,0,91,82,0,86,10
Cayman Islands,2009,53,100,0,0,0,0,91,82,0,86,10
Cayman Islands,2010,54,100,0,0,0,0,91,82,0,86,10
Cayman Islands,2011,56,100,0,0,0,0,91,82,0,87,9
Cayman Islands,2012,57,100,0,0,0,0,92,82,0,87,9
Cayman Islands,2013,59,100,0,0,0,0,92,82,0,88,8
Cayman Islands,2014,60,100,0,0,0,0,92,82,0,88,8
Cayman Islands,2015,62,100,0,0,0,0,92,82,0,88,7
Cayman Islands,2016,63,100,0,0,0,0,92,82,0,89,7
Cayman Islands,2017,65,100,0,0,0,0,92,82,0,89,6
Cayman Islands,2018,66,100,0,0,0,0,93,82,0,90,6
Cayman Islands,2019,67,100,0,0,0,0,93,82,0,90,6
Cayman Islands,2020,69,100,0,0,0,0,93,82,0,90,5
Cayman Islands,2021,70,100,0,0,0,0,93,82,0,91,5
Cayman Islands,2022,72,100,0,0,0,0,93,82,0,91,4
Cayman Islands,2023,73,100,0,0,0,0,94,82,0,92,4
Cayman Islands,2024,74,100,0,0,0,0,94,82,0,92,4
Central African Republic,2000,3 833,38,44,10,36,9,9,39,31,22,46
Central African Republic,2001,3 919,38,44,11,36,8,8,39,31,21,46
Central African Republic,2002,4 006,38,43,11,37,8,8,39,31,21,46
Central African Republic,2003,4 103,38,42,12,37,8,8,39,31,20,46
Central African Republic,2004,4 193,38,41,12,38,8,8,39,31,20,46
Central African Republic,2005,4 289,38,40,13,38,8,8,39,31,20,46
Central African Republic,2006,4 378,38,39,13,39,8,8,39,30,19,46
Central African Republic,2007,4 463,38,38,14,39,8,8,39,30,19,47
Central African Republic,2008,4 559,39,38,14,40,7,7,39,30,18,47
Central African Republic,2009,4 529,39,37,15,40,7,7,39,30,18,47
Central African Republic,2010,4 493,39,36,15,41,7,7,39,30,18,47
Central African Republic,2011,4 565,39,35,16,42,7,7,39,30,17,47
Central African Republic,2012,4 611,39,34,16,42,7,7,39,30,17,47
Central African Republic,2013,4 642,40,33,16,43,7,7,39,30,17,48
Central African Republic,2014,4 623,40,33,17,43,7,7,38,30,16,48
Central African Republic,2015,4 629,40,32,17,44,7,7,38,30,16,48
Central African Republic,2016,4 714,41,31,18,44,7,7,38,30,15,48
Central African Republic,2017,4 794,41,30,18,45,6,6,38,29,15,48
Central African Republic,2018,4 879,41,30,19,45,6,6,38,29,15,48
Central African Republic,2019,4 945,42,29,19,46,6,6,38,29,14,49
Central African Republic,2020,5 027,42,28,19,46,6,6,38,29,14,49
Central African Republic,2021,5 112,43,27,20,47,6,6,37,29,14,49
Central African Republic,2022,5 098,43,27,20,47,6,6,37,29,14,49
Central African Republic,2023,5 152,44,27,20,47,6,6,37,29,14,49
Central African Republic,2024,5 331,44,27,20,47,6,6,37,29,14,49
Chad,2000,8 512,22,29,13,50,6,15,39,10,18,31
Chad,2001,8 804,22,29,13,49,6,15,40,10,18,32
Chad,2002,9 116,22,30,13,49,6,14,40,11,18,33
Chad,2003,9 488,22,31,13,48,6,14,41,11,18,34
Chad,2004,9 920,22,31,13,47,6,14,41,11,18,34
Chad,2005,10 328,22,32,13,46,6,14,42,11,17,35
Chad,2006,10 706,22,33,13,46,6,14,42,11,17,36
Chad,2007,11 082,22,33,13,45,6,13,43,11,17,37
Chad,2008,11 476,22,34,13,44,6,13,44,12,17,38
Chad,2009,11 894,22,35,13,43,6,13,44,12,17,38
Chad,2010,12 313,22,36,13,43,6,13,45,12,17,39
Chad,2011,12 755,22,36,13,42,6,12,45,12,17,40
Chad,2012,13 211,22,37,13,41,6,12,46,12,17,41
Chad,2013,13 691,22,38,13,41,6,12,46,12,17,42
Chad,2014,14 189,22,39,13,40,6,12,47,12,17,42
Chad,2015,14 648,23,39,13,39,6,11,48,13,17,43
Chad,2016,15 115,23,40,13,38,6,11,48,13,17,44
Chad,2017,15 623,23,41,13,38,6,11,49,13,17,45
Chad,2018,16 157,23,41,12,37,6,11,49,13,17,45
Chad,2019,16 685,23,42,12,36,6,10,50,13,17,46
Chad,2020,17 225,24,43,12,35,6,10,51,13,17,47
Chad,2021,17 828,24,44,12,35,6,10,51,14,17,48
Chad,2022,18 455,24,44,12,35,6,10,51,14,17,48
Chad,2023,19 319,24,44,12,35,6,10,51,14,17,48
Chad,2024,20 299,25,44,12,35,6,10,51,14,17,48
Chile,2000,15 504,86,78,0,4,91,91,96,96,95,2
Chile,2001,15 684,86,79,0,4,92,92,96,96,95,2
Chile,2002,15 858,87,80,0,4,92,92,96,96,95,1
Chile,2003,16 025,87,80,0,4,93,93,96,96,96,1
Chile,2004,16 187,87,81,0,4,93,93,96,96,96,0
Chile,2005,16 349,87,82,0,4,94,94,97,96,96,0
Chile,2006,16 509,87,82,0,4,94,94,97,96,96,0
Chile,2007,16 672,87,83,0,3,94,94,97,96,97,0
Chile,2008,16 839,87,83,0,3,95,95,97,96,97,0
Chile,2009,17 010,87,84,0,3,95,95,97,97,97,0
Chile,2010,17 181,87,85,0,3,95,95,97,97,98,0
Chile,2011,17 352,87,85,0,3,96,96,97,97,98,0
Chile,2012,17 519,87,86,0,3,96,96,97,97,98,0
Chile,2013,17 687,87,87,0,3,97,97,97,97,98,0
Chile,2014,17 864,87,87,0,3,97,97,97,97,98,0
Chile,2015,18 048,87,88,0,3,97,97,98,97,98,0
Chile,2016,18 267,87,89,0,3,97,98,98,97,98,0
Chile,2017,18 559,87,89,0,3,97,98,98,97,98,0
Chile,2018,18 893,88,90,0,3,97,98,98,97,98,0
Chile,2019,19 198,88,90,0,3,97,99,98,97,99,0
Chile,2020,19 371,88,91,0,2,97,99,98,97,99,0
Chile,2021,19 456,88,92,0,2,98,99,98,98,99,0
Chile,2022,19 553,88,92,0,2,98,99,98,98,99,0
Chile,2023,19 659,88,93,0,2,98,99,98,98,99,0
Chile,2024,19 765,88,94,0,2,98,100,98,98,100,0
China,2000,1 291 914,36,71,0,25,0,69,76,0,48,33
China,2001,1 301 171,37,71,0,25,0,70,76,0,50,31
China,2002,1 309 434,38,72,0,24,0,71,77,0,53,30
China,2003,1 317 181,40,73,0,23,0,73,78,0,55,28
China,2004,1 324 846,41,74,0,22,0,74,79,0,57,27
China,2005,1 332 852,43,75,0,21,0,76,80,0,59,26
China,2006,1 340 969,44,75,0,20,0,77,81,0,61,25
China,2007,1 348 821,45,76,0,20,0,79,82,0,63,23
China,2008,1 356 907,47,77,0,19,0,80,82,0,65,22
China,2009,1 365 687,48,78,1,18,0,81,83,0,67,21
China,2010,1 374 786,49,79,1,17,0,83,84,0,69,20
China,2011,1 383 524,51,80,1,16,0,84,85,0,71,19
China,2012,1 392 867,52,81,1,16,0,85,86,0,73,17
China,2013,1 402 425,53,82,1,15,0,86,87,0,75,16
China,2014,1 411 425,54,83,2,14,0,87,88,0,77,15
China,2015,1 419 663,56,84,2,13,0,89,88,0,78,14
China,2016,1 427 639,57,85,2,12,0,90,89,0,80,13
China,2017,1 435 988,58,86,2,12,0,91,90,0,82,12
China,2018,1 442 668,59,87,2,11,0,92,91,0,83,11
China,2019,1 447 194,60,88,2,10,0,93,92,0,85,10
China,2020,1 449 770,61,88,2,9,0,93,93,0,86,9
China,2021,1 449 996,63,90,2,8,0,94,93,0,87,8
China,2022,1 448 600,64,92,0,7,0,95,94,0,88,8
China,2023,1 445 902,65,94,0,6,0,96,95,0,89,7
China,2024,1 442 535,66,94,0,6,0,96,95,0,90,7
"China, Hong Kong SAR",2000,6 705,100,0,0,0,98,98,0,99,98,1
"China, Hong Kong SAR",2001,6 774,100,0,0,0,98,98,0,99,98,1
"China, Hong Kong SAR",2002,6 821,100,0,0,0,99,99,0,100,98,0
"China, Hong Kong SAR",2003,6 859,100,0,0,0,99,99,0,100,98,0
"China, Hong Kong SAR",2004,6 888,100,0,0,0,99,99,0,100,98,0
"China, Hong Kong SAR",2005,6 908,100,0,0,0,99,99,0,100,98,0
"China, Hong Kong SAR",2006,6 931,100,0,0,0,99,99,0,100,99,0
"China, Hong Kong SAR",2007,6 971,100,0,0,0,99,99,0,100,99,0
"China, Hong Kong SAR",2008,7 021,100,0,0,0,100,100,0,100,99,0
"China, Hong Kong SAR",2009,7 064,100,0,0,0,100,100,0,100,99,0
"China, Hong Kong SAR",2010,7 102,100,0,0,0,100,100,0,100,99,0
"China, Hong Kong SAR",2011,7 143,100,0,0,0,100,100,0,100,100,0
"China, Hong Kong SAR",2012,7 201,100,0,0,0,100,100,0,100,100,0
"China, Hong Kong SAR",2013,7 264,100,0,0,0,100,100,0,100,100,0
"China, Hong Kong SAR",2014,7 320,100,0,0,0,100,100,0,100,100,0
"China, Hong Kong SAR",2015,7 366,100,0,0,0,100,100,0,100,100,0
"China, Hong Kong SAR",2016,7 408,100,0,0,0,100,100,0,100,100,0
"China, Hong Kong SAR",2017,7 445,100,0,0,0,100,100,0,100,100,0
"China, Hong Kong SAR",2018,7 471,100,0,0,0,100,100,0,100,100,0
"China, Hong Kong SAR",2019,7 486,100,0,0,0,100,100,0,100,100,0
"China, Hong Kong SAR",2020,7 490,100,0,0,0,100,100,0,100,100,0
"China, Hong Kong SAR",2021,7 485,100,0,0,0,100,100,0,100,100,0
"China, Hong Kong SAR",2022,7 466,100,0,0,0,100,100,0,100,100,0
"China, Hong Kong SAR",2023,7 443,100,0,0,0,100,100,0,100,100,0
"China, Hong Kong SAR",2024,7 415,100,0,0,0,100,100,0,100,100,0
"China, Macao SAR",2000,437,100,0,0,0,100,100,100,100,100,0
"China, Macao SAR",2001,445,100,0,0,0,100,100,100,100,100,0
"China, Macao SAR",2002,456,100,0,0,0,100,100,100,100,100,0
"China, Macao SAR",2003,469,100,0,0,0,100,100,100,100,100,0
"China, Macao SAR",2004,482,100,0,0,0,100,100,100,100,100,0
"China, Macao SAR",2005,495,100,0,0,0,100,100,100,100,100,0
"China, Macao SAR",2006,509,100,0,0,0,100,100,100,100,100,0
"China, Macao SAR",2007,522,100,0,0,0,100,100,100,100,100,0
"China, Macao SAR",2008,536,100,0,0,0,100,100,100,100,100,0
"China, Macao SAR",2009,549,100,0,0,0,100,100,100,100,100,0
"China, Macao SAR",2010,563,100,0,0,0,100,100,100,100,100,0
"China, Macao SAR",2011,576,100,0,0,0,100,100,100,100,100,0
"China, Macao SAR",2012,587,100,0,0,0,100,100,100,100,100,0
"China, Macao SAR",2013,599,100,0,0,0,100,100,100,100,100,0
"China, Macao SAR",2014,610,100,0,0,0,100,100,100,100,100,0
"China, Macao SAR",2015,622,100,0,0,0,100,100,100,100,100,0
"China, Macao SAR",2016,634,100,0,0,0,100,100,100,100,100,0
"China, Macao SAR",2017,647,100,0,0,0,100,100,100,100,100,0
"China, Macao SAR",2018,659,100,0,0,0,100,100,100,100,100,0
"China, Macao SAR",2019,671,100,0,0,0,100,100,100,100,100,0
"China, Macao SAR",2020,683,100,0,0,0,100,100,100,100,100,0
"China, Macao SAR",2021,694,100,0,0,0,100,100,100,100,100,0
"China, Macao SAR",2022,704,100,0,0,0,100,100,100,100,100,0
"China, Macao SAR",2023,714,100,0,0,0,100,100,100,100,100,0
"China, Macao SAR",2024,720,100,0,0,0,100,100,100,100,100,0
Colombia,2000,39 090,74,70,0,29,68,90,72,75,85,6
Colombia,2001,39 709,74,71,0,29,68,90,72,75,85,6
Colombia,2002,40 325,75,71,0,28,68,90,73,76,85,6
Colombia,2003,40 937,75,72,0,28,69,91,73,76,86,6
Colombia,2004,41 543,76,72,0,27,69,91,73,76,86,6
Colombia,2005,42 129,76,73,0,27,69,91,73,77,86,7
Colombia,2006,42 691,76,73,0,7,70,92,74,77,86,7
Colombia,2007,43 235,77,74,0,6,70,92,74,77,87,7
Colombia,2008,43 759,77,75,0,6,70,92,74,78,87,7
Colombia,2009,44 272,78,75,0,5,70,93,74,78,87,7
Colombia,2010,44 777,78,76,0,5,71,93,74,78,87,7
Colombia,2011,45 260,78,76,0,4,71,93,75,79,87,7
Colombia,2012,45 716,79,77,0,3,71,94,75,79,88,7
Colombia,2013,46 152,79,77,0,3,72,94,75,79,88,7
Colombia,2014,46 565,79,78,0,2,72,94,75,80,88,7
Colombia,2015,46 970,80,79,0,21,72,94,75,80,88,7
Colombia,2016,47 438,80,79,0,20,72,95,75,80,88,7
Colombia,2017,48 131,80,80,0,20,73,95,75,81,88,7
Colombia,2018,49 024,81,80,0,19,73,95,76,81,89,7
Colombia,2019,49 908,81,81,0,19,73,96,76,81,89,7
Colombia,2020,50 630,81,81,0,18,73,96,76,81,89,8
Colombia,2021,51 188,82,82,0,17,74,96,76,82,89,8
Colombia,2022,51 738,82,83,0,17,74,96,76,82,89,8
Colombia,2023,52 321,82,83,0,16,74,97,76,82,89,8
Colombia,2024,52 886,83,84,0,16,74,97,76,82,90,8
Comoros,2000,536,28,87,4,7,0,67,49,0,49,42
Comoros,2001,547,28,87,4,7,0,67,49,0,50,42
Comoros,2002,559,28,87,4,7,0,67,50,0,50,41
Comoros,2003,570,28,87,5,7,0,67,50,0,51,41
Comoros,2004,581,28,87,5,7,0,67,50,0,52,40
Comoros,2005,593,28,86,5,7,0,67,50,0,52,40
Comoros,2006,605,28,86,6,6,0,68,50,0,53,39
Comoros,2007,617,28,86,6,6,0,68,50,0,54,39
Comoros,2008,629,28,86,6,6,0,68,50,0,54,38
Comoros,2009,642,28,86,7,6,0,68,50,0,55,38
Comoros,2010,655,28,85,7,6,0,68,50,0,56,37
Comoros,2011,668,28,85,7,6,0,68,51,0,56,37
Comoros,2012,682,28,85,8,6,0,67,51,0,57,36
Comoros,2013,696,28,85,8,6,0,67,51,0,58,36
Comoros,2014,712,28,85,8,6,0,66,51,0,59,35
Comoros,2015,727,28,85,9,6,0,66,51,0,59,35
Comoros,2016,742,29,84,9,6,0,65,51,0,60,34
Comoros,2017,757,29,84,9,6,0,64,51,0,61,34
Comoros,2018,772,29,84,10,5,0,64,51,0,61,33
Comoros,2019,787,29,84,10,5,0,63,51,0,62,33
Comoros,2020,802,29,84,10,5,0,63,51,0,63,32
Comoros,2021,818,30,83,11,5,0,62,51,0,64,32
Comoros,2022,834,30,83,11,5,0,62,52,0,64,31
Comoros,2023,850,30,83,11,5,0,61,52,0,65,31
Comoros,2024,867,30,83,12,5,0,61,52,0,66,30
Congo,2000,3 151,59,21,10,49,28,28,0,38,53,16
Congo,2001,3 273,59,21,10,49,28,28,0,39,53,16
Congo,2002,3 351,60,21,10,49,28,28,0,39,53,16
Congo,2003,3 446,60,22,10,49,28,28,0,39,53,16
Congo,2004,3 566,61,23,10,47,30,30,0,40,54,17
Congo,2005,3 696,61,24,10,45,32,32,0,40,54,18
Congo,2006,3 837,61,26,10,44,33,33,0,41,54,19
Congo,2007,3 980,62,27,10,42,35,35,0,41,54,20
Congo,2008,4 114,62,29,11,41,36,36,0,42,54,21
Congo,2009,4 281,63,31,11,39,38,38,0,42,54,22
Congo,2010,4 462,63,32,11,37,40,40,0,42,54,23
Congo,2011,4 610,64,34,11,36,41,41,0,43,54,24
Congo,2012,4 740,64,35,11,34,42,43,0,43,54,25
Congo,2013,4 857,65,37,11,33,43,45,0,44,54,25
Congo,2014,4 976,65,39,11,31,44,47,0,44,54,26
Congo,2015,5 098,66,41,11,29,44,49,0,45,54,27
Congo,2016,5 223,66,42,10,28,45,50,0,45,54,28
Congo,2017,5 351,66,44,10,26,45,52,0,46,54,29
Congo,2018,5 483,67,44,10,26,45,52,0,46,55,29
Congo,2019,5 617,67,44,10,26,46,53,0,46,55,29
Congo,2020,5 753,68,44,10,26,46,53,0,46,55,28
Congo,2021,5 892,68,44,10,26,46,53,0,46,55,28
Cook Islands,2000,16,65,100,0,0,0,0,0,0,92,8
Cook Islands,2001,15,67,100,0,0,0,0,0,0,92,8
Cook Islands,2002,15,68,100,0,0,0,0,0,0,93,7
Cook Islands,2003,15,69,100,0,0,0,0,0,0,93,7
Cook Islands,2004,15,70,100,0,0,0,0,0,0,93,7
Cook Islands,2005,15,71,100,0,0,0,0,0,0,94,6
Cook Islands,2006,15,72,100,0,0,0,0,0,0,94,6
Cook Islands,2007,15,72,100,0,0,0,0,0,0,94,6
Cook Islands,2008,16,73,100,0,0,0,0,0,0,94,6
Cook Islands,2009,16,73,100,0,0,0,0,0,0,95,5
Cook Islands,2010,17,73,100,0,0,0,0,0,0,95,5
Cook Islands,2011,17,74,100,0,0,0,0,0,0,95,5
Cook Islands,2012,18,74,100,0,0,0,0,0,0,95,5
Cook Islands,2013,18,74,100,0,0,0,0,0,0,95,5
Cook Islands,2014,18,74,100,0,0,0,0,0,0,96,4
Cook Islands,2015,17,74,100,0,0,0,0,0,0,96,4
Cook Islands,2016,17,75,100,0,0,0,0,0,0,96,4
Cook Islands,2017,17,75,100,0,0,0,0,0,0,96,4
Cook Islands,2018,17,75,100,0,0,0,0,0,0,96,3
Cook Islands,2019,16,75,100,0,0,0,0,0,0,96,3
Cook Islands,2020,16,75,100,0,0,0,0,0,0,97,3
Cook Islands,2021,15,76,100,0,0,0,0,0,0,97,3
Cook Islands,2022,15,76,100,0,0,0,0,0,0,97,3
Cook Islands,2023,14,76,100,0,0,0,0,0,0,97,2
Cook Islands,2024,14,76,100,0,0,0,0,0,0,97,2
Costa Rica,2000,3 938,59,88,0,5,77,94,77,87,91,4
Costa Rica,2001,4 009,60,89,0,4,77,95,77,88,92,4
Costa Rica,2002,4 076,62,89,0,4,77,95,77,88,92,3
Costa Rica,2003,4 139,63,90,0,4,77,96,77,89,93,3
Costa Rica,2004,4 200,64,91,0,4,78,96,78,89,93,3
Costa Rica,2005,4 261,66,91,0,3,78,96,78,90,94,3
Costa Rica,2006,4 321,67,92,0,3,78,97,78,90,95,3
Costa Rica,2007,4 380,68,92,0,3,79,97,79,90,95,2
Costa Rica,2008,4 440,69,93,0,3,79,97,79,91,96,2
Costa Rica,2009,4 500,71,94,0,3,79,98,79,91,96,2
Costa Rica,2010,4 556,72,94,0,2,79,98,79,92,96,2
Costa Rica,2011,4 610,73,95,0,2,79,98,79,92,97,2
Costa Rica,2012,4 664,74,95,0,2,80,98,80,92,97,1
Costa Rica,2013,4 716,75,96,0,2,80,98,80,92,98,1
Costa Rica,2014,4 767,76,97,0,1,80,99,80,93,98,1
Costa Rica,2015,4 818,77,97,0,1,80,99,80,93,98,0
Costa Rica,2016,4 867,78,98,0,0,80,99,80,93,99,0
Costa Rica,2017,4 913,79,99,0,0,80,100,80,94,100,0
Costa Rica,2018,4 958,79,100,0,0,80,100,80,94,100,0
Costa Rica,2019,5 000,80,100,0,0,81,100,81,94,100,0
Costa Rica,2020,5 034,81,100,0,0,81,100,81,94,100,0
Costa Rica,2021,5 060,81,100,0,0,81,100,81,94,100,0
Costa Rica,2022,5 082,82,100,0,0,81,100,81,94,100,0
Costa Rica,2023,5 106,83,100,0,0,81,100,81,94,100,0
Costa Rica,2024,5 130,83,100,0,0,81,100,81,94,100,0
CÌ«te d'Ivoire,2000,17 699,43,53,13,23,25,39,34,46,41,36
CÌ«te d'Ivoire,2001,18 179,44,53,13,23,26,40,34,46,42,36
CÌ«te d'Ivoire,2002,18 655,44,54,13,23,26,40,34,46,42,36
CÌ«te d'Ivoire,2003,19 126,44,54,13,23,27,41,34,47,43,36
CÌ«te d'Ivoire,2004,19 595,45,55,13,22,27,42,35,47,43,36
CÌ«te d'Ivoire,2005,20 068,45,55,13,22,28,42,35,47,44,36
CÌ«te d'Ivoire,2006,20 547,46,56,13,22,28,43,35,47,44,36
CÌ«te d'Ivoire,2007,21 031,46,56,13,22,29,44,35,48,44,35
CÌ«te d'Ivoire,2008,21 514,46,57,13,22,29,44,35,48,45,35
CÌ«te d'Ivoire,2009,21 998,47,57,12,22,30,45,35,48,45,35
CÌ«te d'Ivoire,2010,22 488,47,58,12,22,30,45,35,48,46,35
CÌ«te d'Ivoire,2011,22 982,48,58,12,22,31,46,35,49,46,35
CÌ«te d'Ivoire,2012,23 467,48,58,12,22,32,47,37,49,46,35
CÌ«te d'Ivoire,2013,23 940,49,59,12,22,33,47,39,49,47,35
CÌ«te d'Ivoire,2014,24 527,49,59,12,22,34,48,40,49,47,35
CÌ«te d'Ivoire,2015,25 246,49,60,12,21,35,48,42,48,47,34
CÌ«te d'Ivoire,2016,25 989,50,60,12,21,37,49,43,46,48,34
CÌ«te d'Ivoire,2017,26 733,50,61,11,21,38,50,45,45,48,34
CÌ«te d'Ivoire,2018,27 464,51,61,11,21,38,50,46,44,49,34
CÌ«te d'Ivoire,2019,28 193,51,62,11,21,38,51,48,42,49,34
CÌ«te d'Ivoire,2020,28 915,52,62,11,21,39,52,50,41,49,34
CÌ«te d'Ivoire,2021,29 640,52,63,11,21,39,52,51,39,50,34
CÌ«te d'Ivoire,2022,30 395,53,63,11,21,38,53,53,38,50,33
CÌ«te d'Ivoire,2023,31 166,53,64,11,21,36,53,54,36,51,33
CÌ«te d'Ivoire,2024,31 934,54,64,11,21,36,54,54,36,51,33
Croatia,2000,4 326,53,97,0,2,85,89,0,85,89,10
Croatia,2001,4 301,54,97,0,2,85,89,0,85,89,10
Croatia,2002,4 306,54,97,0,2,85,89,0,85,89,10
Croatia,2003,4 307,54,98,0,2,85,89,0,85,89,10
Croatia,2004,4 310,54,98,0,1,86,89,0,86,89,10
Croatia,2005,4 314,54,98,0,1,86,89,0,86,89,10
Croatia,2006,4 316,54,98,0,0,86,90,0,86,89,10
Croatia,2007,4 316,55,98,0,0,86,90,0,86,89,10
Croatia,2008,4 315,55,99,0,1,86,90,0,86,0,0
Croatia,2009,4 311,55,99,0,1,86,90,0,86,0,0
Croatia,2010,4 301,55,100,0,0,86,90,0,86,0,0
Croatia,2011,4 281,55,100,0,0,86,90,0,86,0,0
Croatia,2012,4 259,56,100,0,0,86,90,0,86,0,0
Croatia,2013,4 242,56,100,0,0,87,90,0,87,0,0
Croatia,2014,4 219,56,100,0,0,87,90,0,87,0,0
Croatia,2015,4 184,56,100,0,0,87,90,0,87,0,0
Croatia,2016,4 136,56,100,0,0,87,90,0,87,0,0
Croatia,2017,4 079,57,100,0,0,87,90,0,87,0,0
Croatia,2018,4 025,57,100,0,0,87,91,0,87,0,0
Croatia,2019,3 986,57,100,0,0,87,91,0,87,0,0
Croatia,2020,3 954,58,100,0,0,87,91,0,87,0,0
Croatia,2021,3 925,58,100,0,0,87,91,0,87,0,0
Croatia,2022,3 907,58,100,0,0,87,91,0,87,0,0
Croatia,2023,3 896,59,100,0,0,87,91,0,87,0,0
Croatia,2024,3 875,59,100,0,0,87,91,0,87,0,0
Cuba,2000,11 109,75,79,5,13,0,82,87,0,74,20
Cuba,2001,11 144,76,80,5,12,0,82,87,0,75,20
Cuba,2002,11 177,76,80,5,12,0,82,87,0,75,20
Cuba,2003,11 209,76,81,5,12,0,82,87,0,75,20
Cuba,2004,11 239,76,81,5,11,0,82,87,0,76,20
Cuba,2005,11 263,76,82,5,11,0,83,87,0,76,20
Cuba,2006,11 279,76,82,6,10,0,84,87,0,76,20
Cuba,2007,11 287,76,83,6,10,0,84,87,0,76,19
Cuba,2008,11 292,76,83,6,9,0,85,88,0,77,19
Cuba,2009,11 295,77,83,6,9,0,85,88,0,77,19
Cuba,2010,11 297,77,84,6,9,0,86,88,0,77,19
Cuba,2011,11 302,77,84,6,8,0,87,88,0,77,19
Cuba,2012,11 303,77,85,6,8,0,87,88,0,78,19
Cuba,2013,11 298,77,85,6,7,0,88,88,0,78,19
Cuba,2014,11 286,77,86,6,7,0,89,88,0,78,19
Cuba,2015,11 275,77,86,6,6,0,89,88,0,78,18
Cuba,2016,11 266,77,86,6,6,0,90,88,0,79,18
Cuba,2017,11 248,77,87,6,5,0,90,89,0,79,18
Cuba,2018,11 227,77,87,6,5,0,91,89,0,79,18
Cuba,2019,11 203,77,88,6,5,0,92,89,0,79,18
Cuba,2020,11 176,77,88,6,4,0,92,89,0,80,18
Cuba,2021,11 122,77,90,5,4,0,93,89,0,80,18
Cuba,2022,11 060,77,91,5,3,0,93,89,0,80,18
Cuba,2023,11 020,78,91,5,3,0,93,89,0,80,18
Cuba,2024,10 980,78,92,5,2,0,93,89,0,80,18
CuraÌ¤ao,2000,146,91,0,0,0,0,99,0,0,99,0
CuraÌ¤ao,2001,145,91,0,0,0,0,99,0,0,99,0
CuraÌ¤ao,2002,146,91,0,0,0,0,99,0,0,99,0
CuraÌ¤ao,2003,148,91,0,0,0,0,99,0,0,99,0
CuraÌ¤ao,2004,150,91,0,0,0,0,99,0,0,99,0
CuraÌ¤ao,2005,151,91,0,0,0,0,99,0,0,99,0
CuraÌ¤ao,2006,153,90,0,0,0,0,100,0,0,99,0
CuraÌ¤ao,2007,154,90,0,0,0,0,100,0,0,99,0
CuraÌ¤ao,2008,155,90,0,0,0,0,100,0,0,99,0
CuraÌ¤ao,2009,156,90,0,0,0,0,100,0,0,99,0
CuraÌ¤ao,2010,157,90,0,0,0,0,100,0,0,99,0
CuraÌ¤ao,2011,159,90,0,0,0,0,100,0,0,99,0
CuraÌ¤ao,2012,161,90,0,0,0,0,100,0,0,99,1
CuraÌ¤ao,2013,163,90,0,0,0,0,100,0,0,99,1
CuraÌ¤ao,2014,165,89,0,0,0,0,100,0,0,99,1
CuraÌ¤ao,2015,167,89,0,0,0,0,100,0,0,99,1
CuraÌ¤ao,2016,168,89,0,0,0,0,100,0,0,99,1
CuraÌ¤ao,2017,169,89,0,0,0,0,100,0,0,99,1
CuraÌ¤ao,2018,182,89,0,0,0,0,100,0,0,0,0
CuraÌ¤ao,2019,190,89,0,0,0,0,100,0,0,0,0
CuraÌ¤ao,2020,185,89,0,0,0,0,100,0,0,0,0
CuraÌ¤ao,2021,185,89,0,0,0,0,100,0,0,0,0
CuraÌ¤ao,2022,185,89,0,0,0,0,100,0,0,0,0
CuraÌ¤ao,2023,185,89,0,0,0,0,100,0,0,0,0
CuraÌ¤ao,2024,185,89,0,0,0,0,100,0,0,0,0
Cyprus,2000,948,69,100,0,0,96,100,0,96,100,0
Cyprus,2001,964,69,100,0,0,96,100,0,96,100,0
Cyprus,2002,981,69,100,0,0,96,100,0,96,100,0
Cyprus,2003,1 000,69,100,0,0,96,100,0,96,100,0
Cyprus,2004,1 018,68,100,0,0,97,100,0,97,100,0
Cyprus,2005,1 036,68,100,0,0,97,100,0,97,100,0
Cyprus,2006,1 054,68,100,0,0,97,100,0,97,100,0
Cyprus,2007,1 073,68,100,0,0,97,100,0,97,100,0
Cyprus,2008,1 091,68,100,0,0,97,100,0,97,100,0
Cyprus,2009,1 109,68,100,0,0,97,100,0,97,100,0
Cyprus,2010,1 128,68,100,0,0,98,100,0,98,100,0
Cyprus,2011,1 146,67,100,0,0,98,100,0,98,100,0
Cyprus,2012,1 165,67,100,0,0,98,100,0,98,100,0
Cyprus,2013,1 184,67,100,0,0,98,100,0,98,100,0
Cyprus,2014,1 202,67,100,0,0,98,100,0,98,100,0
Cyprus,2015,1 220,67,100,0,0,99,100,0,99,100,0
Cyprus,2016,1 237,67,100,0,0,99,100,0,99,100,0
Cyprus,2017,1 254,67,100,0,0,100,100,0,100,100,0
Cyprus,2018,1 271,67,100,0,0,100,100,0,100,100,0
Cyprus,2019,1 287,67,100,0,0,100,100,0,100,100,0
Cyprus,2020,1 302,67,100,0,0,100,100,0,100,100,0
Cyprus,2021,1 317,67,100,0,0,100,100,0,100,100,0
Cyprus,2022,1 331,67,100,0,0,100,100,0,100,100,0
Cyprus,2023,1 345,67,100,0,0,100,100,0,100,100,0
Cyprus,2024,1 358,67,100,0,0,100,100,0,100,100,0
Czechia,2000,10 237,74,97,2,0,95,95,0,98,96,4
Czechia,2001,10 232,74,97,2,0,95,95,0,98,96,4
Czechia,2002,10 239,74,97,2,0,95,95,0,98,96,3
Czechia,2003,10 249,74,97,2,0,95,95,0,99,97,3
Czechia,2004,10 261,74,97,2,0,95,95,0,99,97,3
Czechia,2005,10 280,74,97,2,0,96,96,0,99,97,2
Czechia,2006,10 305,74,97,2,0,96,96,0,99,98,2
Czechia,2007,10 338,73,97,2,0,96,96,0,99,98,2
Czechia,2008,10 378,73,97,2,0,97,97,0,99,98,1
Czechia,2009,10 421,73,97,2,0,97,97,0,100,99,0
Czechia,2010,10 464,73,97,2,0,97,97,0,100,100,0
Czechia,2011,10 496,73,97,2,0,97,97,0,100,100,0
Czechia,2012,10 507,73,97,2,0,98,98,0,100,100,0
Czechia,2013,10 511,73,98,2,0,98,98,0,100,100,0
Czechia,2014,10 517,73,99,1,0,98,98,0,100,100,0
Czechia,2015,10 524,73,99,1,0,98,98,0,100,100,0
Czechia,2016,10 532,74,99,1,0,98,98,0,100,100,0
Czechia,2017,10 541,74,99,1,0,98,98,0,100,100,0
Czechia,2018,10 549,74,99,1,0,98,98,0,100,100,0
Czechia,2019,10 555,74,99,1,0,98,98,0,100,100,0
Czechia,2020,10 550,74,99,1,0,98,98,0,100,100,0
Czechia,2021,10 531,74,99,1,0,98,98,0,100,100,0
Czechia,2022,10 673,74,99,1,0,98,98,0,100,100,0
Czechia,2023,10 810,75,99,1,0,98,98,0,100,100,0
Czechia,2024,10 736,75,99,1,0,98,98,0,100,100,0
Democratic People's Republic of Korea,2000,23 666,59,100,0,0,69,79,99,76,91,9
Democratic People's Republic of Korea,2001,23 815,59,100,0,0,69,79,99,76,90,10
Democratic People's Republic of Korea,2002,23 944,60,100,0,0,69,79,99,76,88,12
Democratic People's Republic of Korea,2003,24 090,60,100,0,0,69,79,99,76,87,13
Democratic People's Republic of Korea,2004,24 255,60,100,0,0,69,79,99,76,86,14
Democratic People's Republic of Korea,2005,24 396,60,99,0,0,69,78,98,76,84,15
Democratic People's Republic of Korea,2006,24 525,60,98,0,2,69,78,98,76,83,16
Democratic People's Republic of Korea,2007,24 646,60,97,0,2,68,78,97,75,81,17
Democratic People's Republic of Korea,2008,24 765,60,97,0,3,68,78,97,75,80,18
Democratic People's Republic of Korea,2009,24 878,60,96,0,4,68,77,97,75,79,19
Democratic People's Republic of Korea,2010,24 987,60,95,0,4,68,77,96,75,77,21
Democratic People's Republic of Korea,2011,25 098,61,94,0,5,68,77,96,75,76,22
Democratic People's Republic of Korea,2012,25 212,61,94,0,6,67,76,96,74,74,23
Democratic People's Republic of Korea,2013,25 329,61,93,0,6,67,76,95,74,73,24
Democratic People's Republic of Korea,2014,25 451,61,92,0,7,67,76,95,74,72,25
Democratic People's Republic of Korea,2015,25 575,61,92,0,7,67,76,95,74,70,26
Democratic People's Republic of Korea,2016,25 698,61,91,0,8,67,75,94,74,69,27
Democratic People's Republic of Korea,2017,25 818,62,90,0,9,67,75,94,74,68,28
Democratic People's Republic of Korea,2018,25 931,62,89,0,9,66,75,94,73,66,29
Democratic People's Republic of Korea,2019,26 038,62,89,0,10,66,74,93,73,65,30
Democratic People's Republic of Korea,2020,26 136,62,89,0,10,66,74,93,73,65,30
Democratic People's Republic of Korea,2021,26 233,63,89,0,10,66,74,93,74,65,30
Democratic People's Republic of Korea,2022,26 329,63,89,0,11,67,74,93,74,65,30
Democratic People's Republic of Korea,2023,26 418,63,89,0,11,67,74,93,74,65,30
Democratic Republic of the Congo,2000,50 507,35,20,7,49,12,12,33,31,23,22
Democratic Republic of the Congo,2001,52 133,36,19,7,49,12,12,34,32,24,22
Democratic Republic of the Congo,2002,53 751,36,19,7,49,12,12,34,32,24,22
Democratic Republic of the Congo,2003,55 344,37,19,8,50,12,12,35,32,25,22
Democratic Republic of the Congo,2004,56 998,37,19,8,50,12,12,35,33,25,22
Democratic Republic of the Congo,2005,58 776,37,19,9,50,12,12,35,33,26,22
Democratic Republic of the Congo,2006,60 616,38,18,9,50,12,12,36,34,26,22
Democratic Republic of the Congo,2007,62 478,38,18,10,51,12,12,36,34,27,22
Democratic Republic of the Congo,2008,64 391,39,18,10,51,12,12,37,34,28,22
Democratic Republic of the Congo,2009,66 412,39,18,11,51,12,12,37,35,28,22
Democratic Republic of the Congo,2010,68 563,40,17,11,52,12,12,37,35,29,22
Democratic Republic of the Congo,2011,70 849,41,17,12,52,12,12,38,36,29,22
Democratic Republic of the Congo,2012,73 255,41,17,13,52,12,12,38,36,30,22
Democratic Republic of the Congo,2013,75 789,42,17,13,52,12,12,39,36,31,22
Democratic Republic of the Congo,2014,78 403,42,16,14,53,12,12,39,37,31,22
Democratic Republic of the Congo,2015,81 036,43,16,14,53,12,12,40,37,32,23
Democratic Republic of the Congo,2016,83 956,43,16,15,53,12,12,40,38,32,23
Democratic Republic of the Congo,2017,87 083,44,15,15,53,12,12,40,38,33,23
Democratic Republic of the Congo,2018,90 048,44,15,16,54,11,11,41,39,34,23
Democratic Republic of the Congo,2019,92 947,45,15,17,54,11,11,41,39,34,23
Democratic Republic of the Congo,2020,95 990,46,15,17,54,11,11,42,40,35,23
Democratic Republic of the Congo,2021,99 149,46,14,18,54,11,11,42,40,35,23
Democratic Republic of the Congo,2022,102 397,47,14,18,54,12,12,43,41,36,23
Democratic Republic of the Congo,2023,105 790,47,14,18,54,12,12,43,41,36,23
Democratic Republic of the Congo,2024,109 276,48,14,18,54,12,12,43,41,36,23
Denmark,2000,5 340,85,100,0,0,95,100,0,95,100,0
Denmark,2001,5 359,85,100,0,0,95,100,0,95,100,0
Denmark,2002,5 376,85,100,0,0,95,100,0,95,100,0
Denmark,2003,5 391,85,100,0,0,95,100,0,95,100,0
Denmark,2004,5 405,86,100,0,0,95,100,0,95,100,0
Denmark,2005,5 420,86,100,0,0,95,100,0,95,100,0
Denmark,2006,5 437,86,100,0,0,96,100,0,96,100,0
Denmark,2007,5 462,86,100,0,0,96,100,0,96,100,0
Denmark,2008,5 494,86,100,0,0,96,100,0,96,100,0
Denmark,2009,5 523,87,100,0,0,97,100,0,97,100,0
Denmark,2010,5 548,87,100,0,0,97,100,0,97,100,0
Denmark,2011,5 571,87,100,0,0,97,100,0,97,100,0
Denmark,2012,5 592,87,100,0,0,98,100,0,98,100,0
Denmark,2013,5 615,87,100,0,0,98,100,0,98,100,0
Denmark,2014,5 644,87,100,0,0,98,100,0,98,100,0
Denmark,2015,5 684,88,100,0,0,98,100,0,98,100,0
Denmark,2016,5 728,88,100,0,0,99,100,0,99,100,0
Denmark,2017,5 765,88,100,0,0,100,100,0,100,100,0
Denmark,2018,5 794,88,100,0,0,100,100,0,100,100,0
Denmark,2019,5 815,88,100,0,0,100,100,0,100,100,0
Denmark,2020,5 832,88,100,0,0,100,100,0,100,100,0
Denmark,2021,5 857,88,100,0,0,100,100,0,100,100,0
Denmark,2022,5 903,88,100,0,0,100,100,0,100,100,0
Denmark,2023,5 948,88,100,0,0,100,100,0,100,100,0
Denmark,2024,5 977,89,100,0,0,100,100,0,100,100,0
Djibouti,2000,747,77,49,13,34,0,45,55,0,75,14
Djibouti,2001,771,77,50,13,33,0,45,55,0,75,14
Djibouti,2002,796,77,50,13,32,0,45,55,0,76,14
Djibouti,2003,814,77,51,13,32,0,45,55,0,76,14
Djibouti,2004,826,77,51,13,31,0,45,55,0,77,13
Djibouti,2005,839,77,52,13,31,0,45,56,0,77,13
Djibouti,2006,856,77,52,13,30,0,45,56,0,78,13
Djibouti,2007,875,77,53,14,30,0,45,56,0,78,13
Djibouti,2008,893,77,54,14,29,0,45,56,0,78,13
Djibouti,2009,912,77,54,14,29,0,45,56,0,79,12
Djibouti,2010,930,77,55,14,28,0,45,56,0,79,12
Djibouti,2011,949,77,55,14,28,0,45,56,0,80,12
Djibouti,2012,967,77,56,14,27,0,46,57,0,80,12
Djibouti,2013,985,77,56,14,26,0,46,57,0,81,11
Djibouti,2014,1 003,77,57,15,26,0,46,57,0,81,11
Djibouti,2015,1 020,77,57,15,25,0,46,57,0,82,11
Djibouti,2016,1 038,78,58,15,25,0,46,57,0,82,11
Djibouti,2017,1 055,78,59,15,24,0,46,57,0,83,11
Djibouti,2018,1 072,78,59,15,24,0,46,58,0,83,10
Djibouti,2019,1 089,78,60,15,23,0,46,58,0,84,10
Djibouti,2020,1 105,78,60,15,23,0,47,58,0,84,10
Djibouti,2021,1 121,78,61,16,22,0,47,58,0,85,10
Djibouti,2022,1 137,78,61,16,22,0,47,58,0,85,9
Djibouti,2023,1 153,79,62,16,21,0,47,58,0,86,9
Djibouti,2024,1 169,79,62,16,20,0,47,59,0,86,9
Dominica,2000,69,65,92,0,8,0,0,0,0,93,1
Dominica,2001,68,65,92,0,8,0,0,0,0,93,1
Dominica,2002,68,66,92,0,8,0,0,0,0,93,1
Dominica,2003,69,66,92,0,8,0,0,0,0,93,1
Dominica,2004,69,66,92,0,8,0,0,0,0,93,2
Dominica,2005,69,67,93,0,7,0,0,0,0,93,2
Dominica,2006,69,67,93,0,7,0,0,0,0,93,2
Dominica,2007,69,67,93,0,7,0,0,0,0,93,2
Dominica,2008,69,68,93,0,7,0,0,0,0,93,2
Dominica,2009,69,68,93,0,7,0,0,0,0,93,2
Dominica,2010,69,68,94,0,6,0,0,0,0,93,2
Dominica,2011,69,68,94,0,6,0,0,0,0,93,2
Dominica,2012,69,69,94,0,6,0,0,0,0,93,2
Dominica,2013,70,69,94,0,6,0,0,0,0,93,2
Dominica,2014,70,69,95,0,5,0,0,0,0,94,2
Dominica,2015,70,70,95,0,5,0,0,0,0,94,2
Dominica,2016,70,70,95,0,5,0,0,0,0,94,3
Dominica,2017,68,70,95,0,5,0,0,0,0,94,3
Dominica,2018,68,70,95,0,2,0,0,0,0,94,3
Dominica,2019,68,71,96,0,2,0,0,0,0,94,3
Dominica,2020,68,71,96,0,2,0,0,0,0,94,3
Dominica,2021,67,71,96,0,2,0,0,0,0,94,3
Dominica,2022,67,72,96,0,2,0,0,0,0,94,3
Dominica,2023,67,72,96,0,1,0,0,0,0,94,3
Dominica,2024,66,72,97,0,1,0,0,0,0,94,3
Dominican Republic,2000,8 584,62,82,8,8,42,76,64,42,76,19
Dominican Republic,2001,8 720,63,82,8,8,42,77,65,42,77,19
Dominican Republic,2002,8 852,63,83,7,7,42,78,65,42,77,19
Dominican Republic,2003,8 981,65,83,7,7,43,79,65,43,77,18
Dominican Republic,2004,9 105,66,84,7,7,43,80,66,43,78,18
Dominican Republic,2005,9 225,67,85,6,6,43,81,66,43,78,18
Dominican Republic,2006,9 341,69,85,6,6,43,82,67,43,78,18
Dominican Republic,2007,9 456,70,86,6,6,43,83,68,43,79,18
Dominican Republic,2008,9 573,71,86,5,5,43,84,70,43,79,18
Dominican Republic,2009,9 695,73,87,5,5,44,85,72,44,79,18
Dominican Republic,2010,9 820,74,88,5,5,44,86,74,44,79,17
Dominican Republic,2011,9 946,75,88,4,5,44,87,76,44,80,17
Dominican Republic,2012,10 070,76,89,4,4,44,88,77,44,80,17
Dominican Republic,2013,10 194,77,89,4,4,44,89,79,44,80,17
Dominican Republic,2014,10 316,78,90,3,4,44,90,80,44,80,17
Dominican Republic,2015,10 435,79,90,3,3,44,91,82,44,80,17
Dominican Republic,2016,10 551,79,91,2,3,45,92,84,45,80,17
Dominican Republic,2017,10 667,80,92,2,3,45,93,85,45,81,17
Dominican Republic,2018,10 782,81,92,2,2,45,94,87,45,81,17
Dominican Republic,2019,10 894,82,93,1,2,45,95,88,45,81,17
Dominican Republic,2020,11 008,83,93,1,2,45,95,89,45,81,17
Dominican Republic,2021,11 123,83,94,0,2,45,96,91,45,81,17
Dominican Republic,2022,11 231,84,94,0,1,45,96,91,45,81,17
Dominican Republic,2023,11 331,84,95,0,0,45,96,91,45,81,17
Dominican Republic,2024,11 428,85,95,0,0,45,96,91,45,81,17
Ecuador,2000,12 689,60,72,0,10,62,80,81,62,74,11
Ecuador,2001,12 911,61,73,0,9,62,81,82,62,75,11
Ecuador,2002,13 138,61,73,0,9,62,81,82,62,75,11
Ecuador,2003,13 372,61,74,0,8,63,82,83,63,76,10
Ecuador,2004,13 609,62,75,0,8,63,82,83,63,77,10
Ecuador,2005,13 846,62,75,0,8,64,83,84,64,77,10
Ecuador,2006,14 086,62,75,0,8,64,83,84,64,78,10
Ecuador,2007,14 329,62,76,1,8,64,84,85,64,79,10
Ecuador,2008,14 575,62,76,1,8,65,84,85,65,80,9
Ecuador,2009,14 826,62,76,2,8,65,85,86,65,80,9
Ecuador,2010,15 077,63,77,2,8,65,85,86,65,81,9
Ecuador,2011,15 326,63,77,2,8,66,86,87,66,82,9
Ecuador,2012,15 572,63,78,3,7,66,86,87,66,82,8
Ecuador,2013,15 807,63,78,3,7,66,87,87,66,83,8
Ecuador,2014,16 035,63,78,3,7,67,87,88,67,84,8
Ecuador,2015,16 266,63,79,4,7,67,88,88,67,84,8
Ecuador,2016,16 505,64,79,4,7,67,88,89,67,85,8
Ecuador,2017,16 760,64,79,4,7,68,89,89,68,86,7
Ecuador,2018,17 050,64,80,5,7,68,89,90,68,87,7
Ecuador,2019,17 340,64,80,5,7,69,90,90,69,87,7
Ecuador,2020,17 546,64,80,6,7,69,90,91,69,88,7
Ecuador,2021,17 682,64,80,6,6,69,91,91,69,89,7
Ecuador,2022,17 824,65,81,6,6,69,91,91,69,89,6
Ecuador,2023,17 980,65,81,7,6,70,91,92,70,90,6
Ecuador,2024,18 135,65,81,7,6,70,92,92,70,91,5
Egypt,2000,73 083,43,98,0,0,65,92,65,95,91,8
Egypt,2001,74 652,43,98,0,0,65,92,65,94,91,8
Egypt,2002,76 239,43,98,0,0,66,92,66,94,92,8
Egypt,2003,77 854,43,98,0,1,66,93,66,94,92,7
Egypt,2004,79 477,43,98,0,1,67,93,67,94,92,7
Egypt,2005,81 101,43,98,0,1,68,93,68,94,93,6
Egypt,2006,82 700,43,98,0,1,68,93,68,94,93,6
Egypt,2007,84 276,43,98,0,1,69,93,69,94,93,6
Egypt,2008,85 865,43,98,0,1,69,93,69,94,94,5
Egypt,2009,87 502,43,98,0,1,70,93,70,94,94,5
Egypt,2010,89 196,43,98,0,2,71,94,71,94,94,5
Egypt,2011,91 093,43,97,0,2,71,94,71,94,94,4
Egypt,2012,93 161,43,97,0,2,72,94,72,94,95,4
Egypt,2013,95 334,43,97,0,2,72,94,72,94,95,4
Egypt,2014,97 529,43,97,0,2,73,94,73,94,95,3
Egypt,2015,99 597,43,97,1,2,74,94,74,94,96,3
Egypt,2016,101 645,43,97,1,2,74,94,74,94,96,3
Egypt,2017,103 696,43,97,1,2,75,94,75,94,96,2
Egypt,2018,105 682,43,97,1,2,75,95,75,95,97,2
Egypt,2019,107 553,43,97,1,2,76,95,76,95,97,2
Egypt,2020,109 315,43,97,1,2,77,95,77,95,97,1
Egypt,2021,110 957,43,97,1,2,77,95,77,96,97,0
Egypt,2022,112 618,43,96,1,2,78,95,78,96,98,0
Egypt,2023,114 536,43,96,1,2,78,95,78,96,98,0
Egypt,2024,116 538,43,96,1,3,79,95,79,96,98,0
El Salvador,2000,5 943,59,70,0,16,0,74,77,0,72,14
El Salvador,2001,5 968,59,70,0,16,0,75,77,0,73,13
El Salvador,2002,5 987,60,72,0,16,0,75,77,0,74,13
El Salvador,2003,5 999,61,73,0,15,0,76,77,0,75,12
El Salvador,2004,6 005,61,74,0,14,0,77,77,0,76,12
El Salvador,2005,6 006,62,72,3,13,0,78,77,0,77,12
El Salvador,2006,6 002,62,70,6,12,0,79,77,0,78,11
El Salvador,2007,6 010,63,69,9,11,0,80,77,0,79,11
El Salvador,2008,6 029,64,67,13,10,0,80,77,0,80,11
El Salvador,2009,6 048,65,65,16,9,0,81,77,0,81,11
El Salvador,2010,6 068,65,63,19,9,0,82,77,0,82,10
El Salvador,2011,6 090,66,65,18,8,0,83,77,0,83,10
El Salvador,2012,6 114,67,66,18,7,0,84,77,0,84,10
El Salvador,2013,6 139,68,68,18,6,0,85,77,0,85,9
El Salvador,2014,6 163,69,69,18,5,0,86,76,0,86,9
El Salvador,2015,6 184,70,70,18,4,0,86,76,0,87,9
El Salvador,2016,6 201,71,72,18,3,0,87,76,0,88,8
El Salvador,2017,6 214,71,73,17,2,0,88,76,0,89,8
El Salvador,2018,6 220,72,75,17,2,0,89,75,0,89,8
El Salvador,2019,6 222,73,76,17,0,0,89,75,0,90,8
El Salvador,2020,6 235,73,78,17,0,0,90,75,0,91,7
El Salvador,2021,6 256,74,78,16,0,0,90,74,0,92,7
El Salvador,2022,6 280,75,79,16,0,0,91,74,0,92,6
El Salvador,2023,6 310,75,80,16,0,0,91,73,0,93,6
El Salvador,2024,6 338,76,80,16,0,0,92,73,0,94,6
Equatorial Guinea,2000,703,49,39,2,6,0,10,0,0,11,42
Equatorial Guinea,2001,750,51,38,2,9,0,11,0,0,13,41
Equatorial Guinea,2002,798,53,37,2,12,0,11,0,0,15,40
Equatorial Guinea,2003,848,54,37,2,15,0,12,0,0,18,38
Equatorial Guinea,2004,900,56,36,2,18,0,12,0,0,20,37
Equatorial Guinea,2005,947,58,36,2,22,0,13,0,0,22,36
Equatorial Guinea,2006,990,59,35,2,25,0,13,0,0,24,34
Equatorial Guinea,2007,1 036,61,34,2,28,0,13,0,0,27,33
Equatorial Guinea,2008,1 085,63,34,1,31,0,14,0,0,29,32
Equatorial Guinea,2009,1 136,64,33,1,34,0,14,0,0,31,31
Equatorial Guinea,2010,1 189,66,33,1,37,0,15,0,0,33,30
Equatorial Guinea,2011,1 242,67,32,1,40,0,15,0,0,36,29
Equatorial Guinea,2012,1 293,69,31,1,43,0,16,0,0,38,28
Equatorial Guinea,2013,1 346,70,31,1,46,0,16,0,0,40,26
Equatorial Guinea,2014,1 400,70,31,1,46,0,16,0,0,40,26
Equatorial Guinea,2015,1 454,71,31,1,46,0,16,0,0,41,27
Equatorial Guinea,2016,1 508,71,31,1,46,0,17,0,0,41,27
Equatorial Guinea,2017,1 562,72,31,1,46,0,17,0,0,41,27
Eritrea,2000,2 247,27,31,27,37,0,27,0,0,28,41
Eritrea,2001,2 312,27,31,27,36,0,27,0,0,30,39
Eritrea,2002,2 393,28,30,27,34,0,28,0,0,32,37
Eritrea,2003,2 494,29,30,27,33,0,28,0,0,34,34
Eritrea,2004,2 598,30,30,26,31,0,29,0,0,36,32
Eritrea,2005,2 661,31,30,26,30,0,29,0,0,38,30
Eritrea,2006,2 704,32,29,26,29,0,30,0,0,40,28
Eritrea,2007,2 743,33,29,26,27,0,31,0,0,42,26
Eritrea,2008,2 816,34,29,25,26,0,31,0,0,44,25
Eritrea,2009,2 888,35,29,25,24,0,31,0,0,46,23
Eritrea,2010,2 945,35,28,25,23,0,32,0,0,48,21
Eritrea,2011,2 998,36,28,25,21,0,32,0,0,49,19
Eritrea,2012,3 037,36,28,24,20,0,32,0,0,51,17
Eritrea,2013,3 074,37,28,24,20,0,33,0,0,51,17
Eritrea,2014,3 095,38,28,24,20,0,33,0,0,51,17
Eritrea,2015,3 106,38,28,24,20,0,34,0,0,52,18
Eritrea,2016,3 125,39,28,24,20,0,34,0,0,52,18
Estonia,2000,1 397,69,93,0,7,92,92,97,93,87,10
Estonia,2001,1 388,69,94,0,6,92,92,98,93,88,10
Estonia,2002,1 379,69,94,0,6,92,92,98,93,88,9
Estonia,2003,1 371,69,94,0,6,93,93,98,93,89,9
Estonia,2004,1 363,69,95,0,5,93,93,98,94,89,9
Estonia,2005,1 355,69,95,0,5,93,93,98,94,90,8
Estonia,2006,1 347,69,96,0,4,94,94,98,94,91,8
Estonia,2007,1 341,68,96,0,4,94,94,98,95,91,7
Estonia,2008,1 337,68,97,0,3,94,94,99,95,92,7
Estonia,2009,1 335,68,97,0,3,95,95,99,95,92,7
Estonia,2010,1 331,68,97,0,3,95,95,99,96,93,6
Estonia,2011,1 327,68,98,0,2,95,95,100,96,93,6
Estonia,2012,1 323,68,98,0,2,96,96,100,96,94,5
Estonia,2013,1 318,68,99,0,1,96,96,100,97,95,5
Estonia,2014,1 314,68,99,0,1,97,97,100,97,95,4
Estonia,2015,1 315,68,100,0,0,97,97,100,97,96,4
Estonia,2016,1 316,69,100,0,0,97,97,100,97,96,3
Estonia,2017,1 317,69,100,0,0,98,98,100,98,97,3
Estonia,2018,1 322,69,100,0,0,98,98,100,98,98,2
Estonia,2019,1 327,69,100,0,0,98,98,100,98,98,2
Estonia,2020,1 330,69,100,0,0,98,98,100,98,99,1
Estonia,2021,1 332,69,100,0,0,98,99,100,98,100,0
Estonia,2022,1 350,70,100,0,0,99,99,100,99,100,0
Estonia,2023,1 367,70,100,0,0,99,99,100,99,100,0
Estonia,2024,1 361,70,100,0,0,99,99,100,99,100,0
Eswatini,2000,1 041,23,42,7,19,27,28,36,31,46,12
Eswatini,2001,1 051,23,43,7,19,28,29,37,31,47,12
Eswatini,2002,1 059,22,45,7,18,28,30,37,32,47,13
Eswatini,2003,1 067,22,46,7,17,29,31,38,32,48,13
Eswatini,2004,1 073,22,47,7,17,29,32,38,32,49,14
Eswatini,2005,1 079,22,49,7,16,30,33,39,33,50,14
Eswatini,2006,1 084,22,50,7,16,30,34,40,33,50,14
Eswatini,2007,1 091,22,51,7,15,31,36,40,33,51,15
Eswatini,2008,1 098,22,53,7,15,32,37,41,34,52,15
Eswatini,2009,1 105,22,54,7,14,32,39,42,34,53,15
Eswatini,2010,1 112,22,55,7,14,33,40,42,35,54,16
Eswatini,2011,1 118,23,57,7,13,33,41,43,36,55,16
Eswatini,2012,1 124,23,58,8,13,34,43,44,36,56,16
Eswatini,2013,1 130,23,59,8,12,34,44,45,36,56,17
Eswatini,2014,1 136,23,61,8,12,34,46,46,37,57,17
Eswatini,2015,1 143,23,62,8,11,35,48,48,37,58,18
Eswatini,2016,1 150,23,63,8,10,35,49,49,37,59,18
Eswatini,2017,1 158,24,65,8,10,36,51,50,38,60,18
Eswatini,2018,1 169,24,66,8,9,36,53,51,38,61,19
Eswatini,2019,1 180,24,67,8,9,36,54,52,38,62,19
Eswatini,2020,1 193,24,69,8,8,37,56,54,39,62,19
Eswatini,2021,1 207,24,70,8,8,37,58,55,39,63,20
Eswatini,2022,1 219,25,72,8,7,37,59,56,40,64,20
Eswatini,2023,1 231,25,73,8,7,38,61,57,40,65,20
Eswatini,2024,1 243,25,74,8,6,38,63,59,40,66,21
Ethiopia,2000,67 411,15,9,6,50,5,6,19,7,15,11
Ethiopia,2001,69 488,15,10,7,48,6,6,21,7,17,12
Ethiopia,2002,71 636,15,12,8,47,6,6,23,8,18,13
Ethiopia,2003,73 833,15,14,9,46,6,7,25,8,19,14
Ethiopia,2004,76 077,16,15,10,44,6,7,28,8,20,15
Ethiopia,2005,78 367,16,17,11,43,6,8,30,9,22,17
Ethiopia,2006,80 703,16,18,12,41,6,8,32,9,23,18
Ethiopia,2007,83 103,16,20,14,40,7,8,34,9,24,19
Ethiopia,2008,85 544,17,22,15,39,7,9,36,10,25,20
Ethiopia,2009,88 008,17,23,16,37,7,10,38,10,27,21
Ethiopia,2010,90 539,17,25,17,36,8,10,41,11,28,22
Ethiopia,2011,93 150,18,26,18,34,8,11,43,11,29,23
Ethiopia,2012,95 799,18,28,19,33,8,12,45,12,31,25
Ethiopia,2013,98 439,19,29,20,32,9,13,47,12,32,26
Ethiopia,2014,101 116,19,31,21,30,9,13,49,12,33,27
Ethiopia,2015,103 867,19,33,22,29,10,14,51,13,35,28
Ethiopia,2016,106 718,20,34,23,27,10,15,54,13,36,29
Ethiopia,2017,109 666,20,36,24,26,11,16,56,14,37,30
Ethiopia,2018,112 664,21,37,26,25,11,17,58,14,39,31
Ethiopia,2019,115 737,21,39,27,23,12,18,60,15,40,32
Ethiopia,2020,118 918,22,41,28,22,12,19,62,15,41,33
Ethiopia,2021,122 139,22,42,29,20,13,20,64,15,42,34
Ethiopia,2022,125 384,23,44,30,19,13,20,66,16,44,35
Ethiopia,2023,128 692,23,45,31,18,13,21,68,16,45,36
Ethiopia,2024,132 060,24,47,32,16,14,21,70,17,46,37
Falkland Islands (Malvinas),2000,3,68,0,0,0,0,0,0,0,0,0
Falkland Islands (Malvinas),2001,3,68,0,0,0,0,0,0,0,0,0
Falkland Islands (Malvinas),2002,3,69,0,0,0,0,0,0,0,0,0
Falkland Islands (Malvinas),2003,3,70,0,0,0,0,0,0,0,0,0
Falkland Islands (Malvinas),2004,3,70,0,0,0,0,0,0,0,0,0
Falkland Islands (Malvinas),2005,3,71,0,0,0,0,0,0,0,0,0
Falkland Islands (Malvinas),2006,3,71,0,0,0,0,0,0,0,0,0
Falkland Islands (Malvinas),2007,3,72,0,0,0,0,0,0,0,0,0
Falkland Islands (Malvinas),2008,3,73,0,0,0,0,0,0,0,0,0
Falkland Islands (Malvinas),2009,3,73,0,0,0,0,0,0,0,0,0
Falkland Islands (Malvinas),2010,3,74,0,0,0,0,0,0,0,0,0
Falkland Islands (Malvinas),2011,3,74,0,0,0,0,0,0,0,0,0
Falkland Islands (Malvinas),2012,3,75,78,0,22,0,92,0,0,89,6
Falkland Islands (Malvinas),2013,3,75,78,0,22,0,92,0,0,89,5
Falkland Islands (Malvinas),2014,3,76,78,0,22,0,92,0,0,89,5
Falkland Islands (Malvinas),2015,3,76,78,0,22,0,92,0,0,90,5
Falkland Islands (Malvinas),2016,3,77,78,0,22,0,92,0,0,90,5
Falkland Islands (Malvinas),2017,4,77,78,0,22,0,93,0,0,90,5
Falkland Islands (Malvinas),2018,4,78,78,0,22,0,93,0,0,90,5
Falkland Islands (Malvinas),2019,4,78,78,0,22,0,93,0,0,90,5
Falkland Islands (Malvinas),2020,4,79,78,0,22,0,93,0,0,91,5
Falkland Islands (Malvinas),2021,3,79,0,0,0,0,0,0,0,0,0
Falkland Islands (Malvinas),2022,3,79,0,0,0,0,0,0,0,0,0
Falkland Islands (Malvinas),2023,3,80,0,0,0,0,0,0,0,0,0
Falkland Islands (Malvinas),2024,3,80,0,0,0,0,0,0,0,0,0
Faroe Islands,2000,46,36,0,0,0,0,100,0,0,100,0
Faroe Islands,2001,46,37,0,0,0,0,100,0,0,100,0
Faroe Islands,2002,47,38,0,0,0,0,100,0,0,100,0
Faroe Islands,2003,47,39,0,0,0,0,100,0,0,100,0
Faroe Islands,2004,48,39,0,0,0,0,100,0,0,100,0
Faroe Islands,2005,48,40,0,0,0,0,100,0,0,100,0
Faroe Islands,2006,48,40,0,0,0,0,100,0,0,100,0
Faroe Islands,2007,48,40,0,0,0,0,100,0,0,100,0
Faroe Islands,2008,48,41,0,0,0,0,100,0,0,100,0
Faroe Islands,2009,48,41,0,0,0,0,100,0,0,100,0
Faroe Islands,2010,48,41,0,0,0,0,100,0,0,100,0
Faroe Islands,2011,48,41,0,0,0,0,100,0,0,100,0
Faroe Islands,2012,48,41,0,0,0,0,100,0,0,100,0
Faroe Islands,2013,48,41,0,0,0,0,100,0,0,100,0
Faroe Islands,2014,48,42,0,0,0,0,100,0,0,100,0
Faroe Islands,2015,49,42,0,0,0,0,100,0,0,100,0
Faroe Islands,2016,50,42,0,0,0,0,100,0,0,100,0
Faroe Islands,2017,50,42,0,0,0,0,100,0,0,100,0
Faroe Islands,2018,51,42,0,0,0,0,100,0,0,100,0
Faroe Islands,2019,52,42,0,0,0,0,100,0,0,100,0
Faroe Islands,2020,53,42,0,0,0,0,100,0,0,100,0
Faroe Islands,2021,53,43,0,0,0,0,100,0,0,100,0
Faroe Islands,2022,54,43,0,0,0,0,100,0,0,100,0
Faroe Islands,2023,55,43,0,0,0,0,100,0,0,100,0
Faroe Islands,2024,55,43,0,0,0,0,100,0,0,100,0
Fiji,2000,841,48,92,1,3,39,93,52,55,0,0
Fiji,2001,850,48,92,1,3,39,93,52,56,83,12
Fiji,2002,858,49,92,1,3,39,93,52,56,83,12
Fiji,2003,866,49,92,1,3,40,93,52,56,84,12
Fiji,2004,874,49,91,1,3,40,93,52,56,84,12
Fiji,2005,882,50,91,1,3,40,93,52,57,84,12
Fiji,2006,890,50,91,1,3,40,93,52,57,84,12
Fiji,2007,898,51,91,1,3,40,93,52,57,84,11
Fiji,2008,903,51,91,1,3,40,93,52,57,85,11
Fiji,2009,907,52,91,1,3,40,94,52,58,85,11
Fiji,2010,910,52,91,1,3,40,94,52,58,85,10
Fiji,2011,913,53,91,1,3,40,94,52,58,86,10
Fiji,2012,915,53,91,1,3,41,94,52,59,86,10
Fiji,2013,916,54,91,1,3,41,94,52,59,86,10
Fiji,2014,918,54,91,1,3,41,94,52,59,87,9
Fiji,2015,919,55,91,1,3,41,94,52,59,87,9
Fiji,2016,919,55,91,1,3,41,94,52,60,87,9
Fiji,2017,919,56,91,1,3,41,94,52,60,88,8
Fiji,2018,917,56,91,1,3,41,94,52,60,88,8
Fiji,2019,915,57,91,1,3,41,94,52,61,88,8
Fiji,2020,915,57,91,1,3,42,94,52,61,89,8
Fiji,2021,917,58,91,1,3,42,94,52,61,89,7
Fiji,2022,919,58,91,1,4,42,94,52,62,89,7
Fiji,2023,924,59,91,1,4,42,94,52,62,90,7
Fiji,2024,929,59,91,1,4,42,94,52,62,90,7
Finland,2000,5 176,82,100,0,0,94,100,0,94,99,1
Finland,2001,5 188,82,100,0,0,95,100,0,95,99,1
Finland,2002,5 201,83,100,0,0,95,100,0,95,99,1
Finland,2003,5 213,83,100,0,0,95,100,0,95,99,1
Finland,2004,5 228,83,100,0,0,96,100,0,96,100,0
Finland,2005,5 246,83,100,0,0,96,100,0,96,100,0
Finland,2006,5 266,83,100,0,0,96,100,0,96,100,0
Finland,2007,5 289,83,100,0,0,97,100,0,97,100,0
Finland,2008,5 313,83,100,0,0,97,100,0,97,100,0
Finland,2009,5 339,83,100,0,0,97,100,0,97,100,0
Finland,2010,5 363,84,100,0,0,98,100,0,98,100,0
Finland,2011,5 388,84,100,0,0,98,100,0,98,100,0
Finland,2012,5 414,85,100,0,0,98,100,0,98,100,0
Finland,2013,5 439,85,100,0,0,99,100,0,99,100,0
Finland,2014,5 462,85,100,0,0,100,100,0,100,100,0
Finland,2015,5 480,85,100,0,0,100,100,0,100,100,0
Finland,2016,5 495,85,100,0,0,100,100,0,100,100,0
Finland,2017,5 508,85,100,0,0,100,100,0,100,100,0
Finland,2018,5 516,85,100,0,0,100,100,0,100,100,0
Finland,2019,5 522,85,100,0,0,100,100,0,100,100,0
Finland,2020,5 530,86,100,0,0,100,100,0,100,100,0
Finland,2021,5 541,86,100,0,0,100,100,0,100,100,0
Finland,2022,5 569,86,100,0,0,100,100,0,100,100,0
Finland,2023,5 601,86,100,0,0,100,100,0,100,100,0
Finland,2024,5 617,86,100,0,0,100,100,0,100,100,0
France,2000,59 484,76,100,0,0,97,100,0,97,100,0
France,2001,59 905,76,100,0,0,97,100,0,97,100,0
France,2002,60 327,76,100,0,0,97,100,0,97,100,0
France,2003,60 741,77,100,0,0,97,100,0,97,100,0
France,2004,61 175,77,100,0,0,97,100,0,97,100,0
France,2005,61 625,77,100,0,0,98,100,0,98,100,0
France,2006,62 050,77,100,0,0,98,100,0,98,100,0
France,2007,62 432,78,100,0,0,98,100,0,98,100,0
France,2008,62 780,78,100,0,0,98,100,0,98,100,0
France,2009,63 106,78,100,0,0,98,100,0,98,100,0
France,2010,63 417,78,100,0,0,98,100,0,98,100,0
France,2011,63 734,79,100,0,0,98,100,0,98,100,0
France,2012,64 058,79,100,0,0,98,100,0,98,100,0
France,2013,64 388,79,100,0,0,99,100,0,99,100,0
France,2014,64 692,79,100,0,0,99,100,0,99,100,0
France,2015,64 916,80,100,0,0,99,100,0,99,100,0
France,2016,65 087,80,100,0,0,99,100,0,99,100,0
France,2017,65 285,80,100,0,0,100,100,0,100,100,0
France,2018,65 520,80,100,0,0,100,100,0,100,100,0
France,2019,65 729,81,100,0,0,100,100,0,100,100,0
France,2020,65 905,81,100,0,0,100,100,0,100,100,0
France,2021,66 084,81,100,0,0,100,100,0,100,100,0
France,2022,66 277,82,100,0,0,100,100,0,100,100,0
France,2023,66 439,82,100,0,0,100,100,0,100,100,0
France,2024,66 549,82,100,0,0,100,100,0,100,100,0
French Guiana,2001,169,80,0,0,0,89,89,0,92,85,7
French Guiana,2002,177,80,0,0,0,89,89,0,92,85,7
French Guiana,2003,185,80,0,0,0,89,89,0,92,85,7
French Guiana,2004,194,81,0,0,0,89,89,0,92,85,7
French Guiana,2005,202,81,0,0,0,89,89,0,92,85,7
French Guiana,2006,211,81,0,0,0,89,89,0,92,85,7
French Guiana,2007,219,82,0,0,0,89,89,0,92,86,7
French Guiana,2008,226,82,0,0,0,89,89,0,93,86,7
French Guiana,2009,231,83,0,0,0,90,90,0,93,86,7
French Guiana,2010,235,83,0,0,0,90,90,0,93,86,7
French Guiana,2011,240,83,0,0,0,90,90,0,93,87,7
French Guiana,2012,246,84,0,0,0,90,90,0,93,87,7
French Guiana,2013,253,84,0,0,0,90,90,0,93,87,6
French Guiana,2014,261,84,0,0,0,91,91,0,93,87,6
French Guiana,2015,266,84,0,0,0,91,91,0,93,88,6
French Guiana,2016,271,85,0,0,0,91,91,0,94,88,6
French Guiana,2017,276,85,0,0,0,91,91,0,94,88,6
French Guiana,2018,281,85,0,0,0,91,91,0,94,88,6
French Guiana,2019,286,86,0,0,0,91,91,0,94,89,6
French Guiana,2020,289,86,0,0,0,92,92,0,94,89,6
French Guiana,2021,293,86,0,0,0,92,92,0,94,89,5
French Guiana,2022,298,86,0,0,0,92,92,0,94,89,5
French Guiana,2023,303,87,0,0,0,92,92,0,94,90,5
French Guiana,2024,309,87,0,0,0,92,92,0,94,90,5
French Polynesia,2000,240,56,0,0,0,90,96,0,90,92,8
French Polynesia,2001,244,56,0,0,0,90,96,0,90,93,7
French Polynesia,2002,248,56,0,0,0,90,96,0,90,93,7
French Polynesia,2003,252,56,0,0,0,90,96,0,90,94,6
French Polynesia,2004,256,57,0,0,0,90,96,0,90,94,6
French Polynesia,2005,260,57,0,0,0,90,96,0,90,95,5
French Polynesia,2006,263,58,0,0,0,90,97,0,90,96,4
French Polynesia,2007,266,59,0,0,0,90,97,0,90,96,4
French Polynesia,2008,268,59,0,0,0,90,97,0,90,97,3
French Polynesia,2009,269,60,0,0,0,90,97,0,90,97,3
French Polynesia,2010,271,60,0,0,0,90,97,0,90,98,2
French Polynesia,2011,272,61,0,0,0,90,97,0,90,98,2
French Polynesia,2012,273,61,0,0,0,90,97,0,90,99,1
French Polynesia,2013,275,62,0,0,0,90,98,0,90,100,0
French Polynesia,2014,276,62,0,0,0,90,98,0,90,100,0
French Polynesia,2015,278,62,0,0,0,90,98,0,90,100,0
French Polynesia,2016,279,62,0,0,0,90,98,0,90,100,0
French Polynesia,2017,280,62,0,0,0,90,98,0,90,100,0
French Polynesia,2018,280,62,0,0,0,90,98,0,90,100,0
French Polynesia,2019,279,62,0,0,0,90,98,0,90,100,0
French Polynesia,2020,279,62,0,0,0,90,98,0,90,100,0
French Polynesia,2021,280,62,0,0,0,90,98,0,90,100,0
French Polynesia,2022,280,62,0,0,0,90,98,0,90,100,0
French Polynesia,2023,281,62,0,0,0,90,98,0,90,100,0
French Polynesia,2024,282,62,0,0,0,90,98,0,90,100,0
Gabon,2000,1 276,79,42,5,11,0,44,27,0,79,6
Gabon,2001,1 310,80,43,5,12,0,46,27,0,79,6
Gabon,2002,1 345,80,43,6,12,0,47,28,0,80,6
Gabon,2003,1 382,81,43,6,12,0,48,28,0,80,6
Gabon,2004,1 422,82,44,6,13,0,49,28,0,81,6
Gabon,2005,1 463,82,44,6,13,0,50,28,0,81,6
Gabon,2006,1 508,83,44,7,14,0,52,29,0,82,6
Gabon,2007,1 556,84,45,7,14,0,53,29,0,82,6
Gabon,2008,1 607,84,45,7,15,0,54,29,0,83,6
Gabon,2009,1 662,85,45,7,15,0,55,29,0,83,6
Gabon,2010,1 720,86,46,7,15,0,56,29,0,84,6
Gabon,2011,1 782,86,46,8,16,0,58,29,0,84,6
Gabon,2012,1 847,87,46,8,16,0,59,30,0,84,6
Gabon,2013,1 913,87,46,8,17,0,60,30,0,85,6
Gabon,2014,1 978,88,47,8,17,0,61,31,0,85,6
Gabon,2015,2 041,88,47,9,18,0,62,32,0,85,6
Gabon,2016,2 100,89,47,9,18,0,64,32,0,86,6
Gabon,2017,2 157,89,48,9,18,0,65,33,0,86,6
Gabon,2018,2 212,89,48,10,19,0,66,34,0,86,6
Gabon,2019,2 268,90,48,10,19,0,67,35,0,87,7
Gabon,2020,2 323,90,48,10,20,0,68,36,0,87,7
Gabon,2021,2 377,90,49,10,20,0,69,37,0,87,7
Gabon,2022,2 431,91,49,11,21,0,71,37,0,87,7
Gabon,2023,2 485,91,49,11,21,0,72,38,0,87,7
Gabon,2024,2 539,91,49,11,21,0,72,38,0,88,7
Gambia,2000,1 455,48,62,13,24,23,23,59,47,54,29
Gambia,2001,1 495,49,63,13,24,24,24,60,47,55,28
Gambia,2002,1 536,50,64,13,23,25,25,60,48,57,27
Gambia,2003,1 578,51,64,13,22,26,26,60,48,58,26
Gambia,2004,1 621,51,65,13,22,27,27,61,49,60,25
Gambia,2005,1 667,52,66,13,21,28,28,61,49,61,24
Gambia,2006,1 715,53,66,13,20,30,30,62,50,62,23
Gambia,2007,1 766,53,67,13,20,31,31,62,50,64,22
Gambia,2008,1 818,54,68,13,19,32,32,62,50,65,22
Gambia,2009,1 871,55,68,13,18,33,33,63,51,66,21
Gambia,2010,1 927,56,69,13,18,34,34,63,51,67,20
Gambia,2011,1 984,56,70,13,17,35,35,64,52,68,19
Gambia,2012,2 043,57,70,13,16,36,36,64,52,70,19
Gambia,2013,2 104,58,71,13,16,37,37,64,53,71,18
Gambia,2014,2 165,59,72,13,15,38,38,65,53,72,17
Gambia,2015,2 225,59,72,13,15,40,40,65,53,73,17
Gambia,2016,2 284,60,73,13,14,41,41,65,54,74,16
Gambia,2017,2 342,61,74,13,13,42,42,66,54,75,16
Gambia,2018,2 400,61,74,13,13,43,43,66,55,76,15
Gambia,2019,2 457,62,75,13,12,44,44,66,55,76,15
Gambia,2020,2 516,63,76,13,11,45,45,67,55,77,14
Gambia,2021,2 576,63,77,13,11,47,47,67,56,78,14
Gambia,2022,2 636,64,77,13,10,47,48,67,56,79,13
Gambia,2023,2 698,64,78,13,9,48,48,68,57,80,13
Gambia,2024,2 760,65,78,13,9,48,49,68,57,81,12
Georgia,2000,4 328,53,89,2,9,59,77,69,65,68,27
Georgia,2001,4 210,52,89,2,9,59,77,69,65,69,26
Georgia,2002,4 128,52,89,2,9,59,77,69,65,69,26
Georgia,2003,4 085,53,90,2,9,60,77,70,65,70,25
Georgia,2004,4 056,53,90,2,8,60,78,70,65,71,24
Georgia,2005,4 026,54,90,2,8,60,79,70,66,72,24
Georgia,2006,3 997,54,90,2,8,60,80,70,66,73,23
Georgia,2007,3 968,54,90,2,8,61,81,70,66,73,22
Georgia,2008,3 941,55,90,2,8,61,82,70,66,74,22
Georgia,2009,3 919,55,91,2,7,61,83,70,67,75,21
Georgia,2010,3 896,56,91,2,7,61,84,71,67,76,21
Georgia,2011,3 869,56,91,2,7,61,85,71,67,77,20
Georgia,2012,3 839,56,91,2,7,62,86,71,67,77,19
Georgia,2013,3 809,57,91,2,7,63,87,72,68,78,19
Georgia,2014,3 793,57,92,2,6,64,88,73,68,79,18
Georgia,2015,3 792,57,92,2,6,65,89,75,68,80,17
Georgia,2016,3 792,58,92,2,6,66,90,76,68,80,17
Georgia,2017,3 793,58,92,2,6,67,91,77,69,81,16
Georgia,2018,3 795,59,92,2,6,68,91,78,69,82,16
Georgia,2019,3 797,59,93,2,5,69,92,80,69,83,15
Georgia,2020,3 796,59,93,2,5,69,93,81,69,83,14
Georgia,2021,3 788,60,93,2,5,70,93,82,70,84,14
Georgia,2022,3 795,60,93,2,5,70,94,83,70,85,13
Georgia,2023,3 807,61,93,2,4,70,94,85,70,86,13
Georgia,2024,3 808,61,94,2,4,71,94,86,71,86,12
Germany,2000,81 797,75,100,0,0,100,100,100,100,0,0
Germany,2001,81 934,75,100,0,0,100,100,100,100,99,1
Germany,2002,82 068,75,100,0,0,100,100,100,100,99,1
Germany,2003,82 112,76,100,0,0,100,100,100,100,99,1
Germany,2004,82 093,76,100,0,0,100,100,100,100,99,1
Germany,2005,82 047,76,100,0,0,100,100,100,100,99,1
Germany,2006,81 702,76,100,0,0,100,100,100,100,100,0
Germany,2007,81 299,76,100,0,0,100,100,100,100,100,0
Germany,2008,81 111,77,100,0,0,100,100,100,100,100,0
Germany,2009,80 935,77,100,0,0,100,100,100,100,100,0
Germany,2010,80 831,77,100,0,0,100,100,100,100,100,0
Germany,2011,80 858,77,100,0,0,100,100,100,100,100,0
Germany,2012,80 916,77,100,0,0,100,100,100,100,100,0
Germany,2013,81 042,77,100,0,0,100,100,100,100,100,0
Germany,2014,81 376,77,100,0,0,100,100,100,100,100,0
Germany,2015,82 078,77,100,0,0,100,100,100,100,100,0
Germany,2016,82 760,77,100,0,0,100,100,100,100,100,0
Germany,2017,83 104,77,100,0,0,100,100,100,100,100,0
Germany,2018,83 369,77,100,0,0,100,100,100,100,100,0
Germany,2019,83 559,77,100,0,0,100,100,100,100,100,0
Germany,2020,83 629,77,100,0,0,100,100,100,100,100,0
Germany,2021,83 697,78,100,0,0,100,100,100,100,100,0
Germany,2022,84 086,78,100,0,0,100,100,100,100,100,0
Germany,2023,84 548,78,100,0,0,100,100,100,100,100,0
Germany,2024,84 552,78,100,0,0,100,100,100,100,100,0
Ghana,2000,19 637,44,54,10,10,14,14,55,46,40,36
Ghana,2001,20 167,45,55,10,10,15,15,56,47,41,36
Ghana,2002,20 729,45,56,10,9,16,16,57,47,42,36
Ghana,2003,21 297,46,56,10,9,17,17,58,48,42,36
Ghana,2004,21 868,47,57,10,9,18,18,59,48,43,36
Ghana,2005,22 449,47,58,10,9,19,19,60,49,44,36
Ghana,2006,23 041,48,59,10,8,20,20,62,49,45,36
Ghana,2007,23 642,49,60,10,8,21,21,63,50,46,36
Ghana,2008,24 250,49,61,10,8,22,22,64,50,46,36
Ghana,2009,24 863,50,62,10,8,23,23,65,51,47,36
Ghana,2010,25 475,51,63,10,7,25,25,66,51,48,36
Ghana,2011,26 095,51,64,10,7,26,26,68,52,49,36
Ghana,2012,26 734,52,65,10,7,27,27,69,52,49,36
Ghana,2013,27 386,53,66,10,6,28,28,70,53,50,37
Ghana,2014,28 042,53,67,10,6,30,30,71,53,51,37
Ghana,2015,28 696,54,68,10,6,31,31,73,53,51,37
Ghana,2016,29 357,55,69,10,6,32,32,74,53,52,37
Ghana,2017,30 008,55,70,10,5,33,33,75,54,53,37
Ghana,2018,30 638,56,70,10,5,35,35,76,54,53,37
Ghana,2019,31 259,57,71,10,5,36,36,77,54,54,37
Ghana,2020,31 888,57,72,10,5,37,37,79,54,54,37
Ghana,2021,32 519,58,73,10,4,39,39,80,55,55,37
Ghana,2022,33 149,59,74,10,4,40,40,81,55,56,38
Ghana,2023,33 788,59,75,10,4,42,42,82,56,56,38
Ghana,2024,34 427,60,76,10,3,43,43,83,56,57,38
Gibraltar,2000,28,100,0,0,0,100,100,0,100,100,0
Gibraltar,2001,28,100,0,0,0,100,100,0,100,100,0
Gibraltar,2002,28,100,0,0,0,100,100,0,100,100,0
Gibraltar,2003,28,100,0,0,0,100,100,0,100,100,0
Gibraltar,2004,29,100,0,0,0,100,100,0,100,100,0
Gibraltar,2005,29,100,0,0,0,100,100,0,100,100,0
Gibraltar,2006,30,100,0,0,0,100,100,0,100,100,0
Gibraltar,2007,30,100,0,0,0,100,100,0,100,100,0
Gibraltar,2008,30,100,0,0,0,100,100,0,100,100,0
Gibraltar,2009,31,100,0,0,0,100,100,0,100,100,0
Gibraltar,2010,31,100,0,0,0,100,100,0,100,100,0
Gibraltar,2011,32,100,0,0,0,100,100,0,100,100,0
Gibraltar,2012,32,100,0,0,0,100,100,0,100,100,0
Gibraltar,2013,32,100,0,0,0,100,100,0,100,100,0
Gibraltar,2014,33,100,0,0,0,100,100,0,100,100,0
Gibraltar,2015,33,100,0,0,0,100,100,0,100,100,0
Gibraltar,2016,34,100,0,0,0,100,100,0,100,100,0
Gibraltar,2017,34,100,0,0,0,100,100,0,100,100,0
Gibraltar,2018,35,100,0,0,0,100,100,0,100,100,0
Gibraltar,2019,35,100,0,0,0,100,100,0,100,100,0
Gibraltar,2020,36,100,0,0,0,100,100,0,100,100,0
Gibraltar,2021,37,100,0,0,0,100,100,0,100,100,0
Gibraltar,2022,38,100,0,0,0,100,100,0,100,100,0
Gibraltar,2023,38,100,0,0,0,100,100,0,100,100,0
Gibraltar,2024,39,100,0,0,0,100,100,0,100,100,0
Greece,2000,10 783,73,100,0,0,100,100,0,100,100,0
Greece,2001,10 843,73,100,0,0,100,100,0,100,100,0
Greece,2002,10 890,73,100,0,0,100,100,0,100,100,0
Greece,2003,10 918,74,100,0,0,100,100,0,100,100,0
Greece,2004,10 947,74,100,0,0,100,100,0,100,100,0
Greece,2005,10 981,74,100,0,0,100,100,0,100,100,0
Greece,2006,11 016,75,100,0,0,100,100,0,100,100,0
Greece,2007,11 046,75,100,0,0,100,100,0,100,100,0
Greece,2008,11 077,76,100,0,0,100,100,0,100,100,0
Greece,2009,11 108,76,100,0,0,100,100,0,100,100,0
Greece,2010,11 125,76,100,0,0,100,100,0,100,100,0
Greece,2011,11 109,77,100,0,0,100,100,0,100,100,0
Greece,2012,11 048,77,100,0,0,99,100,0,99,100,0
Greece,2013,10 968,77,100,0,0,99,100,0,99,100,0
Greece,2014,10 893,78,100,0,0,99,100,0,99,100,0
Greece,2015,10 821,78,100,0,0,98,100,0,98,100,0
Greece,2016,10 776,78,100,0,0,98,100,0,98,100,0
Greece,2017,10 754,79,100,0,0,98,100,0,98,100,0
Greece,2018,10 731,79,100,0,0,98,100,0,98,100,0
Greece,2019,10 719,79,100,0,0,98,100,0,98,100,0
Greece,2020,10 699,80,100,0,0,97,100,0,97,100,0
Greece,2021,10 580,80,100,0,0,97,100,0,97,100,0
Greece,2022,10 412,80,100,0,0,97,100,0,97,100,0
Greece,2023,10 243,81,100,0,0,97,100,0,97,100,0
Greece,2024,10 048,81,100,0,0,97,100,0,97,100,0
Greenland,2000,56,82,100,0,0,0,90,0,0,100,0
Greenland,2001,56,82,100,0,0,0,90,0,0,100,0
Greenland,2002,57,82,100,0,0,0,90,0,0,100,0
Greenland,2003,57,82,100,0,0,0,90,0,0,100,0
Greenland,2004,57,83,100,0,0,0,90,0,0,100,0
Greenland,2005,57,83,100,0,0,0,90,0,0,100,0
Greenland,2006,57,83,100,0,0,0,90,0,0,100,0
Greenland,2007,57,83,100,0,0,0,90,0,0,100,0
Greenland,2008,57,84,100,0,0,0,90,0,0,100,0
Greenland,2009,57,84,100,0,0,0,90,0,0,100,0
Greenland,2010,57,84,100,0,0,0,90,0,0,100,0
Greenland,2011,57,85,100,0,0,0,90,0,0,100,0
Greenland,2012,57,85,100,0,0,0,90,0,0,100,0
Greenland,2013,57,86,100,0,0,0,90,0,0,100,0
Greenland,2014,56,86,100,0,0,0,90,0,0,100,0
Greenland,2015,56,86,100,0,0,0,90,0,0,100,0
Greenland,2016,56,86,100,0,0,0,90,0,0,100,0
Greenland,2017,56,87,100,0,0,0,90,0,0,100,0
Greenland,2018,56,87,100,0,0,0,90,0,0,100,0
Greenland,2019,56,87,100,0,0,0,90,0,0,100,0
Greenland,2020,56,87,100,0,0,0,90,0,0,100,0
Greenland,2021,56,88,100,0,0,0,90,0,0,100,0
Greenland,2022,56,88,100,0,0,0,90,0,0,100,0
Greenland,2023,56,88,100,0,0,0,90,0,0,100,0
Greenland,2024,56,88,100,0,0,0,90,0,0,100,0
Grenada,2000,107,36,0,0,0,79,79,90,85,92,3
Grenada,2001,108,36,0,0,0,80,80,90,85,92,3
Grenada,2002,108,36,0,0,0,81,81,90,85,92,3
Grenada,2003,109,36,0,0,0,81,81,91,85,92,3
Grenada,2004,109,36,0,0,0,82,82,91,85,92,3
Grenada,2005,110,36,0,0,0,83,83,91,86,92,4
Grenada,2006,110,36,0,0,0,84,84,91,86,92,4
Grenada,2007,111,36,0,0,0,85,85,92,86,92,4
Grenada,2008,111,36,0,0,0,86,86,92,86,92,4
Grenada,2009,111,36,0,0,0,87,87,92,87,92,4
Grenada,2010,112,36,0,0,0,88,88,92,88,92,5
Grenada,2011,112,36,0,0,0,89,89,92,89,92,5
Grenada,2012,113,36,0,0,0,89,90,93,89,92,5
Grenada,2013,113,36,0,0,0,90,90,92,90,92,4
Grenada,2014,114,36,0,0,0,90,90,92,90,92,4
Grenada,2015,115,36,0,0,0,90,90,92,91,92,4
Grenada,2016,115,36,0,0,0,90,90,92,92,92,4
Grenada,2017,115,36,0,0,0,90,90,92,92,92,4
Guadeloupe,2001,418,98,0,0,0,98,99,0,98,98,0
Guadeloupe,2002,416,98,0,0,0,98,99,0,98,98,0
Guadeloupe,2003,413,98,0,0,0,98,99,0,98,98,0
Guadeloupe,2004,411,98,0,0,0,98,99,0,98,98,0
Guadeloupe,2005,408,98,0,0,0,98,99,0,98,98,0
Guadeloupe,2006,407,98,0,0,0,98,99,0,98,98,0
Guadeloupe,2007,408,98,0,0,0,98,99,0,98,99,0
Guadeloupe,2008,409,98,0,0,0,98,99,0,98,99,0
Guadeloupe,2009,409,98,0,0,0,98,100,0,98,99,0
Guadeloupe,2010,409,98,0,0,0,98,100,0,98,99,0
Guadeloupe,2011,409,98,0,0,0,98,100,0,98,99,0
Guadeloupe,2012,409,98,0,0,0,98,100,0,98,99,0
Guadeloupe,2013,408,98,0,0,0,98,100,0,98,100,0
Guadeloupe,2014,407,98,0,0,0,98,100,0,98,100,0
Guadeloupe,2015,404,98,0,0,0,97,100,0,97,100,0
Guadeloupe,2016,405,98,0,0,0,97,100,0,97,100,0
Guadeloupe,2017,413,98,0,0,0,97,100,0,97,100,0
Guadeloupe,2018,415,98,0,0,0,97,100,0,97,100,0
Guadeloupe,2019,410,98,0,0,0,97,100,0,97,100,0
Guadeloupe,2020,407,98,0,0,0,97,100,0,97,100,0
Guadeloupe,2021,399,99,0,0,0,97,100,0,97,100,0
Guadeloupe,2022,385,99,0,0,0,97,100,0,97,100,0
Guadeloupe,2023,377,99,0,0,0,97,100,0,97,100,0
Guadeloupe,2024,375,99,0,0,0,97,100,0,97,100,0
Guam,2000,160,93,0,0,0,100,100,0,100,100,0
Guam,2001,161,93,0,0,0,100,100,0,100,100,0
Guam,2002,162,93,0,0,0,100,100,0,100,100,0
Guam,2003,163,93,0,0,0,100,100,0,100,100,0
Guam,2004,164,94,0,0,0,100,100,0,100,100,0
Guam,2005,164,94,0,0,0,100,100,0,100,100,0
Guam,2006,165,94,0,0,0,100,100,0,100,99,0
Guam,2007,165,94,0,0,0,100,100,0,100,99,0
Guam,2008,166,94,0,0,0,100,100,0,100,99,0
Guam,2009,166,94,0,0,0,100,100,0,100,99,0
Guam,2010,167,94,0,0,0,99,99,0,100,98,1
Guam,2011,167,94,0,0,0,99,99,0,100,98,1
Guam,2012,166,94,0,0,0,99,99,0,100,98,1
Guam,2013,166,94,0,0,0,99,99,0,100,98,1
Guam,2014,165,94,0,0,0,99,99,0,100,98,2
Guam,2015,165,95,0,0,0,99,99,0,100,98,2
Guam,2016,164,95,0,0,0,99,99,0,100,98,2
Guam,2017,163,95,0,0,0,99,99,0,100,98,2
Guam,2018,163,95,0,0,0,99,99,0,100,98,2
Guam,2019,162,95,0,0,0,98,98,0,100,97,2
Guam,2020,162,95,0,0,0,98,98,0,98,97,2
Guam,2021,164,95,0,0,0,97,98,0,97,97,2
Guam,2022,165,95,0,0,0,96,98,0,96,97,2
Guam,2023,167,95,0,0,0,95,98,0,95,97,2
Guam,2024,168,95,0,0,0,94,98,0,94,97,2
Guatemala,2000,11 698,45,81,0,13,50,76,54,52,76,11
Guatemala,2001,11 969,46,81,0,13,50,76,54,52,77,12
Guatemala,2002,12 247,46,81,0,12,50,77,54,53,77,12
Guatemala,2003,12 526,46,82,0,12,50,77,54,53,77,12
Guatemala,2004,12 807,47,82,0,12,50,77,54,53,77,13
Guatemala,2005,13 088,47,82,0,11,50,77,54,53,77,13
Guatemala,2006,13 367,47,83,0,11,50,78,54,53,77,13
Guatemala,2007,13 652,48,83,1,11,50,78,54,54,77,13
Guatemala,2008,13 935,48,83,1,10,50,78,55,54,77,14
Guatemala,2009,14 216,48,84,1,10,50,78,55,54,77,14
Guatemala,2010,14 500,48,84,1,10,50,79,55,54,77,14
Guatemala,2011,14 792,49,85,1,10,50,79,55,55,77,14
Guatemala,2012,15 090,49,85,1,9,50,79,55,55,77,15
Guatemala,2013,15 387,49,85,2,9,50,79,55,55,77,15
Guatemala,2014,15 682,50,86,2,9,49,80,55,55,77,15
Guatemala,2015,15 972,50,86,2,8,49,80,55,55,77,16
Guatemala,2016,16 269,50,86,2,8,49,80,55,56,77,16
Guatemala,2017,16 567,51,87,2,8,49,80,55,56,77,16
Guatemala,2018,16 846,51,87,2,7,49,81,55,56,77,16
Guatemala,2019,17 104,51,87,2,7,49,81,55,56,77,17
Guatemala,2020,17 357,52,88,2,7,49,81,55,56,77,17
Guatemala,2021,17 599,52,88,2,6,49,81,55,57,77,17
Guatemala,2022,17 848,53,88,2,6,49,82,55,57,77,17
Guatemala,2023,18 125,53,89,2,6,49,82,55,57,77,18
Guatemala,2024,18 406,54,89,3,5,49,82,54,57,77,18
Guinea,2000,8 429,31,38,15,22,0,21,27,0,23,40
Guinea,2001,8 540,31,39,15,22,0,21,28,0,24,41
Guinea,2002,8 674,31,40,15,21,0,22,28,0,24,42
Guinea,2003,8 871,32,41,16,21,0,22,28,0,24,43
Guinea,2004,9 063,32,41,16,21,0,22,29,0,24,44
Guinea,2005,9 246,32,42,16,20,0,23,29,0,24,45
Guinea,2006,9 441,33,43,16,20,0,23,30,0,24,46
Guinea,2007,9 662,33,44,17,19,0,23,30,0,24,47
Guinea,2008,9 899,33,44,17,19,0,24,30,0,24,48
Guinea,2009,10 144,33,45,17,18,0,24,31,0,24,49
Guinea,2010,10 396,34,46,18,18,0,24,31,0,24,49
Guinea,2011,10 657,34,47,18,18,0,25,32,0,24,50
Guinea,2012,10 922,34,48,17,17,0,26,32,0,24,51
Guinea,2013,11 192,35,49,17,17,0,27,31,0,24,52
Guinea,2014,11 473,35,51,17,16,0,28,31,0,24,53
Guinea,2015,11 767,35,52,17,16,0,30,31,0,24,54
Guinea,2016,12 073,35,53,17,15,0,31,31,0,24,55
Guinea,2017,12 386,36,54,17,15,0,32,31,0,24,56
Guinea,2018,12 705,36,55,17,15,0,33,30,0,23,57
Guinea,2019,13 034,37,56,17,14,0,34,30,0,23,58
Guinea,2020,13 371,37,58,16,14,0,36,30,0,23,59
Guinea,2021,13 711,37,59,16,13,0,37,30,0,23,60
Guinea,2022,14 055,38,60,16,13,0,38,29,0,23,61
Guinea,2023,14 405,38,61,16,12,0,39,29,0,23,62
Guinea,2024,14 755,39,62,16,12,0,40,29,0,23,63
Guinea0Bissau,2000,1 235,36,43,3,51,18,18,47,35,15,43
Guinea0Bissau,2001,1 261,37,43,3,50,18,18,47,35,17,42
Guinea0Bissau,2002,1 289,37,44,4,49,18,18,48,36,18,41
Guinea0Bissau,2003,1 319,37,44,4,48,19,19,49,36,20,40
Guinea0Bissau,2004,1 350,38,45,4,47,19,19,49,37,22,40
Guinea0Bissau,2005,1 382,38,45,5,47,19,19,50,37,23,39
Guinea0Bissau,2006,1 415,39,46,5,46,19,19,51,38,25,38
Guinea0Bissau,2007,1 451,39,46,5,45,20,20,52,38,27,37
Guinea0Bissau,2008,1 488,39,47,6,44,20,20,52,39,28,36
Guinea0Bissau,2009,1 526,40,47,6,43,20,20,53,40,30,36
Guinea0Bissau,2010,1 566,40,48,7,43,21,21,54,40,32,35
Guinea0Bissau,2011,1 608,41,48,7,42,21,21,54,41,33,34
Guinea0Bissau,2012,1 651,41,49,8,41,21,21,55,41,35,33
Guinea0Bissau,2013,1 696,41,49,8,40,22,22,56,42,37,33
Guinea0Bissau,2014,1 741,42,50,8,40,22,22,56,42,38,32
Guinea0Bissau,2015,1 786,42,50,9,39,22,22,57,43,40,31
Guinea0Bissau,2016,1 832,43,51,9,38,22,22,58,43,42,30
Guinea0Bissau,2017,1 877,43,51,10,37,23,23,58,44,43,29
Guinea0Bissau,2018,1 922,43,51,10,36,23,23,59,44,45,29
Guinea0Bissau,2019,1 968,44,52,11,36,23,23,60,45,47,28
Guinea0Bissau,2020,2 013,44,52,11,35,23,23,60,46,48,27
Guinea0Bissau,2021,2 059,45,53,12,34,24,24,61,46,50,26
Guinea0Bissau,2022,2 106,45,53,12,34,24,24,61,46,50,26
Guinea0Bissau,2023,2 153,45,53,12,34,24,24,61,46,50,26
Guinea0Bissau,2024,2 201,46,53,12,34,24,24,61,46,50,26
Guyana,2000,765,29,86,2,5,63,79,81,63,66,25
Guyana,2001,764,29,87,2,5,63,80,81,63,66,25
Guyana,2002,764,29,87,2,5,63,80,82,63,67,25
Guyana,2003,763,28,88,2,5,63,80,82,63,67,25
Guyana,2004,762,28,88,2,5,63,81,82,63,67,26
Guyana,2005,761,28,88,2,4,64,81,83,64,67,26
Guyana,2006,759,28,89,2,4,64,82,83,64,67,26
Guyana,2007,757,27,89,2,4,64,82,83,64,67,26
Guyana,2008,755,27,90,2,4,64,82,83,64,67,26
Guyana,2009,752,27,90,2,4,64,83,84,64,68,26
Guyana,2010,749,27,91,2,3,65,83,84,65,68,26
Guyana,2011,746,26,91,2,3,65,84,84,65,68,27
Guyana,2012,746,26,91,2,3,65,84,85,65,68,27
Guyana,2013,750,26,92,2,3,65,85,85,65,68,27
Guyana,2014,754,26,92,2,3,65,85,85,65,69,27
Guyana,2015,759,26,93,2,3,66,85,85,66,69,27
Guyana,2016,764,26,93,2,2,66,86,86,66,69,27
Guyana,2017,768,27,94,2,2,66,86,86,66,69,27
Guyana,2018,792,27,94,2,2,66,87,86,66,69,27
Guyana,2019,808,27,94,2,2,66,87,87,66,70,27
Guyana,2020,807,27,95,2,2,67,88,87,67,70,28
Guyana,2021,815,27,95,2,1,67,88,87,67,70,28
Guyana,2022,822,27,96,2,1,67,88,87,67,70,28
Guyana,2023,826,27,96,2,1,67,88,87,67,70,28
Guyana,2024,831,27,96,2,1,67,88,87,67,70,28
Haiti,2000,8 303,36,38,8,35,0,18,50,0,42,19
Haiti,2001,8 456,37,38,8,35,0,18,52,0,42,20
Haiti,2002,8 608,39,39,9,35,0,18,53,0,42,22
Haiti,2003,8 760,41,40,9,34,0,18,54,0,42,23
Haiti,2004,8 910,42,41,9,34,0,18,55,0,42,25
Haiti,2005,9 061,43,41,10,33,0,17,56,0,41,26
Haiti,2006,9 217,44,42,10,33,0,17,57,0,41,28
Haiti,2007,9 373,45,43,11,32,0,17,58,0,41,29
Haiti,2008,9 531,46,43,11,32,0,16,59,0,40,31
Haiti,2009,9 690,47,44,11,32,0,16,59,0,39,32
Haiti,2010,9 803,48,45,12,31,0,15,60,0,39,34
Haiti,2011,9 915,48,45,12,31,0,14,61,0,38,35
Haiti,2012,10 070,49,46,13,30,0,14,62,0,38,37
Haiti,2013,10 222,50,47,13,30,0,13,63,0,37,39
Haiti,2014,10 373,51,47,13,30,0,12,64,0,36,40
Haiti,2015,10 523,52,48,14,29,0,12,64,0,35,42
Haiti,2016,10 671,53,49,14,29,0,11,65,0,34,44
Haiti,2017,10 818,54,49,15,28,0,10,66,0,34,45
Haiti,2018,10 962,55,50,15,28,0,9,66,0,33,47
Haiti,2019,11 105,56,51,16,27,0,8,67,0,32,49
Haiti,2020,11 244,57,51,16,27,0,8,68,0,31,51
Haiti,2021,11 375,58,52,16,27,0,9,69,0,30,53
Haiti,2022,11 504,59,53,16,26,0,9,69,0,29,54
Haiti,2023,11 637,60,54,17,26,0,9,70,0,27,56
Haiti,2024,11 773,60,55,17,25,0,9,70,0,26,58
Honduras,2000,6 578,45,77,0,20,42,82,53,55,77,9
Honduras,2001,6 758,46,78,0,19,42,82,53,56,78,9
Honduras,2002,6 939,47,78,0,19,42,83,53,56,79,8
Honduras,2003,7 119,47,79,0,18,44,83,55,57,79,8
Honduras,2004,7 299,48,79,0,18,45,84,56,57,80,8
Honduras,2005,7 478,49,80,0,17,46,84,58,57,81,8
Honduras,2006,7 657,49,80,0,17,48,84,59,58,81,8
Honduras,2007,7 835,50,81,0,16,49,85,61,58,82,7
Honduras,2008,8 013,51,81,0,16,51,85,62,59,83,7
Honduras,2009,8 190,51,82,0,15,52,85,64,59,83,7
Honduras,2010,8 366,52,83,0,15,54,86,66,60,84,7
Honduras,2011,8 541,53,83,0,14,56,86,68,60,85,7
Honduras,2012,8 715,53,84,0,14,57,86,69,61,85,6
Honduras,2013,8 889,54,84,0,13,59,87,71,61,86,6
Honduras,2014,9 063,55,85,0,13,61,87,73,61,87,6
Honduras,2015,9 237,55,85,0,12,62,87,75,62,87,6
Honduras,2016,9 412,56,86,1,12,62,88,76,62,88,6
Honduras,2017,9 588,56,86,1,11,63,88,78,63,88,6
Honduras,2018,9 765,57,87,1,11,63,88,80,63,89,5
Honduras,2019,9 944,58,87,1,10,64,88,82,64,90,5
Honduras,2020,10 120,58,88,1,10,64,89,84,64,90,5
Honduras,2021,10 290,59,89,1,10,64,89,86,64,91,5
Honduras,2022,10 464,60,89,1,9,65,89,87,65,91,5
Honduras,2023,10 645,60,90,1,9,65,90,87,65,92,5
Honduras,2024,10 826,61,90,1,8,66,90,87,66,92,4
Hungary,2000,10 191,65,89,0,11,83,88,94,83,93,1
Hungary,2001,10 167,65,89,0,11,83,89,94,83,93,1
Hungary,2002,10 138,65,90,0,10,83,90,95,83,93,1
Hungary,2003,10 109,65,90,0,10,84,90,95,84,93,1
Hungary,2004,10 086,66,91,0,9,84,91,95,84,94,1
Hungary,2005,10 066,66,91,0,8,84,92,95,84,94,2
Hungary,2006,10 050,67,92,0,8,85,92,96,85,94,2
Hungary,2007,10 034,67,92,0,7,85,93,96,85,94,2
Hungary,2008,10 017,68,93,0,7,85,94,96,85,94,2
Hungary,2009,10 001,68,94,0,6,86,94,97,86,95,2
Hungary,2010,9 979,69,94,0,6,86,95,97,86,95,2
Hungary,2011,9 947,69,95,0,5,86,96,97,86,95,2
Hungary,2012,9 917,70,95,0,5,86,96,98,86,95,2
Hungary,2013,9 889,70,96,0,4,88,97,98,88,95,2
Hungary,2014,9 863,70,96,0,4,89,98,98,89,96,3
Hungary,2015,9 839,71,97,0,3,90,98,98,90,96,3
Hungary,2016,9 811,71,97,0,3,92,99,99,92,96,3
Hungary,2017,9 786,71,98,0,2,93,99,99,93,96,3
Hungary,2018,9 774,71,98,0,2,94,100,100,94,96,3
Hungary,2019,9 770,72,99,0,1,96,100,100,96,97,3
Hungary,2020,9 749,72,100,0,0,97,100,100,97,97,3
Hungary,2021,9 708,72,100,0,0,99,100,100,99,97,3
Hungary,2022,9 684,73,100,0,0,100,100,100,100,97,3
Hungary,2023,9 686,73,100,0,0,100,100,100,100,97,3
Hungary,2024,9 676,73,100,0,0,100,100,100,100,97,3
Iceland,2000,281,92,100,0,0,90,100,0,90,100,0
Iceland,2001,285,93,100,0,0,91,100,0,91,100,0
Iceland,2002,288,93,100,0,0,91,100,0,91,100,0
Iceland,2003,290,93,100,0,0,92,100,0,92,100,0
Iceland,2004,292,93,100,0,0,92,100,0,92,100,0
Iceland,2005,297,93,100,0,0,93,100,0,93,100,0
Iceland,2006,304,93,100,0,0,93,100,0,93,100,0
Iceland,2007,312,93,100,0,0,94,100,0,94,100,0
Iceland,2008,318,93,100,0,0,94,100,0,94,100,0
Iceland,2009,319,94,100,0,0,95,100,0,95,100,0
Iceland,2010,318,94,100,0,0,96,100,0,96,100,0
Iceland,2011,319,94,100,0,0,96,100,0,96,100,0
Iceland,2012,321,94,100,0,0,97,100,0,97,100,0
Iceland,2013,324,94,100,0,0,97,100,0,97,100,0
Iceland,2014,328,94,100,0,0,98,100,0,98,100,0
Iceland,2015,331,94,100,0,0,98,100,0,98,100,0
Iceland,2016,336,94,100,0,0,99,100,0,99,100,0
Iceland,2017,344,94,100,0,0,100,100,0,100,100,0
Iceland,2018,353,94,100,0,0,100,100,0,100,100,0
Iceland,2019,361,94,100,0,0,100,100,0,100,100,0
Iceland,2020,367,94,100,0,0,100,100,0,100,100,0
Iceland,2021,373,94,100,0,0,100,100,0,100,100,0
Iceland,2022,380,94,100,0,0,100,100,0,100,100,0
Iceland,2023,388,94,100,0,0,100,100,0,100,100,0
Iceland,2024,393,94,100,0,0,100,100,0,100,100,0
India,2000,1 057 923,28,75,6,18,38,38,69,59,39,45
India,2001,1 077 899,28,76,6,17,39,39,69,60,40,45
India,2002,1 097 600,28,76,6,16,41,41,70,60,41,45
India,2003,1 116 803,29,77,5,16,42,42,71,61,42,44
India,2004,1 135 992,29,78,5,15,44,44,72,61,43,44
India,2005,1 154 676,29,79,5,14,45,45,72,62,44,44
India,2006,1 172 879,30,80,5,14,47,47,73,62,44,44
India,2007,1 190 676,30,81,5,13,48,48,74,63,45,43
India,2008,1 207 931,30,81,5,12,50,50,74,63,46,43
India,2009,1 225 525,31,82,5,12,51,51,75,65,47,43
India,2010,1 243 482,31,83,5,11,53,53,76,67,48,43
India,2011,1 261 225,31,84,5,10,55,55,76,68,49,42
India,2012,1 278 675,32,85,5,10,56,56,77,70,49,42
India,2013,1 295 830,32,86,4,9,58,58,78,72,50,42
India,2014,1 312 277,32,86,4,8,60,60,78,74,51,42
India,2015,1 328 024,33,87,4,8,61,61,79,75,52,41
India,2016,1 343 944,33,88,4,7,63,63,80,77,53,41
India,2017,1 359 657,34,89,4,6,65,65,80,79,54,41
India,2018,1 374 659,34,90,4,6,66,66,81,81,54,40
India,2019,1 389 030,34,91,4,5,68,68,81,82,55,40
India,2020,1 402 618,35,91,4,4,70,70,82,84,56,40
India,2021,1 414 204,35,92,3,4,71,71,83,86,57,40
India,2022,1 425 423,36,93,3,3,73,73,83,88,58,39
India,2023,1 438 070,36,94,3,2,75,75,84,90,59,39
India,2024,1 450 936,37,95,3,2,76,76,85,91,59,39
Indonesia,2000,216 078,42,66,0,28,24,58,69,24,17,59
Indonesia,2001,219 098,43,67,0,27,24,58,70,24,17,59
Indonesia,2002,222 088,44,68,0,26,24,59,71,24,18,60
Indonesia,2003,225 048,44,69,0,25,25,60,72,25,18,61
Indonesia,2004,227 927,45,70,0,25,25,60,72,25,18,61
Indonesia,2005,230 872,46,71,0,24,25,61,73,25,19,62
Indonesia,2006,233 952,47,72,0,23,26,62,74,26,19,63
Indonesia,2007,237 062,48,73,0,22,26,62,75,26,19,64
Indonesia,2008,240 158,48,74,0,21,26,63,76,26,19,64
Indonesia,2009,243 220,49,76,0,20,27,63,77,27,20,65
Indonesia,2010,246 305,50,77,0,19,27,64,78,27,20,66
Indonesia,2011,249 470,51,77,0,18,27,65,78,27,20,66
Indonesia,2012,252 699,51,78,1,17,27,65,79,27,20,67
Indonesia,2013,255 852,52,78,2,16,28,66,80,28,20,68
Indonesia,2014,258 877,53,79,2,15,28,66,81,28,20,68
Indonesia,2015,261 799,53,79,3,15,28,67,82,28,21,69
Indonesia,2016,264 627,54,80,4,14,29,67,82,29,21,70
Indonesia,2017,267 347,55,80,4,13,29,68,83,29,21,70
Indonesia,2018,269 952,55,80,5,12,29,68,84,29,21,71
Indonesia,2019,272 489,56,81,6,11,29,68,85,29,21,72
Indonesia,2020,274 815,57,81,7,10,30,69,85,30,21,72
Indonesia,2021,276 758,57,81,7,9,30,70,86,30,21,73
Indonesia,2022,278 831,58,82,8,8,30,70,87,30,22,74
Indonesia,2023,281 190,59,81,9,8,30,70,87,30,22,74
Indonesia,2024,283 488,59,80,10,8,30,70,87,30,22,74
Iran (Islamic Republic of),2000,66 419,64,87,4,8,90,90,0,94,93,3
Iran (Islamic Republic of),2001,67 452,65,88,4,7,91,91,0,94,94,3
Iran (Islamic Republic of),2002,68 011,65,88,4,7,91,91,0,94,94,3
Iran (Islamic Republic of),2003,68 769,66,88,4,7,91,91,0,95,94,3
Iran (Islamic Republic of),2004,70 256,67,89,4,6,91,91,0,95,95,2
Iran (Islamic Republic of),2005,71 828,68,89,4,6,91,91,0,95,95,2
Iran (Islamic Republic of),2006,73 393,68,89,4,6,92,92,0,95,95,2
Iran (Islamic Republic of),2007,74 603,69,90,4,6,92,92,0,95,96,2
Iran (Islamic Republic of),2008,75 514,69,90,4,5,92,92,0,96,96,2
Iran (Islamic Republic of),2009,76 458,70,90,4,5,92,92,0,96,96,2
Iran (Islamic Republic of),2010,77 421,71,90,4,5,92,92,0,96,96,2
Iran (Islamic Republic of),2011,78 384,71,91,4,5,93,93,0,96,97,2
Iran (Islamic Republic of),2012,79 371,72,91,4,4,93,93,0,96,97,1
Iran (Islamic Republic of),2013,80 415,72,91,4,4,93,93,0,96,97,1
Iran (Islamic Republic of),2014,81 502,73,92,4,4,93,93,0,96,97,1
Iran (Islamic Republic of),2015,82 619,73,92,4,4,93,93,0,97,98,1
Iran (Islamic Republic of),2016,83 812,74,92,4,3,93,93,0,97,98,1
Iran (Islamic Republic of),2017,85 027,74,93,4,3,93,93,0,97,98,0
Iran (Islamic Republic of),2018,86 118,75,93,4,3,94,94,0,97,98,0
Iran (Islamic Republic of),2019,87 052,75,93,4,2,94,94,0,97,98,0
Iran (Islamic Republic of),2020,87 723,76,94,4,2,94,94,0,97,99,0
Iran (Islamic Republic of),2021,88 455,76,94,4,2,94,94,0,97,99,0
Iran (Islamic Republic of),2022,89 524,77,94,4,1,94,94,0,97,99,0
Iran (Islamic Republic of),2023,90 609,77,94,4,0,94,94,0,97,100,0
Iran (Islamic Republic of),2024,91 568,78,95,4,0,94,94,0,97,100,0
Iraq,2000,24 424,68,54,3,12,50,73,51,50,76,6
Iraq,2001,25 198,69,56,3,12,51,74,52,51,76,7
Iraq,2002,26 007,69,58,3,11,51,75,52,51,77,7
Iraq,2003,26 803,69,60,3,10,52,76,53,52,77,8
Iraq,2004,27 578,69,62,3,10,52,76,53,52,78,8
Iraq,2005,28 407,69,64,3,9,53,77,55,53,78,9
Iraq,2006,28 617,69,66,3,9,53,78,56,53,78,9
Iraq,2007,28 392,69,68,3,8,54,79,57,54,79,10
Iraq,2008,28 971,69,70,3,7,54,80,58,54,79,10
Iraq,2009,30 058,69,72,3,7,54,82,59,54,79,11
Iraq,2010,31 045,69,74,3,6,55,83,61,55,80,11
Iraq,2011,32 161,69,76,3,5,55,84,62,55,80,12
Iraq,2012,33 655,69,79,3,5,56,85,63,56,81,12
Iraq,2013,35 282,70,81,3,4,56,86,64,56,81,13
Iraq,2014,36 550,70,83,3,3,57,87,66,57,81,13
Iraq,2015,37 561,70,85,3,3,57,88,67,57,82,14
Iraq,2016,38 470,70,87,3,2,58,90,68,58,82,14
Iraq,2017,39 337,70,89,3,1,58,91,70,58,82,15
Iraq,2018,40 266,70,91,3,0,59,92,71,59,83,15
Iraq,2019,41 192,71,93,3,0,59,93,72,59,83,16
Iraq,2020,42 117,71,95,3,0,60,94,74,60,83,16
Iraq,2021,43 071,71,95,3,0,60,94,74,60,84,16
Iraq,2022,44 071,71,95,3,0,60,94,74,60,84,16
Iraq,2023,45 074,72,95,3,0,60,94,74,60,84,16
Iraq,2024,46 042,72,95,3,0,60,94,74,60,84,16
Ireland,2000,3 803,59,97,0,3,75,78,0,92,96,0
Ireland,2001,3 863,59,97,0,3,75,78,0,92,97,0
Ireland,2002,3 928,60,97,0,3,76,78,0,92,97,0
Ireland,2003,3 993,60,97,0,3,76,79,0,92,97,0
Ireland,2004,4 066,60,97,0,3,76,79,0,92,97,0
Ireland,2005,4 155,60,97,0,3,77,80,0,92,97,0
Ireland,2006,4 269,61,97,0,3,78,81,0,92,97,0
Ireland,2007,4 394,61,97,0,3,79,83,0,92,97,0
Ireland,2008,4 486,61,97,0,3,81,84,0,92,97,0
Ireland,2009,4 534,61,97,0,3,82,85,0,92,97,0
Ireland,2010,4 559,62,97,0,3,83,87,0,92,97,0
Ireland,2011,4 580,62,97,0,3,84,88,0,92,97,0
Ireland,2012,4 600,62,98,0,2,85,89,0,92,97,0
Ireland,2013,4 625,62,98,0,2,86,90,0,92,97,0
Ireland,2014,4 658,62,98,0,2,87,92,0,92,97,0
Ireland,2015,4 702,63,98,0,2,88,93,0,92,97,0
Ireland,2016,4 754,63,98,0,2,90,94,0,92,97,0
Ireland,2017,4 810,63,98,0,2,92,95,0,93,97,0
Ireland,2018,4 873,63,98,0,2,93,97,0,93,97,0
Ireland,2019,4 933,63,98,0,2,94,97,0,94,97,0
Ireland,2020,4 983,64,98,0,2,94,97,0,94,97,0
Ireland,2021,5 028,64,98,0,2,95,97,0,95,97,0
Ireland,2022,5 110,64,98,0,2,95,97,0,95,97,0
Ireland,2023,5 197,64,98,0,2,96,97,0,96,97,0
Ireland,2024,5 255,65,98,0,2,96,97,0,96,97,0
Isle of Man,2009,83,52,0,0,0,97,97,0,99,97,1
Isle of Man,2010,84,52,0,0,0,97,97,0,99,97,1
Isle of Man,2011,84,52,0,0,0,97,97,0,99,97,1
Isle of Man,2012,84,52,0,0,0,97,97,0,99,97,1
Isle of Man,2013,84,52,0,0,0,97,97,0,99,97,1
Isle of Man,2014,84,52,0,0,0,97,97,0,99,98,1
Isle of Man,2015,84,52,0,0,0,97,97,0,99,98,1
Isle of Man,2016,83,52,0,0,0,98,98,0,100,98,0
Isle of Man,2017,84,52,0,0,0,98,98,0,100,98,0
Isle of Man,2018,84,53,0,0,0,98,98,0,100,99,0
Isle of Man,2019,84,53,0,0,0,99,99,0,100,99,0
Isle of Man,2020,84,53,0,0,0,100,100,0,100,100,0
Isle of Man,2021,84,53,0,0,0,100,100,0,100,100,0
Isle of Man,2022,84,53,0,0,0,100,100,0,100,100,0
Isle of Man,2023,84,53,0,0,0,100,100,0,100,100,0
Isle of Man,2024,84,54,0,0,0,100,100,0,100,100,0
Israel,2000,6 111,91,100,0,0,100,100,0,100,100,0
Israel,2001,6 260,91,100,0,0,100,100,0,100,100,0
Israel,2002,6 388,91,100,0,0,100,100,0,100,100,0
Israel,2003,6 503,91,100,0,0,100,100,0,100,100,0
Israel,2004,6 615,91,100,0,0,100,100,0,100,100,0
Israel,2005,6 728,92,100,0,0,100,100,0,100,100,0
Israel,2006,6 844,92,100,0,0,100,100,0,100,100,0
Israel,2007,6 962,92,100,0,0,100,100,0,100,100,0
Israel,2008,7 083,92,100,0,0,100,100,0,100,100,0
Israel,2009,7 206,92,100,0,0,100,100,0,100,100,0
Israel,2010,7 337,92,100,0,0,100,100,0,100,100,0
Israel,2011,7 471,92,100,0,0,100,100,0,100,100,0
Israel,2012,7 608,92,100,0,0,100,100,0,100,100,0
Israel,2013,7 749,92,100,0,0,100,100,0,100,100,0
Israel,2014,7 897,92,100,0,0,100,100,0,100,100,0
Israel,2015,8 053,92,100,0,0,100,100,0,100,100,0
Israel,2016,8 210,92,100,0,0,100,100,0,100,100,0
Israel,2017,8 362,92,100,0,0,100,100,0,100,100,0
Israel,2018,8 510,92,100,0,0,100,100,0,100,100,0
Israel,2019,8 657,93,100,0,0,100,100,0,100,100,0
Israel,2020,8 800,93,100,0,0,100,100,0,100,100,0
Israel,2021,8 943,93,100,0,0,100,100,0,100,100,0
Israel,2022,9 103,93,100,0,0,100,100,0,100,100,0
Israel,2023,9 256,93,100,0,0,100,100,0,100,100,0
Israel,2024,9 387,93,100,0,0,100,100,0,100,100,0
Italy,2000,57 272,67,0,0,0,95,95,0,95,100,0
Italy,2001,57 306,67,0,0,0,95,95,0,95,100,0
Italy,2002,57 421,67,0,0,0,95,95,0,95,100,0
Italy,2003,57 740,68,0,0,0,95,95,0,95,100,0
Italy,2004,58 177,68,0,0,0,96,96,0,96,100,0
Italy,2005,58 520,68,0,0,0,96,96,0,96,99,0
Italy,2006,58 754,68,0,0,0,96,96,0,96,99,0
Italy,2007,59 109,68,0,0,0,96,96,0,96,99,0
Italy,2008,59 562,68,0,0,0,96,97,0,96,99,0
Italy,2009,59 904,68,0,0,0,96,97,0,96,99,1
Italy,2010,60 164,68,0,0,0,96,97,0,96,99,1
Italy,2011,60 368,68,0,0,0,96,97,0,96,99,1
Italy,2012,60 532,69,0,0,0,96,97,0,96,99,1
Italy,2013,60 654,69,0,0,0,96,98,0,96,99,1
Italy,2014,60 664,69,0,0,0,96,98,0,96,98,1
Italy,2015,60 575,70,0,0,0,96,98,0,96,98,1
Italy,2016,60 478,70,0,0,0,96,98,0,96,98,1
Italy,2017,60 390,70,0,0,0,96,98,0,96,98,1
Italy,2018,60 277,70,0,0,0,96,98,0,96,98,1
Italy,2019,60 130,71,0,0,0,97,98,0,97,0,0
Italy,2020,59 913,71,0,0,0,97,98,0,97,0,0
Italy,2021,59 729,71,0,0,0,97,98,0,97,0,0
Italy,2022,59 619,72,0,0,0,97,98,0,97,0,0
Italy,2023,59 499,72,0,0,0,97,98,0,97,0,0
Italy,2024,59 343,72,0,0,0,97,98,0,97,0,0
Jamaica,2000,2 608,52,87,2,4,0,87,71,0,81,13
Jamaica,2001,2 624,52,88,2,4,0,87,71,0,81,13
Jamaica,2002,2 641,52,88,2,4,0,87,71,0,81,14
Jamaica,2003,2 657,52,88,2,4,0,87,72,0,81,14
Jamaica,2004,2 672,53,88,2,4,0,87,72,0,81,14
Jamaica,2005,2 687,53,88,3,4,0,87,72,0,81,14
Jamaica,2006,2 701,53,88,3,4,0,86,72,0,81,14
Jamaica,2007,2 714,53,88,4,3,0,85,72,0,81,14
Jamaica,2008,2 726,53,88,4,3,0,84,72,0,81,15
Jamaica,2009,2 737,54,87,5,3,0,84,72,0,81,15
Jamaica,2010,2 749,54,87,5,3,0,83,73,0,81,15
Jamaica,2011,2 760,54,87,6,3,0,82,73,0,81,15
Jamaica,2012,2 772,54,87,6,3,0,81,73,0,81,15
Jamaica,2013,2 784,54,87,7,3,0,80,73,0,81,15
Jamaica,2014,2 794,55,86,7,3,0,79,73,0,81,16
Jamaica,2015,2 803,55,86,8,3,0,78,73,0,81,16
Jamaica,2016,2 810,55,86,8,3,0,77,73,0,81,16
Jamaica,2017,2 816,55,86,9,3,0,76,74,0,81,16
Jamaica,2018,2 820,56,85,10,2,0,75,74,0,81,16
Jamaica,2019,2 823,56,85,10,2,0,75,74,0,81,16
Jamaica,2020,2 831,56,85,11,2,0,74,74,0,81,17
Jamaica,2021,2 838,57,85,11,2,0,73,74,0,81,17
Jamaica,2022,2 839,57,85,12,2,0,72,74,0,81,17
Jamaica,2023,2 840,57,84,12,2,0,71,74,0,81,17
Jamaica,2024,2 839,58,84,13,2,0,70,74,0,81,17
Japan,2000,127 028,79,0,0,0,98,98,0,99,97,1
Japan,2001,127 260,80,0,0,0,98,98,0,99,97,1
Japan,2002,127 485,82,0,0,0,98,98,0,99,97,1
Japan,2003,127 671,83,0,0,0,98,98,0,99,97,1
Japan,2004,127 816,85,0,0,0,98,98,0,99,97,1
Japan,2005,127 913,86,0,0,0,98,98,0,99,97,1
Japan,2006,127 997,87,0,0,0,98,98,0,99,97,1
Japan,2007,128 088,88,0,0,0,98,98,0,99,97,1
Japan,2008,128 156,89,0,0,0,98,98,0,99,97,1
Japan,2009,128 192,90,0,0,0,98,98,0,99,97,1
Japan,2010,128 185,91,0,0,0,98,98,0,99,98,1
Japan,2011,128 096,91,0,0,0,98,98,0,99,98,1
Japan,2012,127 928,91,0,0,0,98,98,0,99,98,1
Japan,2013,127 724,91,0,0,0,98,98,0,99,98,1
Japan,2014,127 487,91,0,0,0,98,98,0,99,98,1
Japan,2015,127 276,91,0,0,0,98,98,0,99,98,1
Japan,2016,127 160,91,0,0,0,98,98,0,99,98,1
Japan,2017,127 065,92,0,0,0,98,98,0,99,98,1
Japan,2018,126 913,92,0,0,0,99,99,0,99,98,1
Japan,2019,126 699,92,0,0,0,99,99,0,100,98,0
Japan,2020,126 305,92,0,0,0,99,99,0,100,98,0
Japan,2021,125 679,92,0,0,0,99,99,0,100,98,0
Japan,2022,124 998,92,0,0,0,99,99,0,100,98,0
Japan,2023,124 371,92,0,0,0,99,99,0,100,98,0
Japan,2024,123 753,92,0,0,0,99,99,0,100,98,0
Jersey,2007,94,0,0,0,0,91,91,0,98,90,8
Jersey,2008,95,0,0,0,0,91,91,0,98,90,8
Jersey,2009,96,0,0,0,0,91,91,0,98,90,8
Jersey,2010,97,0,0,0,0,91,91,0,98,90,8
Jersey,2011,98,0,0,0,0,91,91,0,98,90,8
Jersey,2012,99,0,0,0,0,92,92,0,98,90,8
Jersey,2013,100,0,0,0,0,92,92,0,98,90,8
Jersey,2014,101,0,0,0,0,92,92,0,98,90,8
Jersey,2015,101,0,0,0,0,92,92,0,98,90,7
Jersey,2016,102,0,0,0,0,92,92,0,98,91,7
Jersey,2017,102,0,0,0,0,92,92,0,98,91,7
Jersey,2018,103,0,0,0,0,92,92,0,98,91,7
Jersey,2019,103,0,0,0,0,93,93,0,98,91,7
Jersey,2020,103,0,0,0,0,93,93,0,98,91,7
Jersey,2021,103,0,0,0,0,93,93,0,98,91,7
Jersey,2022,103,0,0,0,0,93,93,0,98,91,7
Jersey,2023,104,0,0,0,0,93,93,0,98,91,7
Jersey,2024,104,0,0,0,0,93,93,0,98,91,7
Jordan,2000,5 387,78,96,0,3,56,98,56,97,91,7
Jordan,2001,5 499,78,96,0,3,56,98,56,98,91,7
Jordan,2002,5 616,78,96,0,3,56,98,56,98,91,8
Jordan,2003,5 742,78,97,0,3,56,98,56,98,91,8
Jordan,2004,5 882,78,97,0,3,56,98,56,98,91,8
Jordan,2005,6 030,79,97,0,3,56,98,56,98,91,8
Jordan,2006,6 427,81,97,0,3,57,98,57,98,91,8
Jordan,2007,6 827,82,97,0,3,59,98,59,98,91,8
Jordan,2008,6 990,84,97,0,3,60,98,60,98,91,8
Jordan,2009,7 142,85,97,0,2,62,98,62,98,91,8
Jordan,2010,7 297,86,97,0,2,64,98,64,98,91,8
Jordan,2011,7 480,87,97,0,2,66,98,66,98,90,9
Jordan,2012,7 587,88,97,0,2,67,98,67,98,90,9
Jordan,2013,7 992,89,97,0,2,69,98,69,98,90,9
Jordan,2014,8 792,90,97,0,2,71,98,71,98,90,9
Jordan,2015,9 545,90,97,0,2,73,98,73,98,90,9
Jordan,2016,10 006,91,97,0,2,74,99,74,98,90,9
Jordan,2017,10 234,91,97,0,2,76,99,76,98,90,10
Jordan,2018,10 462,91,98,0,2,78,99,78,98,89,10
Jordan,2019,10 672,91,98,0,2,80,99,80,98,89,10
Jordan,2020,10 865,91,98,0,2,82,99,82,98,89,10
Jordan,2021,11 066,92,98,0,2,83,99,83,98,89,11
Jordan,2022,11 256,92,98,0,2,85,99,85,99,89,11
Jordan,2023,11 439,92,98,0,1,87,99,87,99,88,11
Jordan,2024,11 553,92,98,0,1,89,99,89,99,88,11
Kazakhstan,2000,15 501,56,81,2,13,63,63,0,89,60,31
Kazakhstan,2001,15 576,56,82,2,13,63,63,0,89,61,30
Kazakhstan,2002,15 657,56,82,2,12,65,65,0,90,63,29
Kazakhstan,2003,15 747,56,83,2,12,67,67,0,90,65,28
Kazakhstan,2004,15 850,56,84,2,11,68,68,0,91,66,26
Kazakhstan,2005,15 968,56,85,2,11,70,70,0,91,68,25
Kazakhstan,2006,16 104,57,85,2,10,71,71,0,92,69,24
Kazakhstan,2007,16 257,57,86,2,10,73,73,0,92,71,23
Kazakhstan,2008,16 427,57,87,2,9,75,75,0,92,73,22
Kazakhstan,2009,16 620,57,87,2,9,76,76,0,93,74,21
Kazakhstan,2010,16 837,57,88,2,8,78,78,0,93,76,19
Kazakhstan,2011,17 066,57,89,2,8,80,80,0,94,77,18
Kazakhstan,2012,17 306,57,90,2,7,81,81,0,94,79,17
Kazakhstan,2013,17 557,57,90,2,7,83,83,0,95,80,16
Kazakhstan,2014,17 816,57,91,2,6,85,85,0,95,82,15
Kazakhstan,2015,18 084,57,92,2,6,86,86,0,96,84,14
Kazakhstan,2016,18 364,57,93,2,5,88,88,0,96,85,12
Kazakhstan,2017,18 652,57,93,2,5,90,90,0,96,87,11
Kazakhstan,2018,18 933,57,94,2,4,90,90,0,97,88,10
Kazakhstan,2019,19 210,58,95,2,3,90,90,0,97,90,9
Kazakhstan,2020,19 482,58,95,2,2,91,91,0,98,91,7
Kazakhstan,2021,19 744,58,96,2,2,91,91,0,98,93,6
Kazakhstan,2022,20 035,58,97,2,0,91,91,0,98,94,5
Kazakhstan,2023,20 330,58,98,2,0,92,92,0,99,96,4
Kazakhstan,2024,20 593,58,98,2,0,92,92,0,99,96,4
Kenya,2000,30 643,20,35,7,20,0,21,35,0,31,21
Kenya,2001,31 619,20,36,7,20,0,22,36,0,32,22
Kenya,2002,32 630,21,37,8,19,0,23,37,0,32,22
Kenya,2003,33 652,21,38,8,19,0,23,38,0,32,23
Kenya,2004,34 713,21,39,8,18,0,24,39,0,32,24
Kenya,2005,35 796,22,40,8,18,0,25,40,0,32,25
Kenya,2006,36 904,22,40,8,17,0,26,40,0,32,26
Kenya,2007,38 036,22,41,8,17,0,26,41,0,32,26
Kenya,2008,39 206,23,42,9,16,0,27,42,0,33,27
Kenya,2009,40 409,23,43,9,16,0,28,43,0,33,28
Kenya,2010,41 599,24,44,9,15,0,29,44,0,33,29
Kenya,2011,42 758,24,45,9,15,0,30,45,0,33,30
Kenya,2012,43 888,24,45,9,14,0,30,46,0,33,31
Kenya,2013,44 987,25,46,9,14,0,31,47,0,33,31
Kenya,2014,46 051,25,47,10,13,0,32,48,0,33,32
Kenya,2015,47 089,26,48,10,13,0,33,49,0,33,33
Kenya,2016,48 140,26,49,10,12,0,34,50,0,33,34
Kenya,2017,49 198,27,50,10,12,0,35,51,0,33,35
Kenya,2018,50 207,27,51,10,11,0,36,51,0,34,36
Kenya,2019,51 203,28,51,10,11,0,36,52,0,34,36
Kenya,2020,52 217,28,52,10,10,0,37,53,0,34,37
Kenya,2021,53 219,28,53,11,10,0,38,54,0,34,38
Kenya,2022,54 252,29,54,11,9,0,39,55,0,34,39
Kenya,2023,55 339,30,55,11,9,0,40,56,0,34,40
Kenya,2024,56 433,30,56,11,8,0,41,57,0,34,41
Kiribati,2000,89,43,43,0,56,10,50,37,10,25,31
Kiribati,2001,90,43,44,0,55,10,51,37,10,26,32
Kiribati,2002,92,43,45,0,54,10,52,38,10,26,32
Kiribati,2003,94,44,46,0,53,10,53,39,10,27,33
Kiribati,2004,96,44,47,0,52,10,54,40,10,27,34
Kiribati,2005,98,44,48,0,51,10,55,40,10,28,34
Kiribati,2006,100,44,49,0,50,11,56,41,11,28,35
Kiribati,2007,102,45,50,0,49,11,57,42,11,29,36
Kiribati,2008,104,46,51,1,48,11,57,42,11,29,36
Kiribati,2009,106,47,52,1,47,11,57,43,11,30,37
Kiribati,2010,109,47,53,1,46,12,57,44,12,31,37
Kiribati,2011,111,48,54,1,45,12,57,44,12,32,38
Kiribati,2012,112,49,55,1,44,12,57,45,12,32,38
Kiribati,2013,114,50,55,1,43,12,57,46,12,33,39
Kiribati,2014,115,51,56,2,42,13,57,46,13,34,39
Kiribati,2015,117,52,57,2,41,13,57,47,13,35,40
Kiribati,2016,118,52,58,2,40,13,56,48,13,35,40
Kiribati,2017,120,53,59,2,39,14,56,48,14,36,41
Kiribati,2018,122,54,60,2,38,14,56,49,14,37,41
Kiribati,2019,124,55,61,2,37,14,55,50,14,38,42
Kiribati,2020,126,56,62,2,36,14,55,50,14,38,42
Kiribati,2021,128,56,63,2,35,15,54,51,15,39,43
Kiribati,2022,130,57,64,2,34,15,55,52,15,40,43
Kiribati,2023,133,58,64,2,34,15,55,52,15,40,43
Kiribati,2024,135,58,64,2,34,15,56,51,15,41,43
"Kosovo (under United Nations 
Security Council Resolution 1244/99)",2008,1 801,0,95,4,1,70,93,75,76,84,15
"Kosovo (under United Nations 
Security Council Resolution 1244/99)",2009,1 795,0,95,4,1,71,93,75,77,84,14
"Kosovo (under United Nations 
Security Council Resolution 1244/99)",2010,1 789,0,95,4,1,71,93,75,77,84,14
"Kosovo (under United Nations 
Security Council Resolution 1244/99)",2011,1 792,0,95,4,1,71,93,75,77,85,14
"Kosovo (under United Nations 
Security Council Resolution 1244/99)",2012,1 807,0,95,4,1,71,93,75,77,85,14
"Kosovo (under United Nations 
Security Council Resolution 1244/99)",2013,1 817,0,94,4,2,71,93,75,77,83,16
"Kosovo (under United Nations 
Security Council Resolution 1244/99)",2014,1 809,0,93,5,2,71,92,75,77,81,18
"Kosovo (under United Nations 
Security Council Resolution 1244/99)",2015,1 779,0,93,5,2,71,91,75,78,79,19
"Kosovo (under United Nations 
Security Council Resolution 1244/99)",2016,1 762,0,92,6,2,71,90,75,78,77,21
"Kosovo (under United Nations 
Security Council Resolution 1244/99)",2017,1 768,0,92,6,2,71,89,75,78,76,23
"Kosovo (under United Nations 
Security Council Resolution 1244/99)",2018,1 768,0,91,7,2,71,88,75,78,74,24
"Kosovo (under United Nations 
Security Council Resolution 1244/99)",2019,1 755,0,90,7,2,71,88,75,78,72,26
"Kosovo (under United Nations 
Security Council Resolution 1244/99)",2020,1 751,0,90,8,2,71,87,75,78,71,28
"Kosovo (under United Nations 
Security Council Resolution 1244/99)",2021,1 741,0,89,8,3,71,86,75,78,69,29
"Kosovo (under United Nations 
Security Council Resolution 1244/99)",2022,1 718,0,89,9,3,71,85,75,79,68,31
"Kosovo (under United Nations 
Security Council Resolution 1244/99)",2023,1 700,0,89,9,3,71,85,75,79,68,30
"Kosovo (under United Nations 
Security Council Resolution 1244/99)",2024,1 685,0,89,9,3,71,86,75,79,68,30
Kuwait,2000,1 955,99,0,0,0,100,100,100,100,0,0
Kuwait,2001,2 008,100,0,0,0,100,100,100,100,0,0
Kuwait,2002,2 060,100,0,0,0,100,100,100,100,0,0
Kuwait,2003,2 110,100,0,0,0,100,100,100,100,0,0
Kuwait,2004,2 157,100,0,0,0,100,100,100,100,0,0
Kuwait,2005,2 237,100,0,0,0,100,100,100,100,0,0
Kuwait,2006,2 365,100,0,0,0,100,100,100,100,0,0
Kuwait,2007,2 508,100,0,0,0,100,100,100,100,0,0
Kuwait,2008,2 651,100,0,0,0,100,100,100,100,0,0
Kuwait,2009,2 795,100,0,0,0,100,100,100,100,0,0
Kuwait,2010,2 943,100,0,0,0,100,100,100,100,0,0
Kuwait,2011,3 133,100,0,0,0,100,100,100,100,0,0
Kuwait,2012,3 337,100,0,0,0,100,100,100,100,0,0
Kuwait,2013,3 508,100,0,0,0,100,100,100,100,0,0
Kuwait,2014,3 666,100,0,0,0,100,100,100,100,0,0
Kuwait,2015,3 834,100,0,0,0,100,100,100,100,0,0
Kuwait,2016,4 004,100,0,0,0,100,100,100,100,0,0
Kuwait,2017,4 155,100,0,0,0,100,100,100,100,0,0
Kuwait,2018,4 323,100,0,0,0,100,100,100,100,0,0
Kuwait,2019,4 442,100,0,0,0,100,100,100,100,0,0
Kuwait,2020,4 400,100,0,0,0,100,100,100,100,0,0
Kuwait,2021,4 361,100,0,0,0,100,100,100,100,0,0
Kuwait,2022,4 590,100,0,0,0,100,100,100,100,0,0
Kuwait,2023,4 839,100,0,0,0,100,100,100,100,0,0
Kuwait,2024,4 935,100,0,0,0,100,100,100,100,0,0
Kyrgyzstan,2000,5 025,35,73,2,4,46,46,76,73,47,35
Kyrgyzstan,2001,5 072,35,73,2,4,46,46,76,73,47,35
Kyrgyzstan,2002,5 116,35,74,2,4,47,47,77,73,50,33
Kyrgyzstan,2003,5 159,35,75,2,4,47,47,77,74,52,32
Kyrgyzstan,2004,5 203,35,76,2,4,47,47,78,75,54,30
Kyrgyzstan,2005,5 246,35,77,2,4,49,49,78,75,56,28
Kyrgyzstan,2006,5 282,35,78,2,4,51,51,79,76,59,27
Kyrgyzstan,2007,5 313,35,78,2,4,53,53,80,76,61,25
Kyrgyzstan,2008,5 343,35,79,2,4,54,54,80,77,63,24
Kyrgyzstan,2009,5 398,35,80,2,4,56,56,81,78,65,22
Kyrgyzstan,2010,5 492,35,81,2,3,58,58,81,79,68,20
Kyrgyzstan,2011,5 595,35,82,2,3,60,60,82,80,70,19
Kyrgyzstan,2012,5 697,35,82,2,3,62,62,83,81,72,17
Kyrgyzstan,2013,5 797,36,83,2,3,64,64,83,82,75,16
Kyrgyzstan,2014,5 898,36,84,3,3,66,66,84,83,77,14
Kyrgyzstan,2015,6 002,36,85,3,3,68,68,84,84,79,12
Kyrgyzstan,2016,6 108,36,86,3,3,71,71,85,85,81,11
Kyrgyzstan,2017,6 220,36,86,3,3,72,73,84,86,84,9
Kyrgyzstan,2018,6 342,36,87,3,3,74,75,82,88,86,7
Kyrgyzstan,2019,6 494,37,88,3,3,75,77,81,88,88,6
Kyrgyzstan,2020,6 664,37,89,3,3,76,79,80,89,91,4
Kyrgyzstan,2021,6 820,37,90,3,2,78,82,78,89,93,3
Kyrgyzstan,2022,6 956,37,91,3,2,77,84,77,90,94,2
Kyrgyzstan,2023,7 074,38,91,3,2,75,86,75,91,96,0
Kyrgyzstan,2024,7 186,38,92,3,2,74,88,74,91,97,0
Lao People's Democratic Republic,2000,5 431,22,40,0,30,5,10,48,7,18,31
Lao People's Democratic Republic,2001,5 521,23,42,0,29,7,12,50,8,19,33
Lao People's Democratic Republic,2002,5 611,24,44,1,28,8,15,52,8,19,34
Lao People's Democratic Republic,2003,5 698,25,46,1,27,8,17,55,8,20,36
Lao People's Democratic Republic,2004,5 782,26,48,1,26,9,20,57,9,21,37
Lao People's Democratic Republic,2005,5 870,27,50,2,25,9,23,59,9,22,38
Lao People's Democratic Republic,2006,5 963,28,52,2,24,9,26,61,9,22,40
Lao People's Democratic Republic,2007,6 056,28,54,2,23,10,29,63,10,23,41
Lao People's Democratic Republic,2008,6 149,29,56,2,22,10,32,65,10,24,42
Lao People's Democratic Republic,2009,6 242,29,58,2,22,10,36,67,10,25,44
Lao People's Democratic Republic,2010,6 334,30,60,3,21,11,39,69,11,25,45
Lao People's Democratic Republic,2011,6 427,31,62,3,20,11,43,71,11,26,46
Lao People's Democratic Republic,2012,6 519,31,64,3,19,11,47,73,11,27,48
Lao People's Democratic Republic,2013,6 611,32,66,3,18,11,51,75,11,27,49
Lao People's Democratic Republic,2014,6 703,32,68,3,17,12,55,76,12,28,50
Lao People's Democratic Republic,2015,6 802,33,70,4,16,12,59,78,12,29,51
Lao People's Democratic Republic,2016,6 909,34,72,4,15,14,63,80,14,30,52
Lao People's Democratic Republic,2017,7 018,34,74,4,14,17,68,81,17,30,53
Lao People's Democratic Republic,2018,7 128,35,75,5,13,19,72,82,19,31,54
Lao People's Democratic Republic,2019,7 238,36,77,5,12,22,77,83,22,32,55
Lao People's Democratic Republic,2020,7 347,36,79,5,12,24,81,84,24,33,56
Lao People's Democratic Republic,2021,7 453,37,81,6,11,27,85,85,27,34,57
Lao People's Democratic Republic,2022,7 559,38,83,6,10,30,89,86,30,34,58
Lao People's Democratic Republic,2023,7 665,38,88,3,9,32,93,87,32,35,59
Lao People's Democratic Republic,2024,7 770,39,93,0,7,35,96,88,35,36,60
Latvia,2000,2 368,68,96,0,4,93,93,0,97,83,16
Latvia,2001,2 338,68,96,0,4,92,92,0,97,83,16
Latvia,2002,2 311,68,96,0,4,93,93,0,98,84,15
Latvia,2003,2 289,68,96,0,4,93,93,0,98,84,15
Latvia,2004,2 264,68,97,0,3,93,93,0,98,85,14
Latvia,2005,2 240,68,97,0,3,93,93,0,98,85,13
Latvia,2006,2 219,68,97,0,3,93,93,0,98,86,13
Latvia,2007,2 201,68,97,0,3,93,93,0,98,86,12
Latvia,2008,2 178,68,97,0,3,93,93,0,98,87,12
Latvia,2009,2 142,68,97,0,3,93,93,0,98,87,11
Latvia,2010,2 098,68,97,0,3,94,94,0,98,88,11
Latvia,2011,2 060,68,97,0,3,94,94,0,98,89,10
Latvia,2012,2 035,68,97,0,3,94,94,0,98,89,10
Latvia,2013,2 013,68,97,0,3,95,95,0,99,90,9
Latvia,2014,1 994,68,98,0,2,95,95,0,99,90,9
Latvia,2015,1 978,68,98,0,2,95,95,0,99,91,8
Latvia,2016,1 960,68,98,0,2,95,95,0,99,91,8
Latvia,2017,1 943,68,98,0,2,96,96,0,99,92,7
Latvia,2018,1 928,68,98,0,2,96,96,0,100,93,7
Latvia,2019,1 914,68,98,0,2,96,96,0,100,93,6
Latvia,2020,1 901,68,98,0,2,96,96,0,100,94,6
Latvia,2021,1 886,68,98,0,2,97,97,0,100,94,5
Latvia,2022,1 881,69,98,0,2,97,97,0,100,95,5
Latvia,2023,1 882,69,98,0,2,97,97,0,100,95,4
Latvia,2024,1 872,69,99,0,1,97,97,0,100,96,4
Lebanon,2000,4 329,86,0,0,0,43,82,82,43,80,11
Lebanon,2001,4 402,86,0,0,0,44,82,82,44,80,11
Lebanon,2002,4 464,86,0,0,0,44,82,82,44,81,11
Lebanon,2003,4 526,86,0,0,0,44,83,83,44,81,11
Lebanon,2004,4 599,86,0,0,0,44,83,83,44,82,11
Lebanon,2005,4 671,87,0,0,0,45,84,84,45,82,11
Lebanon,2006,4 751,87,0,0,0,45,84,84,45,83,11
Lebanon,2007,4 844,87,0,0,0,45,85,85,45,83,11
Lebanon,2008,4 925,87,0,0,0,45,85,85,45,84,11
Lebanon,2009,4 992,87,0,0,0,46,86,86,46,84,11
Lebanon,2010,5 041,87,0,0,0,46,86,86,46,85,11
Lebanon,2011,5 096,87,0,0,0,46,86,86,46,85,11
Lebanon,2012,5 236,88,0,0,0,46,87,87,46,86,11
Lebanon,2013,5 743,88,0,0,0,47,87,87,47,86,11
Lebanon,2014,6 347,88,0,0,0,47,88,88,47,87,11
Lebanon,2015,6 472,88,0,0,0,47,88,88,47,87,11
Lebanon,2016,6 323,88,0,0,0,47,89,89,47,88,11
Lebanon,2017,6 160,88,0,0,0,47,89,89,47,88,11
Lebanon,2018,5 984,89,0,0,0,48,89,89,48,89,11
Lebanon,2019,5 795,89,0,0,0,48,90,90,48,89,11
Lebanon,2020,5 702,89,0,0,0,48,90,90,48,90,10
Lebanon,2021,5 718,89,0,0,0,48,90,90,48,90,10
Lebanon,2022,5 744,89,0,0,0,48,90,90,48,90,10
Lebanon,2023,5 773,89,0,0,0,48,90,90,48,90,10
Lebanon,2024,5 806,90,0,0,0,48,90,90,48,90,10
Lesotho,2000,2 004,20,60,12,26,9,9,41,50,58,18
Lesotho,2001,2 001,20,61,12,26,10,10,42,50,59,18
Lesotho,2002,1 995,21,61,12,25,11,11,42,51,60,17
Lesotho,2003,1 985,21,62,12,24,11,11,43,51,61,17
Lesotho,2004,1 971,22,62,12,24,12,12,44,52,61,17
Lesotho,2005,1 953,22,62,12,23,13,13,45,52,62,16
Lesotho,2006,1 945,23,63,12,23,14,14,46,53,63,16
Lesotho,2007,1 953,23,63,12,22,15,15,47,53,64,16
Lesotho,2008,1 967,24,64,12,21,16,16,47,54,65,16
Lesotho,2009,1 981,24,64,12,21,17,17,48,54,65,15
Lesotho,2010,1 996,25,65,12,20,18,18,49,55,66,15
Lesotho,2011,2 014,25,65,12,20,19,19,50,55,67,15
Lesotho,2012,2 034,26,65,12,19,20,20,51,55,68,14
Lesotho,2013,2 057,26,66,12,18,21,21,51,56,68,14
Lesotho,2014,2 080,27,66,12,18,22,22,52,56,69,14
Lesotho,2015,2 105,27,67,12,17,23,23,53,57,70,14
Lesotho,2016,2 130,27,67,12,17,24,25,54,59,71,13
Lesotho,2017,2 157,28,68,12,16,25,26,55,60,71,13
Lesotho,2018,2 184,28,68,12,15,26,27,56,61,72,13
Lesotho,2019,2 209,29,68,12,15,27,28,57,62,73,12
Lesotho,2020,2 236,29,69,12,14,28,29,57,63,73,12
Lesotho,2021,2 262,29,69,12,13,28,30,58,64,74,12
Lesotho,2022,2 286,30,70,13,13,29,31,59,66,75,12
Lesotho,2023,2 311,30,70,13,12,30,32,60,67,76,11
Lesotho,2024,2 337,31,71,13,12,31,34,61,67,76,11
Liberia,2000,2 928,44,48,2,20,0,7,37,0,11,54
Liberia,2001,3 015,45,49,2,19,0,7,37,0,11,55
Liberia,2002,3 095,45,50,2,18,0,8,38,0,11,57
Liberia,2003,3 120,45,51,2,18,0,8,38,0,11,58
Liberia,2004,3 157,46,52,3,17,0,8,39,0,10,59
Liberia,2005,3 301,46,53,3,17,0,8,39,0,10,60
Liberia,2006,3 491,46,54,3,16,0,8,40,0,10,61
Liberia,2007,3 669,47,55,3,15,0,9,41,0,10,62
Liberia,2008,3 821,47,56,3,15,0,9,42,0,10,63
Liberia,2009,3 943,47,57,3,14,0,10,43,0,9,65
Liberia,2010,4 059,48,58,3,14,0,10,44,0,9,66
Liberia,2011,4 221,48,59,4,13,0,10,45,0,9,67
Liberia,2012,4 373,49,60,4,12,0,11,46,0,9,68
Liberia,2013,4 470,49,60,4,12,0,11,48,0,8,69
Liberia,2014,4 564,49,61,4,11,0,12,49,0,8,70
Liberia,2015,4 659,50,62,4,11,0,12,50,0,8,72
Liberia,2016,4 756,50,63,5,10,0,13,51,0,8,73
Liberia,2017,4 849,51,64,5,9,0,13,52,0,7,74
Liberia,2018,4 945,51,65,5,9,0,14,54,0,7,75
Liberia,2019,5 044,52,66,5,8,0,15,55,0,7,76
Liberia,2020,5 149,52,67,6,8,0,15,56,0,7,77
Liberia,2021,5 259,53,68,6,7,0,16,57,0,6,79
Liberia,2022,5 373,53,69,6,6,0,16,59,0,6,80
Liberia,2023,5 493,54,69,6,6,0,17,60,0,6,81
Liberia,2024,5 613,54,70,7,5,0,17,61,0,6,82
Libya,2008,6 235,78,0,0,0,0,44,96,0,67,30
Libya,2009,6 367,78,0,0,0,0,44,96,0,67,30
Libya,2010,6 498,78,0,0,0,0,44,95,0,67,30
Libya,2011,6 343,78,0,0,0,0,44,93,0,67,30
Libya,2012,6 179,79,0,0,0,0,44,92,0,67,30
Libya,2013,6 305,79,0,0,0,0,44,90,0,69,28
Libya,2014,6 427,79,0,0,0,0,44,89,0,71,26
Libya,2015,6 532,79,0,0,0,0,44,88,0,74,24
Libya,2016,6 632,80,0,0,0,0,44,86,0,76,22
Libya,2017,6 739,80,0,0,0,0,45,85,0,78,19
Libya,2018,6 849,80,0,0,0,0,45,83,0,81,17
Libya,2019,6 951,80,0,0,0,0,45,82,0,83,15
Libya,2020,7 045,81,0,0,0,0,45,80,0,85,13
Libya,2021,7 135,81,0,0,0,0,45,79,0,88,11
Libya,2022,7 224,81,0,0,0,0,45,77,0,90,9
Libya,2023,7 306,82,0,0,0,0,45,76,0,92,7
Libya,2024,7 381,82,0,0,0,0,45,74,0,95,5
Liechtenstein,2000,33,15,0,0,0,100,100,0,100,100,0
Liechtenstein,2001,33,15,0,0,0,100,100,0,100,100,0
Liechtenstein,2002,34,15,0,0,0,100,100,0,100,100,0
Liechtenstein,2003,34,15,0,0,0,100,100,0,100,100,0
Liechtenstein,2004,34,15,0,0,0,100,100,0,100,100,0
Liechtenstein,2005,35,15,0,0,0,100,100,0,100,100,0
Liechtenstein,2006,35,15,0,0,0,100,100,0,100,100,0
Liechtenstein,2007,35,15,0,0,0,100,100,0,100,100,0
Liechtenstein,2008,35,15,0,0,0,100,100,0,100,100,0
Liechtenstein,2009,36,15,0,0,0,100,100,0,100,100,0
Liechtenstein,2010,36,14,0,0,0,100,100,0,100,100,0
Liechtenstein,2011,36,14,0,0,0,100,100,0,100,100,0
Liechtenstein,2012,37,14,0,0,0,100,100,0,100,100,0
Liechtenstein,2013,37,14,0,0,0,100,100,0,100,100,0
Liechtenstein,2014,37,14,0,0,0,100,100,0,100,100,0
Liechtenstein,2015,37,14,0,0,0,100,100,0,100,100,0
Liechtenstein,2016,38,14,0,0,0,100,100,0,100,100,0
Liechtenstein,2017,38,14,0,0,0,100,100,0,100,100,0
Liechtenstein,2018,38,14,0,0,0,100,100,0,100,100,0
Liechtenstein,2019,38,14,0,0,0,100,100,0,100,100,0
Liechtenstein,2020,39,14,0,0,0,100,100,0,100,100,0
Liechtenstein,2021,39,14,0,0,0,100,100,0,100,100,0
Liechtenstein,2022,39,15,0,0,0,100,100,0,100,100,0
Liechtenstein,2023,40,15,0,0,0,100,100,0,100,100,0
Liechtenstein,2024,40,15,0,0,0,100,100,0,100,100,0
Lithuania,2000,3 500,67,75,0,25,70,79,0,70,80,10
Lithuania,2001,3 473,67,76,0,24,70,80,0,70,81,9
Lithuania,2002,3 444,67,77,0,23,71,81,0,71,82,9
Lithuania,2003,3 415,67,78,0,22,71,82,0,71,82,9
Lithuania,2004,3 377,67,79,0,21,72,82,0,72,83,8
Lithuania,2005,3 322,67,81,0,19,74,83,0,74,84,8
Lithuania,2006,3 270,67,82,0,18,76,85,0,76,85,7
Lithuania,2007,3 231,67,83,0,17,77,86,0,77,86,7
Lithuania,2008,3 198,67,84,0,16,79,87,0,79,87,6
Lithuania,2009,3 163,67,85,0,15,81,88,0,81,88,6
Lithuania,2010,3 098,67,86,0,14,82,89,0,82,89,6
Lithuania,2011,3 029,67,87,0,13,84,90,0,84,90,5
Lithuania,2012,2 988,67,88,0,12,86,91,0,86,91,5
Lithuania,2013,2 958,67,89,0,11,88,92,0,88,91,4
Lithuania,2014,2 933,67,90,0,10,89,93,0,89,92,4
Lithuania,2015,2 906,67,91,0,9,91,94,0,91,93,3
Lithuania,2016,2 869,67,92,0,8,93,94,0,93,94,3
Lithuania,2017,2 829,68,93,0,7,94,94,0,95,95,2
Lithuania,2018,2 802,68,94,0,6,95,95,0,96,96,2
Lithuania,2019,2 795,68,95,0,5,95,95,0,98,97,2
Lithuania,2020,2 796,68,97,0,3,96,96,0,99,98,1
Lithuania,2021,2 794,68,98,0,2,96,96,0,100,98,0
Lithuania,2022,2 817,68,99,0,1,96,96,0,100,99,0
Lithuania,2023,2 854,69,100,0,0,97,97,0,100,100,0
Lithuania,2024,2 859,69,100,0,0,97,97,0,100,100,0
Luxembourg,2000,436,84,100,0,0,100,100,0,100,100,0
Luxembourg,2001,442,85,100,0,0,100,100,0,100,100,0
Luxembourg,2002,446,85,100,0,0,100,100,0,100,100,0
Luxembourg,2003,452,86,100,0,0,100,100,0,100,100,0
Luxembourg,2004,458,86,100,0,0,100,100,0,100,100,0
Luxembourg,2005,465,87,100,0,0,100,100,0,100,100,0
Luxembourg,2006,473,87,100,0,0,100,100,0,100,100,0
Luxembourg,2007,480,87,100,0,0,100,100,0,100,100,0
Luxembourg,2008,489,88,100,0,0,100,100,0,100,100,0
Luxembourg,2009,498,88,100,0,0,100,100,0,100,100,0
Luxembourg,2010,507,89,100,0,0,100,100,0,100,100,0
Luxembourg,2011,519,89,100,0,0,100,100,0,100,100,0
Luxembourg,2012,531,89,100,0,0,100,100,0,100,100,0
Luxembourg,2013,543,90,100,0,0,100,100,0,100,100,0
Luxembourg,2014,556,90,100,0,0,100,100,0,100,100,0
Luxembourg,2015,570,90,100,0,0,100,100,0,100,100,0
Luxembourg,2016,584,90,100,0,0,100,100,0,100,100,0
Luxembourg,2017,596,91,100,0,0,100,100,0,100,100,0
Luxembourg,2018,608,91,100,0,0,100,100,0,100,100,0
Luxembourg,2019,620,91,100,0,0,100,100,0,100,100,0
Luxembourg,2020,631,91,100,0,0,100,100,0,100,100,0
Luxembourg,2021,640,92,100,0,0,100,100,0,100,100,0
Luxembourg,2022,653,92,100,0,0,100,100,0,100,100,0
Luxembourg,2023,665,92,100,0,0,100,100,0,100,0,0
Luxembourg,2024,673,92,100,0,0,100,100,0,100,0,0
Madagascar,2000,16 516,27,23,2,28,7,7,32,17,25,14
Madagascar,2001,17 033,27,24,2,29,8,8,33,18,25,14
Madagascar,2002,17 550,28,25,2,30,8,8,33,18,26,14
Madagascar,2003,18 072,28,25,2,30,9,9,34,18,26,15
Madagascar,2004,18 607,28,26,2,31,9,9,34,19,26,15
Madagascar,2005,19 160,29,27,2,31,10,10,35,19,27,16
Madagascar,2006,19 731,29,27,2,32,11,11,35,20,27,16
Madagascar,2007,20 319,30,28,2,33,11,11,36,20,28,16
Madagascar,2008,20 924,31,29,2,33,12,12,36,20,28,17
Madagascar,2009,21 547,31,29,2,34,13,13,37,21,29,17
Madagascar,2010,22 183,32,30,2,34,13,13,37,21,30,18
Madagascar,2011,22 822,33,31,2,35,14,14,37,22,30,18
Madagascar,2012,23 462,33,31,2,36,15,15,38,22,31,18
Madagascar,2013,24 109,34,32,2,36,16,16,38,23,31,19
Madagascar,2014,24 764,35,33,2,37,16,16,38,23,32,19
Madagascar,2015,25 427,35,33,2,37,17,17,39,24,32,20
Madagascar,2016,26 100,36,34,2,38,17,18,39,24,33,20
Madagascar,2017,26 788,37,35,2,38,18,19,39,25,33,20
Madagascar,2018,27 495,37,35,2,39,19,20,40,26,34,21
Madagascar,2019,28 220,38,36,2,40,19,20,40,26,34,21
Madagascar,2020,28 954,39,37,3,40,20,21,40,27,35,22
Madagascar,2021,29 691,39,37,3,41,20,22,40,27,36,22
Madagascar,2022,30 437,40,38,3,41,21,23,40,28,36,22
Madagascar,2023,31 196,41,39,3,42,22,24,40,28,37,23
Madagascar,2024,31 965,41,39,3,43,22,24,41,29,37,23
Malawi,2000,11 316,15,49,15,27,7,7,41,31,23,45
Malawi,2001,11 593,15,50,16,26,7,7,42,32,23,47
Malawi,2002,11 880,15,51,16,25,8,8,43,32,23,48
Malawi,2003,12 182,15,51,16,24,8,8,44,33,22,49
Malawi,2004,12 501,15,52,17,24,8,8,45,33,22,50
Malawi,2005,12 840,15,53,17,23,9,9,46,33,22,52
Malawi,2006,13 199,15,54,17,22,9,9,47,34,22,53
Malawi,2007,13 576,15,55,18,21,10,10,48,34,22,54
Malawi,2008,13 976,15,56,18,20,10,10,49,35,22,55
Malawi,2009,14 396,15,57,18,19,11,11,50,35,22,57
Malawi,2010,14 826,16,58,19,18,11,11,52,36,21,58
Malawi,2011,15 265,16,59,19,17,12,12,53,36,21,59
Malawi,2012,15 710,16,59,19,16,12,12,54,37,21,60
Malawi,2013,16 162,16,60,20,15,13,13,55,37,21,61
Malawi,2014,16 622,16,61,20,14,13,13,56,38,21,63
Malawi,2015,17 086,16,62,21,13,14,14,58,38,21,64
Malawi,2016,17 558,17,63,21,12,14,14,59,39,21,65
Malawi,2017,18 040,17,64,21,11,15,15,60,39,21,66
Malawi,2018,18 528,17,65,22,10,15,15,61,40,21,67
Malawi,2019,19 026,17,66,22,9,16,16,63,40,21,68
Malawi,2020,19 534,17,66,22,8,16,16,64,41,20,70
Malawi,2021,20 047,18,67,23,7,17,17,65,41,20,71
Malawi,2022,20 569,18,68,23,6,18,18,67,42,20,72
Malawi,2023,21 104,18,69,23,5,18,18,68,42,20,73
Malawi,2024,21 655,19,70,24,4,18,18,69,43,20,74
Malaysia,2000,22 968,62,92,0,5,92,92,0,96,93,4
Malaysia,2001,23 527,63,92,0,5,92,92,0,96,93,3
Malaysia,2002,24 102,64,93,0,5,92,92,0,96,93,3
Malaysia,2003,24 680,65,93,0,5,92,92,0,96,94,3
Malaysia,2004,25 257,66,93,0,5,92,92,0,96,94,3
Malaysia,2005,25 836,67,93,0,4,93,93,0,97,94,3
Malaysia,2006,26 418,67,93,0,4,93,93,0,97,94,3
Malaysia,2007,26 998,68,93,0,4,93,93,0,97,95,3
Malaysia,2008,27 570,69,93,0,6,93,93,0,97,95,3
Malaysia,2009,28 125,70,93,0,6,93,93,0,97,95,2
Malaysia,2010,28 656,71,94,0,6,93,93,0,97,95,2
Malaysia,2011,29 162,72,94,0,6,93,93,0,97,95,2
Malaysia,2012,29 663,72,94,0,6,94,94,0,97,95,2
Malaysia,2013,30 174,73,94,0,6,94,94,0,97,95,2
Malaysia,2014,30 696,74,94,0,5,94,94,0,98,96,2
Malaysia,2015,31 233,74,94,0,5,94,94,0,98,96,2
Malaysia,2016,31 790,75,94,0,5,94,94,0,98,96,2
Malaysia,2017,32 356,75,94,0,5,94,94,0,98,96,2
Malaysia,2018,32 911,76,94,0,5,94,94,0,98,96,2
Malaysia,2019,33 441,77,95,0,5,94,94,0,98,96,2
Malaysia,2020,33 890,77,95,0,5,94,94,0,98,96,2
Malaysia,2021,34 282,78,95,0,5,94,94,0,98,96,2
Malaysia,2022,34 695,78,95,0,4,95,95,0,98,97,2
Malaysia,2023,35 126,79,95,0,4,95,95,0,98,97,2
Malaysia,2024,35 558,79,95,0,4,95,95,0,98,97,2
Maldives,2000,282,28,93,0,7,0,91,69,0,21,73
Maldives,2001,287,29,93,0,7,0,91,69,0,22,72
Maldives,2002,292,30,93,0,6,0,91,70,0,24,71
Maldives,2003,296,31,94,0,6,0,92,70,0,27,69
Maldives,2004,301,32,94,0,6,0,92,71,0,29,66
Maldives,2005,306,34,94,0,5,0,92,71,0,32,64
Maldives,2006,314,35,95,0,5,0,93,72,0,34,62
Maldives,2007,324,35,95,0,4,0,93,72,0,36,61
Maldives,2008,336,36,96,0,4,0,94,72,0,37,59
Maldives,2009,348,36,96,0,4,0,94,73,0,39,58
Maldives,2010,361,36,96,0,3,0,94,73,0,41,56
Maldives,2011,374,37,97,0,3,0,95,73,0,43,55
Maldives,2012,387,37,97,0,2,0,95,73,0,44,54
Maldives,2013,400,38,98,0,2,0,96,74,0,46,52
Maldives,2014,414,38,98,0,2,0,96,74,0,48,51
Maldives,2015,428,39,99,0,1,0,96,74,0,50,49
Maldives,2016,443,39,99,0,0,0,97,74,0,52,48
Maldives,2017,458,39,100,0,0,0,97,75,0,53,46
Maldives,2018,473,40,100,0,0,0,97,75,0,55,45
Maldives,2019,488,40,100,0,0,0,98,75,0,56,43
Maldives,2020,502,41,100,0,0,0,98,75,0,58,42
Maldives,2021,516,41,100,0,0,0,98,75,0,59,41
Maldives,2022,524,42,100,0,0,0,98,76,0,60,40
Maldives,2023,526,42,100,0,0,0,98,76,0,61,39
Maldives,2024,528,42,100,0,0,0,98,76,0,62,37
Mali,2000,11 559,28,38,5,52,0,19,44,0,22,31
Mali,2001,11 912,29,39,5,50,0,20,45,0,24,32
Mali,2002,12 288,30,41,5,48,0,21,46,0,25,32
Mali,2003,12 685,31,43,5,47,0,21,47,0,26,33
Mali,2004,13 102,31,44,5,45,0,22,48,0,28,33
Mali,2005,13 539,32,46,5,44,0,23,49,0,29,33
Mali,2006,13 990,33,48,5,42,0,23,50,0,30,34
Mali,2007,14 458,34,49,5,41,0,24,52,0,31,34
Mali,2008,14 941,34,51,5,39,0,25,53,0,33,34
Mali,2009,15 436,35,53,5,38,0,25,53,0,34,35
Mali,2010,15 945,36,55,5,36,0,26,54,0,35,35
Mali,2011,16 469,37,56,5,35,0,26,55,0,37,35
Mali,2012,16 957,38,58,5,33,0,28,56,0,38,36
Mali,2013,17 460,38,60,5,32,0,29,57,0,39,36
Mali,2014,18 020,39,62,5,30,0,30,58,0,40,36
Mali,2015,18 593,40,64,5,29,0,31,59,0,42,37
Mali,2016,19 191,41,65,5,27,0,32,60,0,43,37
Mali,2017,19 813,42,67,5,25,0,34,60,0,44,37
Mali,2018,20 442,42,69,5,24,0,35,61,0,45,38
Mali,2019,21 068,43,71,5,22,0,36,62,0,46,38
Mali,2020,21 714,44,73,5,21,0,38,63,0,47,38
Mali,2021,22 389,45,75,5,19,0,39,64,0,49,38
Mali,2022,23 073,45,76,5,18,0,41,65,0,50,39
Mali,2023,23 769,46,78,5,16,0,42,66,0,51,39
Mali,2024,24 479,47,80,5,15,0,43,67,0,52,39
Malta,2000,400,92,100,0,0,100,100,0,100,100,0
Malta,2001,403,93,100,0,0,100,100,0,100,100,0
Malta,2002,406,93,100,0,0,100,100,0,100,100,0
Malta,2003,408,93,100,0,0,100,100,0,100,100,0
Malta,2004,411,93,100,0,0,100,100,0,100,100,0
Malta,2005,413,94,100,0,0,100,100,0,100,100,0
Malta,2006,415,94,100,0,0,100,100,0,100,100,0
Malta,2007,417,94,100,0,0,100,100,0,100,100,0
Malta,2008,419,94,100,0,0,100,100,0,100,100,0
Malta,2009,421,94,100,0,0,100,100,0,100,100,0
Malta,2010,423,94,100,0,0,100,100,0,100,100,0
Malta,2011,425,94,100,0,0,100,100,0,100,100,0
Malta,2012,427,94,100,0,0,100,100,0,100,100,0
Malta,2013,428,94,100,0,0,100,100,0,100,100,0
Malta,2014,434,94,100,0,0,100,100,0,100,100,0
Malta,2015,445,94,100,0,0,100,100,0,100,100,0
Malta,2016,455,94,100,0,0,100,100,0,100,100,0
Malta,2017,468,95,100,0,0,100,100,0,100,100,0
Malta,2018,485,95,100,0,0,100,100,0,100,100,0
Malta,2019,504,95,100,0,0,100,100,0,100,100,0
Malta,2020,518,95,100,0,0,100,100,0,100,100,0
Malta,2021,524,95,100,0,0,100,100,0,100,100,0
Malta,2022,528,95,100,0,0,100,100,0,100,100,0
Malta,2023,533,95,100,0,0,100,100,0,100,100,0
Malta,2024,540,95,100,0,0,100,100,0,100,100,0
Marshall Islands,2000,51,69,94,5,0,0,83,0,0,25,74
Marshall Islands,2001,51,69,94,5,0,0,83,0,0,25,74
Marshall Islands,2002,51,70,94,5,0,0,83,0,0,25,74
Marshall Islands,2003,52,70,94,5,0,0,83,0,0,25,74
Marshall Islands,2004,52,71,94,5,0,0,83,0,0,25,74
Marshall Islands,2005,52,71,94,5,0,0,83,0,0,26,73
Marshall Islands,2006,52,72,94,5,0,0,83,0,0,28,72
Marshall Islands,2007,52,72,94,5,0,0,83,0,0,29,71
Marshall Islands,2008,52,73,94,5,0,0,83,0,0,30,69
Marshall Islands,2009,52,73,94,5,0,0,83,0,0,31,68
Marshall Islands,2010,52,74,94,5,0,0,83,0,0,32,67
Marshall Islands,2011,52,74,94,5,0,0,83,0,0,33,66
Marshall Islands,2012,51,74,94,5,0,0,83,0,0,34,65
Marshall Islands,2013,51,75,94,5,0,0,83,0,0,35,64
Marshall Islands,2014,50,75,94,5,0,0,83,0,0,37,63
Marshall Islands,2015,49,76,94,5,0,0,83,0,0,38,61
Marshall Islands,2016,48,76,94,5,0,0,83,0,0,39,60
Marshall Islands,2017,47,77,94,5,0,0,83,0,0,40,59
Marshall Islands,2018,45,77,94,5,0,0,82,0,0,41,58
Marshall Islands,2019,44,77,94,5,0,0,82,0,0,42,57
Marshall Islands,2020,43,78,94,5,0,0,82,0,0,43,55
Marshall Islands,2021,41,78,94,5,0,0,82,0,0,45,54
Marshall Islands,2022,40,79,94,5,0,0,82,0,0,46,53
Marshall Islands,2023,39,79,94,5,0,0,82,0,0,47,52
Marshall Islands,2024,38,79,94,5,0,0,82,0,0,47,52
Martinique,2000,421,90,0,0,0,100,100,0,100,0,0
Martinique,2001,417,90,0,0,0,100,100,0,100,100,0
Martinique,2002,412,90,0,0,0,100,100,0,100,100,0
Martinique,2003,408,89,0,0,0,100,100,0,100,100,0
Martinique,2004,405,89,0,0,0,100,100,0,100,100,0
Martinique,2005,402,89,0,0,0,100,100,0,100,100,0
Martinique,2006,400,89,0,0,0,100,100,0,100,100,0
Martinique,2007,401,89,0,0,0,100,100,0,100,100,0
Martinique,2008,401,89,0,0,0,100,100,0,100,100,0
Martinique,2009,400,89,0,0,0,100,100,0,100,100,0
Martinique,2010,397,89,0,0,0,100,100,0,100,100,0
Martinique,2011,395,89,0,0,0,100,100,0,100,100,0
Martinique,2012,392,89,0,0,0,100,100,0,100,100,0
Martinique,2013,389,89,0,0,0,100,100,0,100,100,0
Martinique,2014,387,89,0,0,0,100,100,0,100,100,0
Martinique,2015,384,89,0,0,0,100,100,0,100,100,0
Martinique,2016,379,89,0,0,0,100,100,0,100,100,0
Martinique,2017,372,89,0,0,0,100,100,0,100,100,0
Martinique,2018,364,89,0,0,0,100,100,0,100,100,0
Martinique,2019,360,89,0,0,0,100,100,0,100,100,0
Martinique,2020,357,89,0,0,0,100,100,0,100,100,0
Martinique,2021,353,89,0,0,0,100,100,0,100,100,0
Martinique,2022,349,89,0,0,0,99,100,0,99,100,0
Martinique,2023,346,89,0,0,0,99,100,0,99,100,0
Martinique,2024,343,89,0,0,0,99,100,0,99,100,0
Mauritania,2000,2 613,38,26,13,52,0,25,25,0,24,35
Mauritania,2001,2 679,39,27,13,50,0,26,25,0,26,35
Mauritania,2002,2 739,39,29,14,49,0,26,26,0,27,35
Mauritania,2003,2 802,40,30,14,48,0,27,26,0,29,35
Mauritania,2004,2 869,41,31,14,47,0,28,27,0,31,35
Mauritania,2005,2 939,42,32,14,46,0,28,27,0,32,35
Mauritania,2006,3 014,43,34,15,45,0,29,28,0,34,34
Mauritania,2007,3 093,44,35,15,43,0,30,29,0,36,34
Mauritania,2008,3 183,45,36,15,42,0,31,29,0,37,34
Mauritania,2009,3 284,46,38,15,41,0,31,30,0,39,34
Mauritania,2010,3 391,47,39,16,40,0,33,30,0,40,33
Mauritania,2011,3 503,47,40,16,39,0,35,31,0,42,33
Mauritania,2012,3 619,48,42,16,38,0,37,31,0,44,33
Mauritania,2013,3 734,49,43,16,36,0,39,32,0,45,32
Mauritania,2014,3 849,50,44,16,35,0,41,32,0,47,32
Mauritania,2015,3 966,51,46,16,34,0,43,33,0,49,31
Mauritania,2016,4 087,52,47,17,33,0,45,33,0,50,31
Mauritania,2017,4 211,53,49,17,32,0,47,34,0,52,30
Mauritania,2018,4 338,54,50,17,30,0,49,34,0,54,30
Mauritania,2019,4 468,55,52,17,29,0,51,35,0,56,29
Mauritania,2020,4 600,55,53,17,28,0,54,35,0,57,28
Mauritania,2021,4 735,56,55,17,27,0,56,36,0,59,28
Mauritania,2022,4 876,57,56,17,26,0,58,36,0,61,27
Mauritania,2023,5 022,58,58,17,25,0,60,37,0,62,26
Mauritania,2024,5 169,58,59,17,23,0,61,37,0,64,26
Mauritius,2000,1 217,43,100,0,0,0,100,91,0,100,0
Mauritius,2001,1 226,43,100,0,0,0,100,91,0,100,0
Mauritius,2002,1 234,42,100,0,0,0,100,91,0,100,0
Mauritius,2003,1 242,42,100,0,0,0,100,91,0,100,0
Mauritius,2004,1 250,42,100,0,0,0,100,91,0,100,0
Mauritius,2005,1 257,42,100,0,0,0,100,91,0,100,0
Mauritius,2006,1 264,42,100,0,0,0,100,91,0,100,0
Mauritius,2007,1 270,42,100,0,0,0,100,91,0,100,0
Mauritius,2008,1 275,42,100,0,0,0,100,91,0,100,0
Mauritius,2009,1 279,42,100,0,0,0,100,91,0,100,0
Mauritius,2010,1 283,42,100,0,0,0,100,91,0,100,0
Mauritius,2011,1 286,41,100,0,0,0,100,91,0,100,0
Mauritius,2012,1 289,41,100,0,0,0,100,91,0,100,0
Mauritius,2013,1 291,41,100,0,0,0,100,92,0,100,0
Mauritius,2014,1 292,41,100,0,0,0,100,92,0,100,0
Mauritius,2015,1 292,41,100,0,0,0,100,92,0,100,0
Mauritius,2016,1 292,41,100,0,0,0,100,92,0,100,0
Mauritius,2017,1 291,41,100,0,0,0,100,93,0,100,0
Mauritius,2018,1 289,41,100,0,0,0,100,93,0,100,0
Mauritius,2019,1 286,41,100,0,0,0,100,93,0,100,0
Mauritius,2020,1 283,41,100,0,0,0,100,94,0,100,0
Mauritius,2021,1 280,41,100,0,0,0,100,94,0,100,0
Mauritius,2022,1 276,41,100,0,0,0,100,94,0,100,0
Mauritius,2023,1 274,41,100,0,0,0,100,95,0,100,0
Mauritius,2024,1 271,41,100,0,0,0,100,95,0,100,0
Mayotte,2006,185,50,0,0,0,79,79,0,97,97,0
Mayotte,2007,191,50,0,0,0,79,79,0,97,97,0
Mayotte,2008,196,50,0,0,0,79,79,0,97,97,0
Mayotte,2009,202,49,0,0,0,79,79,0,97,97,0
Mayotte,2010,207,49,0,0,0,79,79,0,97,97,0
Mayotte,2011,213,49,0,0,0,81,81,0,97,96,0
Mayotte,2012,219,48,0,0,0,84,84,0,96,96,1
Mayotte,2013,227,48,0,0,0,86,86,0,96,95,2
Mayotte,2014,236,47,0,0,0,88,88,0,96,95,2
Mayotte,2015,246,47,0,0,0,91,91,0,95,94,2
Mayotte,2016,256,47,0,0,0,93,93,0,95,94,3
Mayotte,2017,265,46,0,0,0,94,95,0,94,94,3
Mayotte,2018,270,46,0,0,0,94,96,0,94,93,3
Mayotte,2019,275,46,0,0,0,93,96,0,93,93,4
Mayotte,2020,284,46,0,0,0,93,96,0,93,93,4
Mayotte,2021,294,46,0,0,0,93,96,0,93,93,4
Mayotte,2022,305,45,0,0,0,92,96,0,92,93,4
Mayotte,2023,316,45,0,0,0,92,96,0,92,93,4
Mexico,2000,98 626,75,78,4,10,40,83,72,40,86,7
Mexico,2001,100 099,75,79,3,9,40,84,72,40,87,6
Mexico,2002,101 549,75,80,3,8,40,84,72,40,87,6
Mexico,2003,102 979,76,81,2,8,40,85,71,40,88,6
Mexico,2004,104 394,76,82,2,8,41,85,71,41,88,6
Mexico,2005,105 812,76,83,1,8,41,86,71,41,89,6
Mexico,2006,107 254,77,84,0,8,41,87,71,41,89,5
Mexico,2007,108 774,77,86,0,7,41,87,71,41,90,5
Mexico,2008,110 374,77,87,0,7,41,88,70,41,90,5
Mexico,2009,112 000,78,87,0,7,41,88,70,41,91,5
Mexico,2010,113 624,78,88,0,7,41,89,70,41,91,5
Mexico,2011,115 244,78,89,0,7,42,90,70,42,92,4
Mexico,2012,116 818,78,89,0,6,42,90,70,42,92,4
Mexico,2013,118 344,79,90,0,6,42,91,69,42,93,4
Mexico,2014,119 784,79,91,0,6,42,91,69,42,93,4
Mexico,2015,121 072,79,91,0,6,42,92,69,42,94,4
Mexico,2016,122 251,80,92,0,6,42,92,69,42,94,3
Mexico,2017,123 400,80,93,0,6,42,93,68,42,95,3
Mexico,2018,124 574,80,93,0,5,42,94,68,42,95,3
Mexico,2019,125 763,80,94,0,5,43,94,68,43,96,3
Mexico,2020,126 799,81,95,0,5,43,95,68,43,96,3
Mexico,2021,127 648,81,95,0,5,43,95,67,43,97,2
Mexico,2022,128 613,81,96,0,4,43,96,67,43,97,2
Mexico,2023,129 740,82,97,0,3,43,96,67,43,97,2
Mexico,2024,130 861,82,97,0,3,43,97,67,43,98,2
Micronesia (Federated States of),2000,112,22,0,0,0,0,59,76,0,31,61
Micronesia (Federated States of),2001,112,22,0,0,0,0,60,75,0,33,58
Micronesia (Federated States of),2002,112,22,0,0,0,0,60,75,0,36,56
Micronesia (Federated States of),2003,112,22,0,0,0,0,60,75,0,39,53
Micronesia (Federated States of),2004,112,22,0,0,0,0,61,75,0,41,50
Micronesia (Federated States of),2005,111,22,0,0,0,0,61,75,0,44,47
Micronesia (Federated States of),2006,111,22,0,0,0,0,62,75,0,47,44
Micronesia (Federated States of),2007,110,22,0,0,0,0,62,75,0,50,41
Micronesia (Federated States of),2008,109,22,0,0,0,0,62,75,0,52,39
Micronesia (Federated States of),2009,108,22,0,0,0,0,63,75,0,55,36
Micronesia (Federated States of),2010,108,22,0,0,0,0,63,75,0,58,33
Micronesia (Federated States of),2011,108,22,0,0,0,0,64,74,0,60,30
Micronesia (Federated States of),2012,108,22,0,0,0,0,64,74,0,63,27
Micronesia (Federated States of),2013,108,22,0,0,0,0,64,74,0,66,25
Micronesia (Federated States of),2014,108,22,0,0,0,0,64,74,0,68,22
Micronesia (Federated States of),2015,109,22,0,0,0,0,64,74,0,71,19
Micronesia (Federated States of),2016,109,23,0,0,0,0,64,74,0,74,16
Micronesia (Federated States of),2017,109,23,0,0,0,0,64,74,0,74,16
Micronesia (Federated States of),2018,110,23,0,0,0,0,64,74,0,74,16
Micronesia (Federated States of),2019,110,23,0,0,0,0,64,74,0,74,16
Micronesia (Federated States of),2020,111,23,0,0,0,0,64,74,0,74,16
Monaco,2000,32,100,0,0,0,100,100,0,100,100,0
Monaco,2001,32,100,0,0,0,100,100,0,100,100,0
Monaco,2002,32,100,0,0,0,100,100,0,100,100,0
Monaco,2003,32,100,0,0,0,100,100,0,100,100,0
Monaco,2004,32,100,0,0,0,100,100,0,100,100,0
Monaco,2005,32,100,0,0,0,100,100,0,100,100,0
Monaco,2006,32,100,0,0,0,100,100,0,100,100,0
Monaco,2007,32,100,0,0,0,100,100,0,100,100,0
Monaco,2008,32,100,0,0,0,100,100,0,100,100,0
Monaco,2009,32,100,0,0,0,100,100,0,100,100,0
Monaco,2010,33,100,0,0,0,100,100,0,100,100,0
Monaco,2011,34,100,0,0,0,100,100,0,100,100,0
Monaco,2012,35,100,0,0,0,100,100,0,100,100,0
Monaco,2013,35,100,0,0,0,100,100,0,100,100,0
Monaco,2014,36,100,0,0,0,100,100,0,100,100,0
Monaco,2015,37,100,0,0,0,100,100,0,100,100,0
Monaco,2016,37,100,0,0,0,100,100,0,100,100,0
Monaco,2017,38,100,0,0,0,100,100,0,100,100,0
Monaco,2018,38,100,0,0,0,100,100,0,100,100,0
Monaco,2019,38,100,0,0,0,100,100,0,100,100,0
Monaco,2020,38,100,0,0,0,100,100,0,100,100,0
Monaco,2021,39,100,0,0,0,100,100,0,100,100,0
Monaco,2022,39,100,0,0,0,100,100,0,100,100,0
Monaco,2023,39,100,0,0,0,100,100,0,100,100,0
Monaco,2024,39,100,0,0,0,100,100,0,100,100,0
Mongolia,2000,2 455,57,29,7,24,18,18,64,62,24,46
Mongolia,2001,2 478,58,30,7,24,19,19,65,63,24,46
Mongolia,2002,2 500,59,31,7,23,20,20,66,65,25,47
Mongolia,2003,2 522,60,33,7,23,21,21,67,66,26,47
Mongolia,2004,2 543,61,34,8,22,22,22,69,67,27,48
Mongolia,2005,2 563,62,36,8,22,23,23,70,68,28,48
Mongolia,2006,2 585,64,37,8,21,24,24,71,69,29,48
Mongolia,2007,2 608,65,38,8,21,26,26,72,70,30,49
Mongolia,2008,2 634,66,40,8,20,27,27,73,72,31,49
Mongolia,2009,2 665,67,41,8,20,28,28,74,73,31,49
Mongolia,2010,2 702,68,43,9,19,29,29,75,74,32,50
Mongolia,2011,2 745,68,44,9,19,30,30,76,74,33,50
Mongolia,2012,2 795,68,46,9,18,31,31,77,75,34,50
Mongolia,2013,2 852,68,47,9,18,32,32,77,76,34,50
Mongolia,2014,2 913,68,48,9,17,33,33,78,76,35,50
Mongolia,2015,2 977,68,50,9,17,34,34,79,77,35,50
Mongolia,2016,3 041,68,51,9,16,35,35,79,77,36,51
Mongolia,2017,3 104,68,53,9,16,36,36,80,78,36,51
Mongolia,2018,3 168,68,54,9,15,37,37,81,78,37,51
Mongolia,2019,3 232,69,56,9,15,38,38,81,79,37,51
Mongolia,2020,3 291,69,57,9,14,39,39,82,79,38,51
Mongolia,2021,3 340,69,59,9,14,40,40,82,80,38,51
Mongolia,2022,3 386,69,60,9,13,41,41,83,81,39,51
Mongolia,2023,3 432,69,62,9,13,42,42,84,81,39,52
Mongolia,2024,3 476,69,64,10,12,43,43,84,82,40,52
Montenegro,2006,634,63,94,3,3,84,84,84,86,88,10
Montenegro,2007,633,63,94,2,3,84,85,84,87,88,10
Montenegro,2008,633,63,94,2,3,84,86,84,88,88,10
Montenegro,2009,632,64,95,2,3,84,88,84,88,89,10
Montenegro,2010,632,64,95,2,3,84,89,84,89,89,10
Montenegro,2011,633,64,95,2,2,85,90,85,90,89,10
Montenegro,2012,634,65,96,2,2,85,91,85,90,89,10
Montenegro,2013,633,65,96,2,2,85,93,85,91,89,10
Montenegro,2014,631,65,96,2,2,85,94,85,92,89,10
Montenegro,2015,628,66,97,2,2,85,95,85,92,89,10
Montenegro,2016,624,66,97,1,1,85,96,85,93,89,10
Montenegro,2017,620,66,97,1,1,85,97,85,93,89,10
Montenegro,2018,616,67,100,0,0,85,98,85,94,89,10
Montenegro,2019,612,67,100,0,0,85,98,85,95,89,10
Montenegro,2020,608,67,100,0,0,85,99,85,95,89,10
Montenegro,2021,604,68,100,0,0,85,99,85,95,90,10
Montenegro,2022,615,68,100,0,0,85,99,85,95,90,10
Montenegro,2023,634,69,100,0,0,85,99,85,95,90,10
Montenegro,2024,638,69,100,0,0,86,99,86,95,90,10
Montserrat,2000,5,2,0,0,0,0,98,0,0,98,0
Montserrat,2001,5,9,0,0,0,0,98,0,0,98,0
Montserrat,2002,4,9,0,0,0,0,98,0,0,98,0
Montserrat,2003,4,9,0,0,0,0,98,0,0,98,0
Montserrat,2004,5,9,0,0,0,0,98,0,0,98,0
Montserrat,2005,5,9,0,0,0,0,98,0,0,98,0
Montserrat,2006,5,9,0,0,0,0,98,0,0,98,0
Montserrat,2007,5,9,0,0,0,0,98,0,0,98,0
Montserrat,2008,5,9,0,0,0,0,98,0,0,98,0
Montserrat,2009,5,9,0,0,0,0,98,0,0,98,0
Montserrat,2010,5,9,0,0,0,0,98,0,0,98,0
Montserrat,2011,5,9,0,0,0,0,98,0,0,98,0
Montserrat,2012,5,9,0,0,0,0,98,0,0,98,0
Montserrat,2013,5,9,0,0,0,0,98,0,0,98,0
Montserrat,2014,5,9,0,0,0,0,98,0,0,98,0
Montserrat,2015,5,9,0,0,0,0,98,0,0,98,0
Montserrat,2016,5,9,0,0,0,0,98,0,0,98,0
Montserrat,2017,5,9,0,0,0,0,98,0,0,98,0
Montserrat,2018,5,9,0,0,0,0,98,0,0,98,0
Montserrat,2019,5,9,0,0,0,0,98,0,0,98,0
Montserrat,2020,5,9,0,0,0,0,98,0,0,98,0
Montserrat,2021,4,9,0,0,0,0,98,0,0,98,0
Montserrat,2022,4,9,0,0,0,0,98,0,0,98,0
Montserrat,2023,4,9,0,0,0,0,98,0,0,98,0
Montserrat,2024,4,9,0,0,0,0,98,0,0,98,0
Morocco,2000,28 423,53,27,5,64,41,41,63,58,58,7
Morocco,2001,28 815,54,29,5,62,41,41,64,60,59,7
Morocco,2002,29 198,54,31,5,60,42,42,65,61,60,8
Morocco,2003,29 571,54,33,6,58,42,42,66,62,62,8
Morocco,2004,29 953,55,35,6,55,43,43,67,63,63,8
Morocco,2005,30 358,55,37,6,53,44,44,68,65,64,8
Morocco,2006,30 771,56,40,6,51,45,45,69,66,65,9
Morocco,2007,31 186,56,42,6,49,47,47,70,67,67,9
Morocco,2008,31 607,57,44,7,47,49,49,71,68,68,9
Morocco,2009,32 031,57,46,7,44,51,51,72,69,69,9
Morocco,2010,32 467,58,48,7,42,53,53,73,71,70,9
Morocco,2011,32 913,59,51,7,40,55,55,74,72,71,9
Morocco,2012,33 355,59,53,7,38,57,57,75,73,73,10
Morocco,2013,33 788,60,55,7,36,59,59,75,74,74,10
Morocco,2014,34 205,60,57,8,34,61,61,76,75,75,10
Morocco,2015,34 608,61,60,8,31,63,63,77,76,76,10
Morocco,2016,35 023,61,62,8,29,65,65,77,77,77,10
Morocco,2017,35 446,62,64,8,27,67,67,78,78,78,10
Morocco,2018,35 840,62,67,8,25,69,69,79,79,79,11
Morocco,2019,36 211,63,69,8,23,71,71,79,80,80,11
Morocco,2020,36 584,64,71,8,20,73,73,80,81,81,11
Morocco,2021,36 954,64,74,8,18,75,75,80,82,82,11
Morocco,2022,37 329,65,76,8,16,78,78,81,83,83,11
Morocco,2023,37 713,65,78,8,14,79,80,81,84,84,11
Morocco,2024,38 081,66,81,8,11,80,81,82,85,85,11
Mozambique,2000,18 130,29,8,5,64,9,9,19,15,19,10
Mozambique,2001,18 538,29,9,6,62,9,9,20,15,20,11
Mozambique,2002,18 958,29,10,6,61,9,9,21,16,21,12
Mozambique,2003,19 392,30,12,7,59,10,10,22,17,22,13
Mozambique,2004,19 840,30,13,8,57,10,10,23,18,23,14
Mozambique,2005,20 305,30,15,8,56,11,11,24,19,24,15
Mozambique,2006,20 787,30,17,9,54,11,11,26,20,24,16
Mozambique,2007,21 288,30,18,9,52,12,12,27,21,25,17
Mozambique,2008,21 819,31,20,10,51,13,13,28,22,26,18
Mozambique,2009,22 392,31,22,10,49,14,14,29,23,27,19
Mozambique,2010,22 999,32,23,10,47,15,15,31,24,28,20
Mozambique,2011,23 649,32,25,11,46,15,16,32,25,30,21
Mozambique,2012,24 338,33,27,11,44,16,17,34,25,31,22
Mozambique,2013,25 052,33,29,11,42,17,18,35,26,32,23
Mozambique,2014,25 788,34,31,11,41,18,19,36,27,33,23
Mozambique,2015,26 548,34,33,12,39,19,20,38,28,34,24
Mozambique,2016,27 337,35,35,12,37,19,21,39,29,35,25
Mozambique,2017,28 166,35,37,12,36,20,22,41,30,36,26
Mozambique,2018,29 019,36,39,12,34,21,24,42,31,37,27
Mozambique,2019,29 884,37,41,12,32,22,25,44,32,38,28
Mozambique,2020,30 784,37,43,12,31,23,26,45,33,39,29
Mozambique,2021,31 708,38,45,12,29,24,28,46,34,40,29
Mozambique,2022,32 656,38,47,12,27,25,29,48,35,41,30
Mozambique,2023,33 635,39,50,12,26,26,31,49,36,42,31
Mozambique,2024,34 632,39,52,11,24,28,32,51,37,44,32
Myanmar,2000,45 291,27,39,20,21,27,27,57,45,10,56
Myanmar,2001,45 771,27,41,20,20,29,29,58,46,11,56
Myanmar,2002,46 233,27,42,19,19,30,30,59,47,12,56
Myanmar,2003,46 667,28,44,18,19,32,32,60,47,13,56
Myanmar,2004,47 069,28,46,18,18,33,33,61,48,14,56
Myanmar,2005,47 438,28,47,17,17,35,35,62,49,15,55
Myanmar,2006,47 785,28,49,16,17,37,37,63,49,16,55
Myanmar,2007,48 125,28,51,15,16,38,38,63,50,18,55
Myanmar,2008,48 391,29,53,15,15,40,40,64,51,19,55
Myanmar,2009,48 660,29,55,14,14,42,42,65,51,20,55
Myanmar,2010,49 024,29,57,13,14,44,44,66,52,21,55
Myanmar,2011,49 420,29,59,12,13,45,46,67,53,22,54
Myanmar,2012,49 837,29,61,11,12,47,47,68,53,23,54
Myanmar,2013,50 263,29,63,10,12,48,49,69,54,25,54
Myanmar,2014,50 682,30,65,9,11,50,51,69,55,26,54
Myanmar,2015,51 089,30,67,8,10,51,53,70,55,27,53
Myanmar,2016,51 496,30,69,7,9,53,55,71,56,28,53
Myanmar,2017,51 895,30,72,6,9,54,57,72,57,29,53
Myanmar,2018,52 272,31,74,5,8,56,59,73,57,31,53
Myanmar,2019,52 641,31,76,4,7,58,61,74,58,32,52
Myanmar,2020,53 017,31,78,2,7,59,64,75,59,33,52
Myanmar,2021,53 387,31,81,1,6,60,66,75,60,34,52
Myanmar,2022,53 757,32,81,1,6,60,66,75,60,35,52
Myanmar,2023,54 134,32,81,1,6,60,66,76,60,35,52
Myanmar,2024,54 500,32,81,1,6,60,66,76,60,35,52
Namibia,2000,1 819,32,66,11,13,0,45,62,0,70,14
Namibia,2001,1 857,33,66,11,13,0,46,62,0,70,14
Namibia,2002,1 890,34,66,11,12,0,47,62,0,71,13
Namibia,2003,1 917,35,67,11,12,0,48,62,0,72,13
Namibia,2004,1 942,36,67,11,12,0,50,62,0,72,13
Namibia,2005,1 967,37,68,11,12,0,51,62,0,73,13
Namibia,2006,1 992,38,68,11,11,0,52,62,0,74,13
Namibia,2007,2 019,39,68,11,11,0,53,62,0,74,13
Namibia,2008,2 047,40,69,11,11,0,55,62,0,75,12
Namibia,2009,2 077,41,69,11,11,0,56,62,0,76,12
Namibia,2010,2 110,42,69,11,11,0,57,62,0,76,12
Namibia,2011,2 146,43,70,12,10,0,58,62,0,77,12
Namibia,2012,2 195,44,70,12,10,0,59,62,0,77,12
Namibia,2013,2 253,45,70,12,10,0,60,62,0,78,12
Namibia,2014,2 312,46,71,12,10,0,62,62,0,79,11
Namibia,2015,2 374,47,71,12,9,0,63,62,0,79,11
Namibia,2016,2 439,48,71,12,9,0,64,61,0,80,11
Namibia,2017,2 507,49,72,12,9,0,65,61,0,80,11
Namibia,2018,2 577,50,72,12,9,0,65,61,0,81,11
Namibia,2019,2 650,51,72,12,8,0,66,61,0,81,11
Namibia,2020,2 729,52,73,12,8,0,66,61,0,82,11
Namibia,2021,2 811,53,73,12,8,0,67,61,0,82,10
Namibia,2022,2 890,54,74,12,8,0,67,61,0,83,10
Namibia,2023,2 963,55,74,12,8,0,67,60,0,83,10
Namibia,2024,3 030,56,74,12,7,0,68,61,0,83,10
Nauru,2000,10,100,0,0,0,19,98,74,19,0,0
Nauru,2001,10,100,0,0,0,19,98,74,19,0,0
Nauru,2002,10,100,0,0,0,19,98,74,19,0,0
Nauru,2003,10,100,0,0,0,19,98,74,19,0,0
Nauru,2004,10,100,0,0,0,19,98,74,19,0,0
Nauru,2005,10,100,0,0,0,19,98,74,19,0,0
Nauru,2006,10,100,0,0,0,19,98,74,19,0,0
Nauru,2007,10,100,0,0,0,19,98,74,19,56,42
Nauru,2008,10,100,0,0,0,19,98,74,19,56,42
Nauru,2009,10,100,0,0,0,19,98,74,19,56,42
Nauru,2010,10,100,0,0,0,19,97,74,19,56,42
Nauru,2011,10,100,0,0,0,19,97,74,19,56,42
Nauru,2012,10,100,0,0,0,19,97,74,19,57,41
Nauru,2013,11,100,0,0,0,19,97,74,19,58,40
Nauru,2014,11,100,0,0,0,19,97,74,19,59,39
Nauru,2015,11,100,0,0,0,19,97,74,19,60,39
Nauru,2016,11,100,0,0,0,19,97,74,19,61,38
Nauru,2017,11,100,0,0,0,19,97,74,19,61,37
Nauru,2018,11,100,0,0,0,19,97,74,19,62,36
Nauru,2019,12,100,0,0,0,19,97,74,19,63,35
Nauru,2020,12,100,0,0,0,19,96,74,19,64,34
Nauru,2021,12,100,0,0,0,19,96,74,19,65,34
Nauru,2022,12,100,0,0,0,19,96,74,19,66,33
Nauru,2023,12,100,0,0,0,19,96,74,19,66,32
Nauru,2024,12,100,0,0,0,19,96,74,19,67,31
Nepal,2000,24 547,13,78,1,17,27,41,73,27,43,38
Nepal,2001,24 947,14,78,1,16,27,43,74,27,43,38
Nepal,2002,25 329,14,79,2,16,27,44,74,27,44,39
Nepal,2003,25 689,15,80,2,15,28,46,75,28,44,39
Nepal,2004,26 017,15,80,2,15,28,47,75,28,45,39
Nepal,2005,26 309,15,81,2,14,28,49,75,28,45,39
Nepal,2006,26 565,15,82,2,13,28,50,76,28,46,39
Nepal,2007,26 788,16,83,2,13,29,52,76,29,47,39
Nepal,2008,26 990,16,83,2,12,29,53,77,29,47,39
Nepal,2009,27 173,16,84,2,11,29,55,77,29,48,40
Nepal,2010,27 342,17,85,2,11,29,56,77,29,48,40
Nepal,2011,27 464,17,85,2,10,30,58,78,30,49,40
Nepal,2012,27 535,17,86,2,9,30,59,78,30,49,40
Nepal,2013,27 590,18,87,3,9,28,61,78,28,50,40
Nepal,2014,27 672,18,87,3,8,27,62,79,27,50,40
Nepal,2015,27 824,19,88,3,8,25,64,79,25,51,41
Nepal,2016,27 955,19,89,3,7,24,66,79,24,51,41
Nepal,2017,28 011,19,89,3,6,22,67,80,22,52,41
Nepal,2018,28 080,20,90,3,6,21,69,80,21,52,41
Nepal,2019,28 414,20,91,3,5,19,70,80,19,53,41
Nepal,2020,28 967,21,91,3,4,18,72,80,18,53,42
Nepal,2021,29 475,21,92,3,4,16,74,81,16,53,42
Nepal,2022,29 715,21,93,3,3,16,75,81,16,54,42
Nepal,2023,29 695,22,93,4,2,16,77,81,16,54,42
Nepal,2024,29 651,22,94,4,2,16,79,82,16,55,42
Netherlands (Kingdom of the),2000,16 059,77,100,0,0,100,100,0,100,100,0
Netherlands (Kingdom of the),2001,16 183,78,100,0,0,100,100,0,100,100,0
Netherlands (Kingdom of the),2002,16 288,79,100,0,0,100,100,0,100,100,0
Netherlands (Kingdom of the),2003,16 367,80,100,0,0,100,100,0,100,100,0
Netherlands (Kingdom of the),2004,16 426,82,100,0,0,100,100,0,100,100,0
Netherlands (Kingdom of the),2005,16 466,83,100,0,0,100,100,0,100,100,0
Netherlands (Kingdom of the),2006,16 494,84,100,0,0,100,100,0,100,100,0
Netherlands (Kingdom of the),2007,16 531,85,100,0,0,100,100,0,100,100,0
Netherlands (Kingdom of the),2008,16 597,85,100,0,0,100,100,0,100,100,0
Netherlands (Kingdom of the),2009,16 684,86,100,0,0,100,100,0,100,100,0
Netherlands (Kingdom of the),2010,16 771,87,100,0,0,100,100,0,100,100,0
Netherlands (Kingdom of the),2011,16 851,88,100,0,0,100,100,0,100,100,0
Netherlands (Kingdom of the),2012,16 915,89,100,0,0,100,100,0,100,100,0
Netherlands (Kingdom of the),2013,16 967,89,100,0,0,100,100,0,100,100,0
Netherlands (Kingdom of the),2014,17 030,90,100,0,0,100,100,0,100,100,0
Netherlands (Kingdom of the),2015,17 107,90,100,0,0,100,100,0,100,100,0
Netherlands (Kingdom of the),2016,17 205,91,100,0,0,100,100,0,100,100,0
Netherlands (Kingdom of the),2017,17 315,91,100,0,0,100,100,0,100,100,0
Netherlands (Kingdom of the),2018,17 421,91,100,0,0,100,100,0,100,100,0
Netherlands (Kingdom of the),2019,17 538,92,100,0,0,100,100,0,100,100,0
Netherlands (Kingdom of the),2020,17 637,92,100,0,0,100,100,0,100,100,0
Netherlands (Kingdom of the),2021,17 731,93,100,0,0,100,100,0,100,100,0
Netherlands (Kingdom of the),2022,17 904,93,100,0,0,100,100,0,100,100,0
Netherlands (Kingdom of the),2023,18 093,93,100,0,0,100,100,0,100,100,0
Netherlands (Kingdom of the),2024,18 229,93,100,0,0,100,100,0,100,100,0
New Caledonia,2000,223,62,0,0,0,87,87,0,93,90,5
New Caledonia,2001,228,62,0,0,0,87,87,0,93,90,5
New Caledonia,2002,232,63,0,0,0,87,87,0,93,90,5
New Caledonia,2003,237,63,0,0,0,88,88,0,93,91,5
New Caledonia,2004,241,63,0,0,0,88,88,0,93,91,4
New Caledonia,2005,244,64,0,0,0,89,89,0,93,92,4
New Caledonia,2006,248,65,0,0,0,90,90,0,93,92,4
New Caledonia,2007,251,65,0,0,0,90,90,0,94,93,4
New Caledonia,2008,254,66,0,0,0,91,91,0,94,93,3
New Caledonia,2009,257,67,0,0,0,92,92,0,94,93,3
New Caledonia,2010,262,67,0,0,0,92,92,0,94,94,3
New Caledonia,2011,267,68,0,0,0,93,93,0,95,94,3
New Caledonia,2012,272,68,0,0,0,94,94,0,95,95,3
New Caledonia,2013,277,68,0,0,0,94,94,0,95,95,2
New Caledonia,2014,281,69,0,0,0,95,95,0,95,96,2
New Caledonia,2015,283,69,0,0,0,96,96,0,96,96,2
New Caledonia,2016,283,70,0,0,0,96,97,0,96,97,2
New Caledonia,2017,284,70,0,0,0,96,97,0,96,97,1
New Caledonia,2018,284,71,0,0,0,96,98,0,96,98,1
New Caledonia,2019,284,71,0,0,0,96,99,0,96,98,0
New Caledonia,2020,284,72,0,0,0,97,100,0,97,99,0
New Caledonia,2021,285,72,0,0,0,97,100,0,97,100,0
New Caledonia,2022,287,72,0,0,0,97,100,0,97,100,0
New Caledonia,2023,290,73,0,0,0,97,100,0,97,100,0
New Caledonia,2024,293,73,0,0,0,97,100,0,97,100,0
New Zealand,2000,3 858,86,100,0,0,84,100,0,84,100,0
New Zealand,2001,3 892,86,100,0,0,84,100,0,84,100,0
New Zealand,2002,3 951,86,100,0,0,84,100,0,84,100,0
New Zealand,2003,4 023,86,100,0,0,84,100,0,84,100,0
New Zealand,2004,4 084,86,100,0,0,84,100,0,84,100,0
New Zealand,2005,4 135,86,100,0,0,84,100,0,84,100,0
New Zealand,2006,4 182,86,100,0,0,85,100,0,85,100,0
New Zealand,2007,4 223,86,100,0,0,86,100,0,86,100,0
New Zealand,2008,4 262,86,100,0,0,87,100,0,87,100,0
New Zealand,2009,4 304,86,100,0,0,88,100,0,88,100,0
New Zealand,2010,4 348,86,100,0,0,89,100,0,89,100,0
New Zealand,2011,4 383,86,100,0,0,90,100,0,90,100,0
New Zealand,2012,4 412,86,100,0,0,91,100,0,91,100,0
New Zealand,2013,4 454,86,100,0,0,92,100,0,92,100,0
New Zealand,2014,4 523,86,100,0,0,93,100,0,93,100,0
New Zealand,2015,4 614,86,100,0,0,94,100,0,94,100,0
New Zealand,2016,4 715,86,100,0,0,95,100,0,95,100,0
New Zealand,2017,4 813,86,100,0,0,96,100,0,96,100,0
New Zealand,2018,4 901,87,100,0,0,97,100,0,97,100,0
New Zealand,2019,4 989,87,100,0,0,98,100,0,98,100,0
New Zealand,2020,5 070,87,100,0,0,100,100,0,100,100,0
New Zealand,2021,5 108,87,100,0,0,100,100,0,100,100,0
New Zealand,2022,5 132,87,100,0,0,100,100,0,100,100,0
New Zealand,2023,5 173,87,100,0,0,100,100,0,100,100,0
New Zealand,2024,5 214,87,100,0,0,100,100,0,100,100,0
Nicaragua,2000,5 023,55,0,0,0,0,0,0,0,0,0
Nicaragua,2001,5 088,55,0,0,0,0,0,0,0,0,0
Nicaragua,2002,5 150,55,0,0,0,0,0,0,0,0,0
Nicaragua,2003,5 211,56,0,0,0,0,0,0,0,0,0
Nicaragua,2004,5 273,56,0,0,0,0,0,0,0,0,0
Nicaragua,2005,5 342,56,0,0,0,0,0,0,0,0,0
Nicaragua,2006,5 419,56,0,0,0,0,0,0,0,0,0
Nicaragua,2007,5 497,56,0,0,0,0,0,0,0,0,0
Nicaragua,2008,5 577,57,0,0,0,0,0,0,0,0,0
Nicaragua,2009,5 657,57,0,0,0,0,0,0,0,0,0
Nicaragua,2010,5 737,57,0,0,0,0,0,0,0,0,0
Nicaragua,2011,5 819,57,0,0,0,0,0,0,0,0,0
Nicaragua,2012,5 901,57,0,0,0,0,0,0,0,0,0
Nicaragua,2013,5 984,58,0,0,0,0,0,0,0,0,0
Nicaragua,2014,6 066,58,0,0,0,0,0,0,0,0,0
Nicaragua,2015,6 149,58,0,0,0,0,0,0,0,0,0
Nicaragua,2016,6 233,58,0,0,0,0,0,0,0,0,0
Nicaragua,2017,6 316,58,0,0,0,0,0,0,0,0,0
Nicaragua,2018,6 400,59,0,0,0,0,0,0,0,0,0
Nicaragua,2019,6 484,59,0,0,0,0,0,0,0,0,0
Nicaragua,2020,6 565,59,0,0,0,0,0,0,0,0,0
Nicaragua,2021,6 645,59,0,0,0,0,0,0,0,0,0
Nicaragua,2022,6 731,60,0,0,0,0,0,0,0,0,0
Nicaragua,2023,6 824,60,0,0,0,0,0,0,0,0,0
Nicaragua,2024,6 916,60,0,0,0,0,0,0,0,0,0
Niger,2000,11 510,16,26,7,63,0,10,26,0,17,26
Niger,2001,11 921,16,27,7,62,0,10,26,0,18,26
Niger,2002,12 349,16,28,8,61,0,11,27,0,19,26
Niger,2003,12 797,16,29,8,59,0,11,28,0,20,26
Niger,2004,13 266,16,30,8,58,0,11,28,0,22,26
Niger,2005,13 756,16,31,9,57,0,11,29,0,23,26
Niger,2006,14 269,16,32,9,56,0,11,29,0,24,26
Niger,2007,14 804,16,32,10,54,0,12,30,0,25,26
Niger,2008,15 362,16,33,10,53,0,12,30,0,26,25
Niger,2009,15 944,16,34,10,52,0,12,31,0,28,25
Niger,2010,16 549,16,35,11,51,0,12,32,0,29,25
Niger,2011,17 176,16,36,11,49,0,12,32,0,30,25
Niger,2012,17 837,16,37,12,48,0,13,32,0,31,25
Niger,2013,18 520,16,38,12,47,0,13,32,0,32,25
Niger,2014,19 216,16,38,13,46,0,13,32,0,34,25
Niger,2015,19 939,16,39,13,45,0,13,32,0,35,25
Niger,2016,20 686,16,40,14,43,0,13,32,0,36,25
Niger,2017,21 435,16,41,14,42,0,14,32,0,37,25
Niger,2018,22 188,16,42,15,41,0,14,32,0,39,24
Niger,2019,22 948,17,43,15,40,0,14,32,0,40,24
Niger,2020,23 718,17,43,16,39,0,14,33,0,41,24
Niger,2021,24 502,17,44,16,37,0,14,33,0,43,24
Niger,2022,25 312,17,45,17,36,0,15,33,0,44,24
Niger,2023,26 160,17,46,17,35,0,15,33,0,45,24
Niger,2024,27 032,17,46,18,34,0,15,33,0,46,24
Nigeria,2000,126 382,35,32,6,31,13,13,45,19,16,37
Nigeria,2001,129 863,36,33,6,30,13,13,46,19,16,39
Nigeria,2002,133 472,37,34,7,29,14,14,47,20,16,40
Nigeria,2003,137 203,37,35,7,29,15,15,49,21,16,42
Nigeria,2004,141 057,38,37,7,28,15,15,50,21,16,43
Nigeria,2005,145 017,39,38,7,28,16,16,51,22,16,45
Nigeria,2006,149 077,40,40,7,27,17,17,52,22,16,46
Nigeria,2007,153 267,41,41,7,27,18,18,54,23,16,48
Nigeria,2008,157 595,42,42,7,27,19,19,55,23,15,49
Nigeria,2009,162 049,43,44,7,26,20,20,56,24,15,51
Nigeria,2010,166 643,43,45,7,26,21,21,58,24,15,53
Nigeria,2011,171 380,44,47,7,25,22,22,59,25,15,54
Nigeria,2012,176 201,45,48,7,25,23,23,60,25,15,56
Nigeria,2013,181 049,46,50,7,24,24,24,61,26,15,57
Nigeria,2014,185 897,47,51,7,24,24,25,62,26,15,59
Nigeria,2015,190 672,48,53,7,24,25,27,63,27,14,60
Nigeria,2016,195 444,49,54,7,23,26,28,63,27,14,62
Nigeria,2017,200 255,50,56,6,23,26,29,63,28,14,64
Nigeria,2018,204 939,50,57,6,22,27,30,64,28,13,65
Nigeria,2019,209 486,51,59,6,22,27,31,64,29,13,67
Nigeria,2020,213 996,52,60,6,21,28,33,64,29,13,68
Nigeria,2021,218 529,53,62,6,21,28,34,64,30,13,70
Nigeria,2022,223 151,54,64,6,21,29,35,64,30,12,72
Nigeria,2023,227 883,54,65,6,20,29,37,64,31,12,73
Nigeria,2024,232 679,55,67,6,20,30,37,64,31,11,75
Niue,2000,2,33,0,0,0,98,100,100,98,0,0
Niue,2001,2,33,0,0,0,98,100,100,98,0,0
Niue,2002,2,34,0,0,0,98,100,100,98,0,0
Niue,2003,2,34,0,0,0,98,100,100,98,0,0
Niue,2004,2,35,0,0,0,98,100,100,98,0,0
Niue,2005,2,35,0,0,0,98,100,100,98,92,7
Niue,2006,2,36,0,0,0,98,100,100,98,92,7
Niue,2007,2,36,0,0,0,98,100,100,98,92,7
Niue,2008,2,37,0,0,0,98,99,100,98,92,7
Niue,2009,2,38,0,0,0,98,99,100,98,92,7
Niue,2010,2,39,0,0,0,98,98,99,98,92,7
Niue,2011,2,39,0,0,0,98,98,99,98,93,6
Niue,2012,2,40,0,0,0,97,97,99,98,93,6
Niue,2013,2,41,0,0,0,97,97,99,98,93,6
Niue,2014,2,42,0,0,0,97,97,99,98,93,5
Niue,2015,2,43,0,0,0,96,96,99,98,94,5
Niue,2016,2,43,0,0,0,96,96,99,98,94,5
Niue,2017,2,44,0,0,0,96,96,99,98,94,4
Niue,2018,2,45,0,0,0,95,95,98,98,94,4
Niue,2019,2,46,0,0,0,95,95,98,97,95,4
Niue,2020,2,46,0,0,0,94,94,98,97,95,4
Niue,2021,2,47,0,0,0,94,94,98,97,95,3
Niue,2022,2,48,0,0,0,94,94,98,97,95,3
Niue,2023,2,48,0,0,0,93,93,98,97,95,3
Niue,2024,2,49,0,0,0,93,93,98,97,96,2
North Macedonia,2000,2 057,59,98,0,1,80,94,80,93,93,6
North Macedonia,2001,2 066,58,98,0,1,80,94,80,93,93,6
North Macedonia,2002,2 074,58,98,0,1,80,94,80,93,93,6
North Macedonia,2003,2 081,58,98,0,1,80,94,80,93,93,6
North Macedonia,2004,2 087,58,98,0,1,80,94,80,93,93,6
North Macedonia,2005,2 090,58,98,0,1,80,95,80,93,93,7
North Macedonia,2006,2 089,57,98,0,1,80,95,80,93,93,7
North Macedonia,2007,2 082,57,98,0,1,80,95,80,93,92,7
North Macedonia,2008,2 071,57,98,0,1,80,95,80,93,92,7
North Macedonia,2009,2 061,57,98,0,1,80,95,80,92,92,7
North Macedonia,2010,2 052,57,98,0,1,80,95,80,92,92,7
North Macedonia,2011,2 040,57,98,0,1,80,95,80,92,92,7
North Macedonia,2012,2 027,57,98,1,0,80,95,80,91,92,8
North Macedonia,2013,2 013,57,98,1,0,80,95,80,91,92,8
North Macedonia,2014,1 998,57,98,1,0,80,96,80,90,92,8
North Macedonia,2015,1 980,57,98,1,0,80,96,80,90,92,8
North Macedonia,2016,1 961,58,98,1,0,81,96,81,89,92,8
North Macedonia,2017,1 941,58,98,1,0,81,96,81,89,92,8
North Macedonia,2018,1 920,58,98,1,0,80,96,81,88,91,8
North Macedonia,2019,1 898,58,98,1,0,81,96,81,89,91,8
North Macedonia,2020,1 872,58,98,2,0,81,96,81,89,91,8
North Macedonia,2021,1 851,59,98,2,0,81,96,81,89,91,8
North Macedonia,2022,1 840,59,98,2,0,81,96,81,89,91,8
North Macedonia,2023,1 832,59,98,2,0,81,96,81,89,91,8
North Macedonia,2024,1 823,60,98,2,0,81,96,81,89,91,8
Northern Mariana Islands,2000,68,90,0,0,0,80,96,80,90,95,1
Northern Mariana Islands,2001,68,90,0,0,0,80,96,80,90,95,2
Northern Mariana Islands,2002,67,90,0,0,0,80,96,80,91,95,2
Northern Mariana Islands,2003,65,90,0,0,0,80,96,80,91,95,2
Northern Mariana Islands,2004,64,90,0,0,0,80,96,80,91,95,3
Northern Mariana Islands,2005,62,91,0,0,0,80,96,80,91,95,3
Northern Mariana Islands,2006,61,91,0,0,0,80,96,80,91,94,3
Northern Mariana Islands,2007,59,91,0,0,0,80,96,80,92,94,3
Northern Mariana Islands,2008,57,91,0,0,0,81,96,81,92,94,4
Northern Mariana Islands,2009,55,91,0,0,0,81,96,81,92,94,4
Northern Mariana Islands,2010,54,91,0,0,0,81,96,81,92,94,4
Northern Mariana Islands,2011,54,91,0,0,0,81,96,81,92,94,5
Northern Mariana Islands,2012,53,91,0,0,0,81,96,81,92,94,5
Northern Mariana Islands,2013,53,91,0,0,0,81,96,81,93,94,5
Northern Mariana Islands,2014,52,91,0,0,0,81,96,81,93,93,6
Northern Mariana Islands,2015,52,91,0,0,0,81,96,81,93,93,6
Northern Mariana Islands,2016,51,91,0,0,0,81,96,81,93,93,6
Northern Mariana Islands,2017,50,92,0,0,0,81,96,81,94,93,7
Northern Mariana Islands,2018,49,92,0,0,0,81,96,81,95,93,7
Northern Mariana Islands,2019,48,92,0,0,0,81,96,81,95,93,7
Northern Mariana Islands,2020,48,92,0,0,0,81,96,81,96,93,7
Northern Mariana Islands,2021,47,92,0,0,0,81,96,81,97,93,7
Northern Mariana Islands,2022,46,92,0,0,0,81,95,81,97,92,8
Northern Mariana Islands,2023,45,92,0,0,0,81,95,81,98,92,8
Northern Mariana Islands,2024,44,92,0,0,0,81,95,81,99,92,8
Norway,2000,4 491,76,100,0,0,100,100,0,100,100,0
Norway,2001,4 514,76,100,0,0,100,100,0,100,100,0
Norway,2002,4 538,77,100,0,0,100,100,0,100,100,0
Norway,2003,4 565,77,100,0,0,100,100,0,100,100,0
Norway,2004,4 592,77,100,0,0,100,100,0,100,100,0
Norway,2005,4 623,78,100,0,0,100,100,0,100,100,0
Norway,2006,4 660,78,100,0,0,100,100,0,100,100,0
Norway,2007,4 709,78,100,0,0,100,100,0,100,100,0
Norway,2008,4 768,79,100,0,0,100,100,0,100,100,0
Norway,2009,4 829,79,100,0,0,100,100,0,100,100,0
Norway,2010,4 889,79,100,0,0,100,100,0,100,100,0
Norway,2011,4 953,79,100,0,0,100,100,0,100,100,0
Norway,2012,5 018,80,100,0,0,100,100,0,100,100,0
Norway,2013,5 080,80,100,0,0,100,100,0,100,100,0
Norway,2014,5 137,81,100,0,0,100,100,0,100,100,0
Norway,2015,5 190,81,100,0,0,100,100,0,100,100,0
Norway,2016,5 236,81,100,0,0,100,100,0,100,100,0
Norway,2017,5 277,82,100,0,0,100,100,0,100,100,0
Norway,2018,5 312,82,100,0,0,100,100,0,100,100,0
Norway,2019,5 348,83,100,0,0,100,100,0,100,100,0
Norway,2020,5 379,83,100,0,0,100,100,0,100,100,0
Norway,2021,5 408,83,100,0,0,100,100,0,100,100,0
Norway,2022,5 457,84,100,0,0,100,100,0,100,100,0
Norway,2023,5 519,84,100,0,0,100,100,0,100,100,0
Norway,2024,5 577,84,100,0,0,100,100,0,100,100,0
occupied Palestinian territory*,2000,3 152,72,88,1,8,75,84,82,75,86,7
occupied Palestinian territory*,2001,3 242,72,89,1,7,75,84,83,75,85,9
occupied Palestinian territory*,2002,3 322,72,89,1,7,75,85,83,75,83,11
occupied Palestinian territory*,2003,3 398,73,90,1,6,76,85,84,76,82,12
occupied Palestinian territory*,2004,3 475,73,91,1,6,76,86,84,76,80,14
occupied Palestinian territory*,2005,3 557,73,91,1,5,77,86,85,77,79,16
occupied Palestinian territory*,2006,3 645,73,92,1,4,77,87,85,77,78,18
occupied Palestinian territory*,2007,3 737,73,93,1,4,77,87,86,77,76,20
occupied Palestinian territory*,2008,3 829,74,93,1,3,78,87,86,78,75,22
occupied Palestinian territory*,2009,3 921,74,94,1,3,78,88,86,78,73,24
occupied Palestinian territory*,2010,4 017,74,95,1,2,79,88,87,79,72,26
occupied Palestinian territory*,2011,4 116,74,96,1,2,79,89,87,79,71,28
occupied Palestinian territory*,2012,4 215,75,96,1,1,79,89,88,79,69,30
occupied Palestinian territory*,2013,4 315,75,97,1,0,80,90,88,80,68,31
occupied Palestinian territory*,2014,4 416,75,98,1,0,80,91,89,80,66,33
occupied Palestinian territory*,2015,4 522,75,98,1,0,80,91,89,80,64,35
occupied Palestinian territory*,2016,4 633,76,100,0,0,81,92,89,81,63,37
occupied Palestinian territory*,2017,4 743,76,100,0,0,81,92,89,81,61,39
occupied Palestinian territory*,2018,4 851,76,100,0,0,81,93,89,81,60,40
occupied Palestinian territory*,2019,4 958,76,100,0,0,81,93,89,81,58,42
occupied Palestinian territory*,2020,5 070,77,100,0,0,81,93,89,81,57,43
occupied Palestinian territory*,2021,5 185,77,100,0,0,81,94,89,81,55,45
occupied Palestinian territory*,2022,5 305,77,100,0,0,81,94,89,81,53,47
occupied Palestinian territory*,2023,5 409,78,100,0,0,81,94,89,81,53,47
occupied Palestinian territory*,2024,5 495,78,100,0,0,81,94,89,81,53,47
Oman,2000,2 282,72,70,20,10,84,84,0,92,77,18
Oman,2001,2 310,72,70,20,10,84,84,0,92,77,18
Oman,2002,2 337,72,70,20,10,84,84,0,92,77,18
Oman,2003,2 364,72,70,20,10,84,84,0,92,77,18
Oman,2004,2 405,72,70,20,10,84,84,0,92,77,18
Oman,2005,2 460,72,71,20,9,84,84,0,92,78,18
Oman,2006,2 515,73,71,20,9,85,85,0,92,79,17
Oman,2007,2 570,74,71,20,8,85,85,0,93,80,16
Oman,2008,2 627,74,72,20,8,85,85,0,93,81,15
Oman,2009,2 685,75,72,20,7,86,86,0,93,82,14
Oman,2010,2 757,75,72,21,7,86,86,0,94,84,13
Oman,2011,3 077,76,73,21,6,87,87,0,94,85,12
Oman,2012,3 547,78,73,21,6,87,87,0,95,86,11
Oman,2013,3 834,79,74,21,5,88,88,0,95,87,11
Oman,2014,4 002,80,74,21,5,88,88,0,96,89,10
Oman,2015,4 185,81,74,21,4,89,89,0,96,90,9
Oman,2016,4 391,83,75,21,4,89,89,0,97,91,8
Oman,2017,4 537,84,75,21,3,89,89,0,98,92,7
Oman,2018,4 598,85,75,21,3,90,90,0,98,93,6
Oman,2019,4 591,85,76,22,2,90,90,0,99,94,5
Oman,2020,4 522,86,76,22,2,91,91,0,100,96,4
Oman,2021,4 500,87,76,22,2,91,91,0,100,96,4
Oman,2022,4 730,88,76,22,2,91,91,0,100,96,4
Oman,2023,5 049,88,76,22,2,91,91,0,100,96,4
Oman,2024,5 282,89,76,22,2,91,91,0,100,96,4
Pakistan,2000,154 879,33,83,4,6,43,84,78,43,35,55
Pakistan,2001,159 271,33,83,4,6,43,85,78,43,35,55
Pakistan,2002,163 223,33,83,4,6,43,85,78,43,35,56
Pakistan,2003,167 110,34,84,4,6,43,85,78,43,34,56
Pakistan,2004,171 286,34,84,4,5,43,85,79,43,34,57
Pakistan,2005,175 453,34,84,4,5,43,85,79,43,34,57
Pakistan,2006,179 683,34,85,4,5,43,84,79,43,34,58
Pakistan,2007,184 493,34,85,4,5,43,83,79,43,33,58
Pakistan,2008,189 499,35,85,4,5,43,82,80,43,33,59
Pakistan,2009,194 377,35,85,4,5,44,81,80,44,33,59
Pakistan,2010,199 239,35,86,4,5,44,80,80,44,33,60
Pakistan,2011,203 746,35,86,4,5,44,79,80,44,32,60
Pakistan,2012,207 667,35,86,4,5,44,78,80,44,32,61
Pakistan,2013,211 074,36,87,4,5,44,77,81,44,32,61
Pakistan,2014,214 265,36,87,4,5,44,77,81,44,31,62
Pakistan,2015,217 291,36,87,4,5,44,76,81,44,31,62
Pakistan,2016,220 139,36,88,4,5,44,75,81,44,31,63
Pakistan,2017,223 274,36,88,4,5,44,74,81,44,31,63
Pakistan,2018,226 929,37,88,4,5,45,73,81,45,30,64
Pakistan,2019,230 801,37,88,4,5,45,72,82,45,30,65
Pakistan,2020,235 002,37,89,4,5,45,71,82,45,30,65
Pakistan,2021,239 478,37,89,4,5,45,70,82,45,29,66
Pakistan,2022,243 701,38,89,4,5,45,69,82,45,29,66
Pakistan,2023,247 504,38,89,4,5,45,69,82,45,29,67
Pakistan,2024,251 269,38,89,4,5,45,69,82,45,28,67
Palau,2000,19,70,99,0,1,65,65,100,96,35,64
Palau,2001,19,70,99,0,1,66,66,100,96,37,62
Palau,2002,20,70,99,0,1,67,67,100,96,39,60
Palau,2003,20,70,99,0,1,68,68,100,96,41,58
Palau,2004,20,70,99,0,1,69,69,100,96,43,56
Palau,2005,20,71,99,0,1,70,70,100,96,45,54
Palau,2006,20,72,99,0,1,71,71,100,96,48,52
Palau,2007,19,73,99,0,1,72,72,100,96,50,50
Palau,2008,19,73,99,0,1,74,74,100,96,52,47
Palau,2009,19,74,99,0,1,75,75,100,96,54,45
Palau,2010,18,75,99,0,1,76,76,100,97,57,43
Palau,2011,18,76,99,0,1,77,77,100,97,59,40
Palau,2012,18,76,99,0,1,78,78,100,97,61,38
Palau,2013,18,77,99,0,1,79,79,100,97,64,36
Palau,2014,18,78,99,0,1,81,81,100,97,66,33
Palau,2015,18,78,99,0,1,82,82,100,97,69,31
Palau,2016,18,79,99,0,1,83,83,100,97,71,28
Palau,2017,18,79,99,0,1,84,84,100,97,74,26
Palau,2018,18,80,100,0,0,85,85,100,97,76,24
Palau,2019,18,80,100,0,0,87,87,100,97,78,21
Palau,2020,18,81,100,0,0,88,88,100,97,81,19
Palau,2021,18,81,100,0,0,89,89,100,97,83,16
Palau,2022,18,82,100,0,0,90,90,100,97,86,14
Palau,2023,18,82,100,0,0,91,91,100,98,86,13
Palau,2024,18,83,100,0,0,91,91,100,98,87,13
Panama,2000,3 010,62,77,0,12,0,86,77,0,89,1
Panama,2001,3 070,62,78,0,12,0,86,78,0,89,1
Panama,2002,3 129,63,78,0,12,0,86,78,0,89,1
Panama,2003,3 190,63,79,0,11,0,87,78,0,89,2
Panama,2004,3 251,63,79,0,11,0,87,79,0,89,2
Panama,2005,3 313,64,80,0,11,0,88,79,0,90,2
Panama,2006,3 375,64,80,0,11,0,88,79,0,90,2
Panama,2007,3 437,64,80,0,10,0,88,80,0,90,2
Panama,2008,3 501,65,81,1,10,0,89,80,0,90,2
Panama,2009,3 564,65,81,1,10,0,89,81,0,90,2
Panama,2010,3 629,65,81,1,10,0,90,81,0,91,2
Panama,2011,3 694,65,82,2,9,0,90,81,0,91,3
Panama,2012,3 759,66,82,2,9,0,90,82,0,91,3
Panama,2013,3 825,66,82,2,9,0,91,82,0,91,3
Panama,2014,3 892,66,83,2,9,0,91,82,0,91,3
Panama,2015,3 960,67,83,2,8,0,92,83,0,92,3
Panama,2016,4 029,67,84,3,8,0,92,83,0,92,3
Panama,2017,4 099,67,84,3,8,0,92,83,0,92,3
Panama,2018,4 168,68,85,3,8,0,93,84,0,92,3
Panama,2019,4 235,68,85,3,7,0,93,84,0,93,3
Panama,2020,4 293,68,86,3,7,0,93,84,0,93,4
Panama,2021,4 345,69,86,3,7,0,93,85,0,93,4
Panama,2022,4 401,69,87,3,7,0,94,85,0,93,4
Panama,2023,4 459,70,87,3,6,0,94,85,0,93,4
Panama,2024,4 516,70,88,3,6,0,94,85,0,94,4
Papua New Guinea,2000,5 537,13,22,0,17,0,15,16,0,20,10
Papua New Guinea,2001,5 728,13,22,0,17,0,15,16,0,20,10
Papua New Guinea,2002,5 924,13,22,0,17,0,15,16,0,20,10
Papua New Guinea,2003,6 124,13,22,0,17,0,15,15,0,20,10
Papua New Guinea,2004,6 328,13,22,0,17,0,15,15,0,20,10
Papua New Guinea,2005,6 536,13,23,0,18,0,16,16,0,20,12
Papua New Guinea,2006,6 748,13,25,0,19,0,17,17,0,20,13
Papua New Guinea,2007,6 963,13,27,0,20,0,17,18,0,20,15
Papua New Guinea,2008,7 183,13,28,0,20,0,18,19,0,19,17
Papua New Guinea,2009,7 406,13,30,0,21,0,19,20,0,19,18
Papua New Guinea,2010,7 634,13,31,0,22,0,21,20,0,19,20
Papua New Guinea,2011,7 859,13,33,1,23,0,22,21,0,19,22
Papua New Guinea,2012,8 081,13,34,2,24,0,23,22,0,19,23
Papua New Guinea,2013,8 303,13,35,2,25,0,24,23,0,19,25
Papua New Guinea,2014,8 523,13,37,2,26,0,26,24,0,19,27
Papua New Guinea,2015,8 743,13,38,3,27,0,27,24,0,19,28
Papua New Guinea,2016,8 962,13,39,3,27,0,28,25,0,18,30
Papua New Guinea,2017,9 179,13,40,4,28,0,30,26,0,18,31
Papua New Guinea,2018,9 395,13,42,4,29,0,31,27,0,18,33
Papua New Guinea,2019,9 609,13,43,5,30,0,33,28,0,18,35
Papua New Guinea,2020,9 816,13,44,5,31,0,34,28,0,18,36
Papua New Guinea,2021,10 013,13,45,6,32,0,36,29,0,18,38
Papua New Guinea,2022,10 203,14,46,6,33,0,37,30,0,18,40
Papua New Guinea,2023,10 390,14,47,7,33,0,39,31,0,18,41
Papua New Guinea,2024,10 577,14,48,8,34,0,40,32,0,18,43
Paraguay,2000,5 101,55,55,0,39,50,73,66,50,52,24
Paraguay,2001,5 188,56,58,0,37,51,74,67,51,55,23
Paraguay,2002,5 261,57,60,0,35,52,76,68,52,57,22
Paraguay,2003,5 326,57,62,0,33,52,77,69,52,60,21
Paraguay,2004,5 388,57,64,0,31,53,78,70,53,62,20
Paraguay,2005,5 448,58,66,0,29,54,79,71,54,64,19
Paraguay,2006,5 505,58,69,0,27,54,80,72,54,66,18
Paraguay,2007,5 559,58,71,0,26,55,81,73,55,69,17
Paraguay,2008,5 614,59,73,0,24,56,82,74,56,71,15
Paraguay,2009,5 671,59,75,0,22,57,83,75,57,73,14
Paraguay,2010,5 738,59,77,0,20,57,84,76,57,75,13
Paraguay,2011,5 815,60,79,0,18,58,86,77,58,78,12
Paraguay,2012,5 897,60,82,0,16,59,87,78,59,80,11
Paraguay,2013,5 982,60,84,0,14,59,88,79,59,82,10
Paraguay,2014,6 070,60,86,0,12,60,89,80,60,84,9
Paraguay,2015,6 159,61,88,0,10,61,90,81,61,86,8
Paraguay,2016,6 249,61,90,0,8,61,92,82,61,88,7
Paraguay,2017,6 339,61,92,0,7,62,93,83,62,90,6
Paraguay,2018,6 427,62,94,0,5,62,94,84,62,93,5
Paraguay,2019,6 515,62,97,0,2,63,96,85,63,95,4
Paraguay,2020,6 604,62,99,0,0,64,97,86,64,97,3
Paraguay,2021,6 684,62,100,0,0,64,97,86,64,99,1
Paraguay,2022,6 760,63,100,0,0,64,98,86,64,100,0
Paraguay,2023,6 844,63,100,0,0,64,98,86,64,100,0
Paraguay,2024,6 929,63,100,0,0,64,98,86,64,100,0
Peru,2000,26 598,73,51,2,23,45,74,72,45,71,10
Peru,2001,26 965,73,52,2,22,45,74,72,45,72,10
Peru,2002,27 288,74,54,1,21,46,75,71,46,73,10
Peru,2003,27 580,74,55,1,21,46,76,71,46,74,9
Peru,2004,27 852,75,57,1,20,47,76,71,47,75,9
Peru,2005,28 101,75,58,1,20,47,77,70,47,76,9
Peru,2006,28 324,75,60,1,19,47,78,70,47,77,9
Peru,2007,28 531,76,61,1,18,48,78,69,48,78,8
Peru,2008,28 719,76,63,1,18,48,79,69,48,79,8
Peru,2009,28 897,76,64,1,17,48,79,68,48,80,8
Peru,2010,29 086,76,66,1,16,49,80,67,49,81,8
Peru,2011,29 304,77,67,1,16,49,81,67,49,81,8
Peru,2012,29 550,77,69,1,15,49,81,66,49,82,7
Peru,2013,29 818,77,70,1,14,49,82,65,49,83,7
Peru,2014,30 116,77,72,1,14,50,82,65,50,84,7
Peru,2015,30 458,77,74,1,13,50,83,64,50,85,7
Peru,2016,30 866,78,75,1,13,50,83,63,50,85,7
Peru,2017,31 325,78,77,1,12,50,84,62,50,86,6
Peru,2018,31 898,78,78,1,11,51,85,61,51,87,6
Peru,2019,32 449,78,80,0,11,51,85,61,51,88,6
Peru,2020,32 839,78,81,0,10,51,86,60,51,88,6
Peru,2021,33 156,79,83,0,9,52,86,59,52,89,6
Peru,2022,33 475,79,84,0,9,51,87,58,52,90,5
Peru,2023,33 846,79,86,0,8,50,87,57,52,90,5
Peru,2024,34 218,79,87,0,7,49,88,56,52,91,5
Philippines,2000,79 625,46,80,4,11,42,43,79,44,44,45
Philippines,2001,81 401,46,81,4,11,42,43,79,44,45,45
Philippines,2002,83 069,46,81,4,11,43,45,80,44,46,44
Philippines,2003,84 732,46,82,4,10,44,46,80,44,47,43
Philippines,2004,86 395,46,83,4,10,45,48,80,45,48,43
Philippines,2005,88 016,46,83,4,10,45,50,81,45,49,42
Philippines,2006,89 509,46,84,4,9,45,52,81,45,50,41
Philippines,2007,91 075,46,84,4,9,45,53,82,45,51,41
Philippines,2008,92 699,45,85,4,9,45,55,82,45,52,40
Philippines,2009,94 384,45,85,4,8,45,57,83,45,53,39
Philippines,2010,96 337,45,86,4,8,45,59,83,45,54,39
Philippines,2011,98 249,46,86,4,8,46,61,83,46,56,38
Philippines,2012,100 176,46,87,4,7,46,63,84,46,57,37
Philippines,2013,102 076,46,87,4,7,46,65,84,46,58,37
Philippines,2014,103 767,46,88,4,7,46,67,85,46,59,36
Philippines,2015,105 313,46,89,4,6,46,69,85,46,60,35
Philippines,2016,106 736,46,89,4,6,47,71,86,47,61,35
Philippines,2017,108 120,47,90,4,6,47,73,86,47,62,34
Philippines,2018,109 465,47,90,4,5,47,75,87,47,63,33
Philippines,2019,110 805,47,91,4,5,47,77,87,47,64,32
Philippines,2020,112 081,47,91,4,5,48,79,88,48,66,32
Philippines,2021,113 101,48,92,4,4,48,81,88,48,67,31
Philippines,2022,113 964,48,92,4,4,48,83,88,48,68,30
Philippines,2023,114 891,48,93,4,3,48,85,89,48,69,29
Philippines,2024,115 844,49,94,4,2,48,87,89,48,70,29
Poland,2000,38 258,62,0,0,0,0,0,0,0,84,0
Poland,2001,38 247,62,0,0,0,0,0,0,0,85,0
Poland,2002,38 229,62,0,0,0,0,0,0,0,85,0
Poland,2003,38 204,62,0,0,0,0,0,0,0,86,0
Poland,2004,38 168,62,0,0,0,0,0,0,0,86,0
Poland,2005,38 124,61,96,0,4,91,91,0,98,86,12
Poland,2006,38 071,61,96,0,4,92,92,0,98,87,12
Poland,2007,38 020,61,96,0,4,92,92,0,98,87,11
Poland,2008,37 996,61,96,0,4,92,92,0,98,87,11
Poland,2009,38 002,61,96,0,4,93,93,0,98,88,10
Poland,2010,38 095,61,95,0,5,93,93,0,97,88,9
Poland,2011,38 209,61,94,0,6,92,92,0,97,89,9
Poland,2012,38 248,61,93,0,7,92,92,0,96,89,8
Poland,2013,38 259,61,93,0,7,92,92,0,96,89,7
Poland,2014,38 265,60,92,0,8,92,92,0,95,90,6
Poland,2015,38 266,60,91,0,9,92,92,0,95,90,5
Poland,2016,38 263,60,90,0,10,92,92,0,94,91,4
Poland,2017,38 255,60,89,0,11,92,92,0,94,91,3
Poland,2018,38 241,60,88,0,12,91,91,0,93,91,2
Poland,2019,38 226,60,87,0,13,91,91,0,93,92,0
Poland,2020,38 171,60,86,0,14,91,91,0,92,92,0
Poland,2021,38 040,60,85,0,15,90,90,0,92,92,0
Poland,2022,38 386,60,84,0,16,90,90,0,91,91,0
Poland,2023,38 763,60,83,0,17,89,89,0,91,91,0
Poland,2024,38 539,60,82,0,18,89,89,0,90,90,0
Portugal,2000,10 283,54,100,0,0,94,100,94,98,100,0
Portugal,2001,10 354,55,100,0,0,94,99,94,98,100,0
Portugal,2002,10 413,56,100,0,0,94,99,94,98,100,0
Portugal,2003,10 454,56,100,0,0,94,99,94,98,100,0
Portugal,2004,10 481,57,100,0,0,94,99,94,98,100,0
Portugal,2005,10 503,58,100,0,0,94,98,94,98,100,0
Portugal,2006,10 524,58,100,0,0,94,98,94,98,100,0
Portugal,2007,10 547,59,99,0,1,94,98,94,98,100,0
Portugal,2008,10 564,59,99,0,1,94,98,94,98,99,0
Portugal,2009,10 576,60,99,0,1,94,98,94,98,99,0
Portugal,2010,10 579,61,99,0,1,94,98,94,98,99,0
Portugal,2011,10 557,61,99,0,1,94,98,94,98,99,0
Portugal,2012,10 513,62,99,0,1,94,98,94,98,99,0
Portugal,2013,10 458,62,99,0,1,94,98,94,98,99,0
Portugal,2014,10 406,63,98,0,2,95,98,95,98,99,0
Portugal,2015,10 370,64,98,0,2,95,97,95,98,99,0
Portugal,2016,10 346,64,98,0,2,95,97,95,98,99,0
Portugal,2017,10 331,65,98,0,2,95,97,95,98,98,0
Portugal,2018,10 325,65,98,0,2,95,97,95,98,98,0
Portugal,2019,10 343,66,98,0,2,95,97,95,98,98,0
Portugal,2020,10 371,66,98,0,2,95,97,95,98,98,0
Portugal,2021,10 391,67,98,0,2,95,97,95,98,98,0
Portugal,2022,10 417,67,98,0,2,95,97,95,98,98,0
Portugal,2023,10 431,68,98,0,2,95,97,95,98,98,1
Portugal,2024,10 425,68,98,0,2,95,97,95,98,98,1
Puerto Rico,2000,3 810,94,0,0,0,75,94,75,97,94,3
Puerto Rico,2001,3 813,94,0,0,0,75,95,75,97,95,3
Puerto Rico,2002,3 811,94,0,0,0,75,95,75,98,95,2
Puerto Rico,2003,3 806,94,0,0,0,75,95,75,98,95,2
Puerto Rico,2004,3 799,94,0,0,0,76,96,76,98,96,2
Puerto Rico,2005,3 788,94,0,0,0,76,96,76,98,96,2
Puerto Rico,2006,3 776,94,0,0,0,76,96,76,98,96,2
Puerto Rico,2007,3 763,94,0,0,0,76,96,76,98,96,2
Puerto Rico,2008,3 749,94,0,0,0,76,97,76,98,97,2
Puerto Rico,2009,3 735,94,0,0,0,79,97,79,99,97,1
Puerto Rico,2010,3 715,94,0,0,0,82,97,82,99,97,1
Puerto Rico,2011,3 684,94,0,0,0,84,98,84,99,98,1
Puerto Rico,2012,3 646,94,0,0,0,87,98,87,99,98,1
Puerto Rico,2013,3 607,94,0,0,0,90,98,90,100,98,0
Puerto Rico,2014,3 565,94,0,0,0,93,99,93,100,99,0
Puerto Rico,2015,3 522,94,0,0,0,96,99,96,100,99,0
Puerto Rico,2016,3 476,94,0,0,0,99,100,99,100,100,0
Puerto Rico,2017,3 372,94,0,0,0,100,100,100,100,100,0
Puerto Rico,2018,3 290,94,0,0,0,100,100,100,100,100,0
Puerto Rico,2019,3 288,94,0,0,0,100,100,100,100,100,0
Puerto Rico,2020,3 276,94,0,0,0,100,100,100,100,100,0
Puerto Rico,2021,3 253,94,0,0,0,100,100,100,100,100,0
Puerto Rico,2022,3 241,94,0,0,0,100,100,100,100,100,0
Puerto Rico,2023,3 242,94,0,0,0,100,100,100,100,100,0
Puerto Rico,2024,3 242,94,0,0,0,99,100,100,99,100,0
Qatar,2000,645,96,0,0,0,96,96,100,98,0,0
Qatar,2001,678,97,0,0,0,96,96,100,98,0,0
Qatar,2002,711,97,0,0,0,96,96,100,98,0,0
Qatar,2003,745,97,0,0,0,96,96,100,98,0,0
Qatar,2004,773,97,0,0,0,96,96,100,98,94,6
Qatar,2005,825,97,0,0,0,96,96,100,98,94,6
Qatar,2006,973,98,0,0,0,96,96,100,98,94,6
Qatar,2007,1 209,98,0,0,0,96,96,100,98,94,6
Qatar,2008,1 427,98,0,0,0,96,96,100,98,94,6
Qatar,2009,1 586,98,0,0,0,97,97,100,97,94,5
Qatar,2010,1 709,99,0,0,0,97,97,100,97,95,5
Qatar,2011,1 811,99,0,0,0,97,97,100,97,96,4
Qatar,2012,1 907,99,0,0,0,97,98,100,97,96,4
Qatar,2013,2 033,99,0,0,0,97,98,100,97,97,3
Qatar,2014,2 218,99,0,0,0,97,98,100,97,98,2
Qatar,2015,2 427,99,0,0,0,97,99,100,97,98,2
Qatar,2016,2 599,99,0,0,0,96,100,100,96,99,1
Qatar,2017,2 707,99,0,0,0,96,100,100,96,100,0
Qatar,2018,2 761,99,0,0,0,96,100,100,96,100,0
Qatar,2019,2 798,99,0,0,0,96,100,100,96,100,0
Qatar,2020,2 803,99,0,0,0,96,100,100,96,100,0
Qatar,2021,2 815,99,0,0,0,96,100,100,96,100,0
Qatar,2022,2 892,99,0,0,0,96,100,100,96,100,0
Qatar,2023,2 979,99,0,0,0,95,100,100,95,100,0
Qatar,2024,3 048,99,0,0,0,95,100,100,95,100,0
Republic of Korea,2002,47 299,80,0,0,0,97,97,99,98,96,3
Republic of Korea,2003,47 514,81,0,0,0,97,97,99,98,96,3
Republic of Korea,2004,47 697,81,0,0,0,97,97,99,98,96,3
Republic of Korea,2005,47 852,81,0,0,0,97,97,99,98,96,3
Republic of Korea,2006,48 007,82,0,0,0,97,97,99,98,96,3
Republic of Korea,2007,48 178,82,0,0,0,97,97,99,98,96,3
Republic of Korea,2008,48 356,82,0,0,0,98,98,99,98,96,3
Republic of Korea,2009,48 547,82,0,0,0,98,98,99,98,96,3
Republic of Korea,2010,48 769,82,0,0,0,98,98,100,98,97,2
Republic of Korea,2011,49 128,82,0,0,0,98,98,100,98,97,2
Republic of Korea,2012,49 600,82,0,0,0,98,98,100,98,97,2
Republic of Korea,2013,50 071,82,0,0,0,98,98,100,98,97,2
Republic of Korea,2014,50 539,82,0,0,0,98,98,100,98,97,2
Republic of Korea,2015,50 984,82,0,0,0,99,99,100,99,98,2
Republic of Korea,2016,51 298,82,0,0,0,99,99,100,99,98,2
Republic of Korea,2017,51 486,82,0,0,0,99,99,100,99,98,1
Republic of Korea,2018,51 641,81,0,0,0,99,99,100,99,98,1
Republic of Korea,2019,51 768,81,0,0,0,99,100,100,99,99,1
Republic of Korea,2020,51 858,81,0,0,0,99,100,100,99,99,0
Republic of Korea,2021,51 848,81,0,0,0,100,100,100,100,100,0
Republic of Korea,2022,51 783,81,0,0,0,100,100,100,100,100,0
Republic of Korea,2023,51 749,81,0,0,0,100,100,100,100,100,0
Republic of Korea,2024,51 718,81,0,0,0,100,100,100,100,100,0
Republic of Moldova,2000,4 235,45,73,2,25,40,40,81,74,36,48
Republic of Moldova,2001,4 190,44,74,2,25,42,42,81,74,38,47
Republic of Moldova,2002,4 143,44,75,2,24,44,44,82,75,39,46
Republic of Moldova,2003,4 095,43,75,2,23,46,46,82,75,41,45
Republic of Moldova,2004,4 047,43,76,2,23,48,48,82,75,42,43
Republic of Moldova,2005,3 989,43,77,2,22,50,50,83,75,44,42
Republic of Moldova,2006,3 921,43,77,2,21,53,53,83,76,46,41
Republic of Moldova,2007,3 851,43,78,2,21,55,55,84,76,48,39
Republic of Moldova,2008,3 780,43,78,2,20,57,57,84,76,50,38
Republic of Moldova,2009,3 706,43,79,2,19,60,60,84,76,52,36
Republic of Moldova,2010,3 632,43,80,2,19,62,62,85,76,53,35
Republic of Moldova,2011,3 557,43,80,1,18,65,65,85,76,55,33
Republic of Moldova,2012,3 483,43,81,1,17,67,67,86,77,57,32
Republic of Moldova,2013,3 409,43,82,1,17,70,70,86,77,59,30
Republic of Moldova,2014,3 343,42,82,1,16,72,72,86,77,61,29
Republic of Moldova,2015,3 287,42,83,1,16,73,73,87,77,63,28
Republic of Moldova,2016,3 238,43,84,1,15,73,73,87,77,65,26
Republic of Moldova,2017,3 193,43,84,2,14,73,73,88,77,67,25
Republic of Moldova,2018,3 154,43,85,2,14,74,74,88,78,69,23
Republic of Moldova,2019,3 113,43,86,2,13,74,74,89,78,70,22
Republic of Moldova,2020,3 069,43,86,2,12,74,74,89,78,72,20
Republic of Moldova,2021,3 024,43,87,2,12,75,75,89,78,74,19
Republic of Moldova,2022,3 040,43,87,2,11,75,75,90,78,76,17
Republic of Moldova,2023,3 067,43,88,2,10,75,75,90,78,78,16
Republic of Moldova,2024,3 035,44,89,2,10,76,76,91,79,80,14
RÌ©union,2000,763,91,0,0,0,97,100,0,97,100,0
RÌ©union,2001,772,93,0,0,0,97,100,0,97,100,0
RÌ©union,2002,781,94,0,0,0,97,100,0,97,100,0
RÌ©union,2003,791,95,0,0,0,97,100,0,97,100,0
RÌ©union,2004,797,96,0,0,0,97,100,0,97,100,0
RÌ©union,2005,800,96,0,0,0,97,100,0,97,100,0
RÌ©union,2006,807,97,0,0,0,97,100,0,97,100,0
RÌ©union,2007,819,97,0,0,0,97,100,0,97,100,0
RÌ©union,2008,830,98,0,0,0,97,100,0,97,100,0
RÌ©union,2009,838,98,0,0,0,97,100,0,97,100,0
RÌ©union,2010,844,99,0,0,0,97,100,0,97,100,0
RÌ©union,2011,847,99,0,0,0,97,100,0,97,100,0
RÌ©union,2012,845,99,0,0,0,97,100,0,97,100,0
RÌ©union,2013,848,99,0,0,0,97,100,0,97,100,0
RÌ©union,2014,859,99,0,0,0,97,100,0,97,100,0
RÌ©union,2015,865,99,0,0,0,97,100,0,97,100,0
RÌ©union,2016,863,99,0,0,0,97,100,0,97,100,0
RÌ©union,2017,859,100,0,0,0,96,100,0,96,100,0
RÌ©union,2018,857,100,0,0,0,96,100,0,96,100,0
RÌ©union,2019,857,100,0,0,0,96,100,0,96,100,0
RÌ©union,2020,861,100,0,0,0,96,100,0,96,100,0
RÌ©union,2021,868,100,0,0,0,96,100,0,96,100,0
RÌ©union,2022,872,100,0,0,0,96,100,0,96,100,0
RÌ©union,2023,875,100,0,0,0,96,100,0,96,100,0
RÌ©union,2024,879,100,0,0,0,96,100,0,96,100,0
Romania,2000,22 046,53,100,0,0,82,82,0,97,56,44
Romania,2001,21 920,53,100,0,0,82,82,0,97,56,44
Romania,2002,21 770,53,100,0,0,82,82,0,97,57,43
Romania,2003,21 593,53,100,0,0,82,82,0,97,58,42
Romania,2004,21 403,53,100,0,0,82,82,0,98,58,42
Romania,2005,21 213,53,100,0,0,82,82,0,98,59,41
Romania,2006,21 036,53,100,0,0,82,82,0,98,60,40
Romania,2007,20 871,53,100,0,0,82,82,0,98,60,40
Romania,2008,20 719,54,100,0,0,82,82,0,98,61,39
Romania,2009,20 577,54,100,0,0,82,82,0,98,62,38
Romania,2010,20 433,54,100,0,0,82,82,0,98,62,38
Romania,2011,20 282,54,100,0,0,82,82,0,98,63,37
Romania,2012,20 158,54,100,0,0,82,82,0,98,63,37
Romania,2013,20 063,54,100,0,0,82,82,0,98,64,36
Romania,2014,19 968,54,100,0,0,82,82,0,98,65,35
Romania,2015,19 871,54,100,0,0,82,82,0,98,64,36
Romania,2016,19 777,54,100,0,0,82,82,0,98,65,35
Romania,2017,19 689,54,100,0,0,82,82,0,98,65,35
Romania,2018,19 598,54,100,0,0,82,82,0,98,65,35
Romania,2019,19 502,54,100,0,0,82,82,0,98,0,0
Romania,2020,19 392,54,100,0,0,82,82,0,98,0,0
Romania,2021,19 248,54,100,0,0,82,82,0,98,0,0
Romania,2022,19 167,54,100,0,0,82,82,0,98,0,0
Romania,2023,19 118,55,100,0,0,82,82,0,98,0,0
Romania,2024,19 015,55,100,0,0,82,82,0,98,0,0
Russian Federation,2000,146 718,73,91,2,5,75,75,0,94,81,16
Russian Federation,2001,146 117,73,91,2,5,75,75,0,94,81,16
Russian Federation,2002,145 940,73,91,2,5,75,75,0,94,82,15
Russian Federation,2003,145 794,73,91,2,5,75,75,0,94,82,15
Russian Federation,2004,145 180,73,91,2,5,75,75,0,94,83,14
Russian Federation,2005,144 598,73,91,2,5,75,75,0,94,84,14
Russian Federation,2006,144 103,74,91,2,5,75,75,0,94,84,13
Russian Federation,2007,143 860,74,91,2,5,75,75,0,94,85,12
Russian Federation,2008,143 812,74,91,2,8,76,76,0,94,85,12
Russian Federation,2009,143 869,74,91,2,8,76,76,0,94,86,11
Russian Federation,2010,143 934,74,91,2,8,76,76,0,94,86,11
Russian Federation,2011,144 044,74,91,2,8,76,76,0,94,87,10
Russian Federation,2012,144 291,74,91,2,8,76,76,0,94,88,10
Russian Federation,2013,144 604,74,91,2,8,76,76,0,94,88,9
Russian Federation,2014,144 926,74,91,2,8,76,76,0,94,89,8
Russian Federation,2015,145 308,74,91,2,8,76,76,0,94,89,8
Russian Federation,2016,145 779,74,91,2,8,76,76,0,94,90,7
Russian Federation,2017,146 187,74,91,2,8,76,76,0,94,91,7
Russian Federation,2018,146 430,74,91,2,8,76,76,0,94,91,6
Russian Federation,2019,146 533,75,90,2,8,76,76,0,94,92,5
Russian Federation,2020,146 371,75,90,2,8,76,76,0,95,92,5
Russian Federation,2021,145 836,75,90,2,8,76,76,0,95,93,4
Russian Federation,2022,145 580,75,90,2,8,76,76,0,95,94,4
Russian Federation,2023,145 441,75,90,2,8,76,76,0,95,94,3
Russian Federation,2024,144 820,76,90,2,8,76,76,0,95,95,3
Rwanda,2000,8 214,15,43,20,20,0,4,57,0,30,37
Rwanda,2001,8 287,16,44,21,20,0,5,58,0,31,37
Rwanda,2002,8 400,17,44,21,19,0,5,59,0,32,36
Rwanda,2003,8 587,17,45,21,19,0,6,60,0,33,36
Rwanda,2004,8 817,17,45,21,18,0,6,61,0,34,36
Rwanda,2005,9 055,17,46,22,18,0,6,61,0,34,36
Rwanda,2006,9 299,17,46,22,18,0,7,62,0,35,36
Rwanda,2007,9 550,17,47,22,17,0,7,62,0,36,36
Rwanda,2008,9 804,17,47,22,17,0,8,63,0,37,36
Rwanda,2009,10 060,17,48,22,16,0,8,64,0,37,36
Rwanda,2010,10 318,17,48,23,16,0,8,64,0,38,36
Rwanda,2011,10 574,17,49,23,16,0,9,65,0,39,36
Rwanda,2012,10 830,17,49,23,15,0,9,65,0,40,36
Rwanda,2013,11 093,17,50,23,15,0,10,66,0,40,36
Rwanda,2014,11 365,17,50,24,14,0,10,67,0,41,36
Rwanda,2015,11 640,17,51,24,14,0,10,67,0,42,36
Rwanda,2016,11 919,17,51,24,14,0,11,68,0,43,36
Rwanda,2017,12 202,17,52,24,13,0,11,68,0,44,36
Rwanda,2018,12 488,17,52,25,13,0,12,69,0,44,35
Rwanda,2019,12 776,17,53,25,12,0,12,70,0,45,35
Rwanda,2020,13 066,17,53,25,12,0,13,70,0,46,35
Rwanda,2021,13 355,18,54,25,12,0,13,71,0,47,35
Rwanda,2022,13 651,18,55,25,11,0,14,72,0,48,35
Rwanda,2023,13 954,18,55,26,11,0,14,72,0,48,35
Rwanda,2024,14 257,18,56,26,10,0,15,73,0,49,35
Saint Barthelemy,2000,7,0,0,0,0,100,100,0,100,99,0
Saint Barthelemy,2001,7,0,0,0,0,100,100,0,100,99,0
Saint Barthelemy,2002,7,0,0,0,0,100,100,0,100,99,0
Saint Barthelemy,2003,8,0,0,0,0,100,100,0,100,99,0
Saint Barthelemy,2004,8,0,0,0,0,100,100,0,100,99,0
Saint Barthelemy,2005,8,0,0,0,0,100,100,0,100,100,0
Saint Barthelemy,2006,8,0,0,0,0,100,100,0,100,100,0
Saint Barthelemy,2007,8,0,0,0,0,100,100,0,100,100,0
Saint Barthelemy,2008,9,0,0,0,0,100,100,0,100,100,0
Saint Barthelemy,2009,9,0,0,0,0,100,100,0,100,100,0
Saint Barthelemy,2010,9,0,0,0,0,100,100,0,100,100,0
Saint Barthelemy,2011,9,0,0,0,0,100,100,0,100,100,0
Saint Barthelemy,2012,9,0,0,0,0,100,100,0,100,100,0
Saint Barthelemy,2013,9,0,0,0,0,100,100,0,100,100,0
Saint Barthelemy,2014,9,0,0,0,0,100,100,0,100,100,0
Saint Barthelemy,2015,10,0,0,0,0,100,100,0,100,100,0
Saint Barthelemy,2016,10,0,0,0,0,100,100,0,100,100,0
Saint Barthelemy,2017,10,0,0,0,0,100,100,0,100,100,0
Saint Barthelemy,2018,10,0,0,0,0,100,100,0,100,100,0
Saint Barthelemy,2019,10,0,0,0,0,100,100,0,100,100,0
Saint Barthelemy,2020,11,0,0,0,0,100,100,0,100,100,0
Saint Barthelemy,2021,11,0,0,0,0,100,100,0,100,100,0
Saint Barthelemy,2022,11,0,0,0,0,100,100,0,100,100,0
Saint Barthelemy,2023,11,0,0,0,0,100,100,0,100,100,0
Saint Barthelemy,2024,11,0,0,0,0,100,100,0,100,100,0
Saint Helena,2002,6,40,0,0,0,81,100,0,81,100,0
Saint Helena,2003,6,40,0,0,0,81,100,0,81,100,0
Saint Helena,2004,6,40,0,0,0,81,100,0,81,100,0
Saint Helena,2005,6,40,0,0,0,81,100,0,81,100,0
Saint Helena,2006,5,40,0,0,0,81,100,0,81,100,0
Saint Helena,2007,5,40,0,0,0,81,100,0,81,99,0
Saint Helena,2008,5,40,0,0,0,81,100,0,81,99,0
Saint Helena,2009,5,40,0,0,0,81,100,0,81,99,0
Saint Helena,2010,5,40,0,0,0,81,100,0,81,99,0
Saint Helena,2011,5,39,0,0,0,81,99,0,81,99,0
Saint Helena,2012,5,39,0,0,0,83,99,0,83,99,0
Saint Helena,2013,5,39,0,0,0,85,99,0,85,98,0
Saint Helena,2014,5,39,0,0,0,87,99,0,87,98,1
Saint Helena,2015,6,40,0,0,0,89,99,0,89,98,1
Saint Helena,2016,6,40,0,0,0,91,99,0,91,98,1
Saint Helena,2017,6,40,0,0,0,93,99,0,93,98,1
Saint Helena,2018,5,40,0,0,0,94,99,0,94,98,1
Saint Helena,2019,5,40,0,0,0,96,99,0,96,98,1
Saint Helena,2020,5,40,0,0,0,98,99,0,98,98,2
Saint Helena,2021,5,40,0,0,0,98,98,0,100,98,2
Saint Helena,2022,5,40,0,0,0,98,98,0,100,98,2
Saint Helena,2023,5,41,0,0,0,98,98,0,100,97,2
Saint Helena,2024,5,41,0,0,0,98,98,0,100,97,2
Saint Kitts and Nevis,2000,45,33,0,0,0,0,98,87,0,97,0
Saint Kitts and Nevis,2001,46,33,0,0,0,0,98,87,0,97,0
Saint Kitts and Nevis,2002,46,32,0,0,0,0,98,87,0,98,0
Saint Kitts and Nevis,2003,46,32,0,0,0,0,98,87,0,98,0
Saint Kitts and Nevis,2004,46,32,0,0,0,0,98,87,0,98,0
Saint Kitts and Nevis,2005,46,32,0,0,0,0,98,87,0,98,0
Saint Kitts and Nevis,2006,47,32,0,0,0,0,98,87,0,98,0
Saint Kitts and Nevis,2007,47,32,0,0,0,0,98,87,0,98,0
Saint Kitts and Nevis,2008,47,32,0,0,0,0,98,87,0,98,0
Saint Kitts and Nevis,2009,47,31,0,0,0,0,98,87,0,98,0
Saint Kitts and Nevis,2010,47,31,0,0,0,0,98,87,0,98,0
Saint Kitts and Nevis,2011,47,31,0,0,0,0,98,87,0,98,0
Saint Kitts and Nevis,2012,47,31,0,0,0,0,98,87,0,98,0
Saint Kitts and Nevis,2013,47,31,0,0,0,0,98,87,0,98,0
Saint Kitts and Nevis,2014,47,31,0,0,0,0,98,87,0,98,0
Saint Kitts and Nevis,2015,47,31,0,0,0,0,98,87,0,98,0
Saint Kitts and Nevis,2016,47,31,0,0,0,0,98,87,0,98,0
Saint Kitts and Nevis,2017,47,31,0,0,0,0,98,87,0,98,0
Saint Lucia,2000,159,28,89,2,9,0,88,69,0,91,2
Saint Lucia,2001,160,27,89,2,9,0,88,69,0,91,2
Saint Lucia,2002,162,26,89,2,9,0,88,68,0,91,2
Saint Lucia,2003,163,25,90,2,9,0,88,69,0,91,2
Saint Lucia,2004,164,24,90,2,8,0,89,69,0,91,2
Saint Lucia,2005,165,23,90,2,8,0,89,69,0,91,2
Saint Lucia,2006,167,22,91,2,7,0,89,69,0,92,2
Saint Lucia,2007,168,21,91,2,7,0,90,69,0,92,2
Saint Lucia,2008,169,20,92,2,6,0,90,69,0,92,2
Saint Lucia,2009,170,19,92,2,6,0,90,70,0,93,2
Saint Lucia,2010,171,18,93,2,5,0,91,70,0,93,2
Saint Lucia,2011,172,18,93,2,5,0,91,70,0,93,2
Saint Lucia,2012,173,18,94,2,4,0,92,70,0,94,2
Saint Lucia,2013,173,18,94,2,4,0,92,71,0,94,2
Saint Lucia,2014,174,18,95,2,4,0,92,71,0,94,2
Saint Lucia,2015,175,19,95,2,3,0,93,71,0,95,2
Saint Lucia,2016,176,19,95,2,3,0,93,72,0,95,2
Saint Lucia,2017,176,19,96,2,2,0,93,72,0,95,3
Saint Lucia,2018,177,19,96,2,2,0,94,72,0,96,3
Saint Lucia,2019,178,19,97,2,1,0,94,73,0,96,3
Saint Lucia,2020,178,19,97,2,0,0,95,73,0,96,3
Saint Lucia,2021,179,19,98,2,0,0,95,73,0,97,3
Saint Lucia,2022,179,19,98,2,0,0,95,73,0,97,3
Saint Lucia,2023,179,19,98,2,0,0,95,73,0,97,2
Saint Lucia,2024,180,19,98,2,0,0,95,73,0,97,2
Saint Martin (French part),2000,30,0,0,0,0,97,99,0,97,98,2
Saint Martin (French part),2001,31,0,0,0,0,97,99,0,97,98,2
Saint Martin (French part),2002,32,0,0,0,0,97,99,0,97,98,2
Saint Martin (French part),2003,32,0,0,0,0,97,99,0,97,98,2
Saint Martin (French part),2004,33,0,0,0,0,97,99,0,97,98,2
Saint Martin (French part),2005,34,0,0,0,0,97,99,0,97,98,2
Saint Martin (French part),2006,35,0,0,0,0,97,100,0,97,98,2
Saint Martin (French part),2007,35,0,0,0,0,97,100,0,97,98,2
Saint Martin (French part),2008,36,0,0,0,0,97,100,0,97,98,2
Saint Martin (French part),2009,37,0,0,0,0,97,100,0,97,99,1
Saint Martin (French part),2010,37,0,0,0,0,97,100,0,97,99,1
Saint Martin (French part),2011,37,0,0,0,0,97,100,0,97,99,1
Saint Martin (French part),2012,37,0,0,0,0,97,100,0,97,99,1
Saint Martin (French part),2013,37,0,0,0,0,97,100,0,97,100,0
Saint Martin (French part),2014,37,0,0,0,0,97,100,0,97,100,0
Saint Martin (French part),2015,37,0,0,0,0,97,100,0,97,100,0
Saint Martin (French part),2016,37,0,0,0,0,97,100,0,97,100,0
Saint Martin (French part),2017,37,0,0,0,0,97,100,0,97,100,0
Saint Martin (French part),2018,36,0,0,0,0,97,100,0,97,100,0
Saint Martin (French part),2019,34,0,0,0,0,97,100,0,97,100,0
Saint Martin (French part),2020,32,0,0,0,0,97,100,0,97,100,0
Saint Martin (French part),2021,30,0,0,0,0,97,100,0,97,100,0
Saint Martin (French part),2022,29,0,0,0,0,97,100,0,97,100,0
Saint Martin (French part),2023,28,0,0,0,0,97,100,0,97,100,0
Saint Martin (French part),2024,26,0,0,0,0,97,100,0,97,100,0
Saint Pierre and Miquelon,2007,6,90,0,0,0,81,81,90,90,89,0
Saint Pierre and Miquelon,2008,6,90,0,0,0,81,81,90,90,89,0
Saint Pierre and Miquelon,2009,6,90,0,0,0,81,81,90,90,89,0
Saint Pierre and Miquelon,2010,6,90,0,0,0,81,81,90,90,89,0
Saint Pierre and Miquelon,2011,6,90,0,0,0,81,81,90,90,89,0
Saint Pierre and Miquelon,2012,6,90,0,0,0,82,82,91,91,90,0
Saint Pierre and Miquelon,2013,6,90,0,0,0,84,84,92,92,91,0
Saint Pierre and Miquelon,2014,6,90,0,0,0,86,86,93,93,92,0
Saint Pierre and Miquelon,2015,6,90,0,0,0,87,87,94,94,93,0
Saint Pierre and Miquelon,2016,6,90,0,0,0,89,89,95,95,94,0
Saint Pierre and Miquelon,2017,6,90,0,0,0,91,91,95,95,95,0
Saint Pierre and Miquelon,2018,6,90,0,0,0,92,92,96,96,96,0
Saint Pierre and Miquelon,2019,6,90,0,0,0,94,94,97,97,97,0
Saint Pierre and Miquelon,2020,6,90,0,0,0,96,96,98,98,97,0
Saint Pierre and Miquelon,2021,6,90,0,0,0,96,96,98,98,97,0
Saint Pierre and Miquelon,2022,6,90,0,0,0,96,96,98,98,97,0
Saint Pierre and Miquelon,2023,6,90,0,0,0,96,96,98,98,97,0
Saint Pierre and Miquelon,2024,6,90,0,0,0,96,96,98,98,97,0
Saint Vincent and the Grenadines,2000,114,45,95,0,5,0,91,70,0,87,8
Saint Vincent and the Grenadines,2001,114,46,95,0,5,0,92,70,0,88,8
Saint Vincent and the Grenadines,2002,113,46,96,0,4,0,92,70,0,88,7
Saint Vincent and the Grenadines,2003,113,46,96,0,4,0,92,70,0,89,7
Saint Vincent and the Grenadines,2004,113,47,96,0,4,0,93,70,0,89,7
Saint Vincent and the Grenadines,2005,112,47,96,0,4,0,93,71,0,90,7
Saint Vincent and the Grenadines,2006,112,47,96,0,4,0,93,71,0,90,6
Saint Vincent and the Grenadines,2007,112,48,96,0,4,0,94,71,0,91,6
Saint Vincent and the Grenadines,2008,111,48,96,0,3,0,94,71,0,91,6
Saint Vincent and the Grenadines,2009,111,49,96,0,3,0,94,71,0,91,5
Saint Vincent and the Grenadines,2010,110,49,97,0,3,0,94,71,0,92,5
Saint Vincent and the Grenadines,2011,109,49,97,0,3,0,95,71,0,92,5
Saint Vincent and the Grenadines,2012,109,50,97,0,2,0,95,71,0,93,5
Saint Vincent and the Grenadines,2013,108,50,97,0,2,0,95,72,0,93,4
Saint Vincent and the Grenadines,2014,108,51,97,0,2,0,96,72,0,94,4
Saint Vincent and the Grenadines,2015,107,51,97,0,2,0,96,72,0,94,4
Saint Vincent and the Grenadines,2016,106,51,97,0,2,0,96,72,0,94,4
Saint Vincent and the Grenadines,2017,106,52,97,0,3,0,96,72,0,94,4
Saint Vincent and the Grenadines,2018,105,52,97,0,3,0,96,72,0,94,4
Samoa,2000,182,22,88,7,5,60,86,70,61,84,11
Samoa,2001,183,22,88,7,5,60,86,70,61,84,11
Samoa,2002,184,22,88,7,5,60,86,70,61,84,11
Samoa,2003,185,22,88,7,5,60,86,69,61,84,11
Samoa,2004,186,21,88,7,5,60,86,69,61,84,11
Samoa,2005,187,21,88,7,4,60,87,70,61,84,11
Samoa,2006,188,21,88,7,4,60,87,70,61,85,11
Samoa,2007,189,21,89,7,4,60,87,70,61,85,11
Samoa,2008,190,21,89,7,4,60,87,70,61,85,10
Samoa,2009,192,20,89,7,4,61,87,70,61,86,10
Samoa,2010,193,20,89,7,3,61,88,70,61,86,10
Samoa,2011,195,20,89,7,3,61,88,70,61,87,10
Samoa,2012,196,20,90,7,3,61,88,71,61,87,10
Samoa,2013,198,19,90,7,3,61,89,71,62,87,10
Samoa,2014,200,19,91,6,3,61,90,72,62,88,9
Samoa,2015,202,19,92,5,2,61,91,74,62,88,9
Samoa,2016,203,19,93,5,2,61,92,75,62,89,9
Samoa,2017,205,18,94,4,2,62,92,76,62,89,9
Samoa,2018,208,18,94,4,2,62,93,78,62,89,9
Samoa,2019,210,18,95,3,1,62,94,79,62,90,9
Samoa,2020,212,18,96,2,1,62,95,81,62,90,8
Samoa,2021,214,18,97,2,1,62,96,82,62,91,8
Samoa,2022,215,18,98,1,0,62,97,83,62,91,8
Samoa,2023,217,18,99,0,0,62,97,85,62,92,8
Samoa,2024,218,17,100,0,0,63,98,86,63,92,7
San Marino,2000,27,93,100,0,0,100,100,100,100,100,0
San Marino,2001,27,94,100,0,0,100,100,100,100,100,0
San Marino,2002,27,94,100,0,0,100,100,100,100,100,0
San Marino,2003,28,94,100,0,0,100,100,100,100,100,0
San Marino,2004,28,94,100,0,0,100,100,100,100,100,0
San Marino,2005,29,94,100,0,0,100,100,100,100,100,0
San Marino,2006,29,95,100,0,0,100,100,100,100,100,0
San Marino,2007,29,95,100,0,0,100,100,100,100,100,0
San Marino,2008,30,95,100,0,0,100,100,100,100,100,0
San Marino,2009,30,96,100,0,0,100,100,100,100,100,0
San Marino,2010,31,96,100,0,0,100,100,100,100,100,0
San Marino,2011,32,96,100,0,0,100,100,100,100,100,0
San Marino,2012,33,96,100,0,0,100,100,100,100,100,0
San Marino,2013,34,96,100,0,0,100,100,100,100,100,0
San Marino,2014,34,97,100,0,0,100,100,100,100,100,0
San Marino,2015,34,97,100,0,0,100,100,100,100,100,0
San Marino,2016,34,97,100,0,0,100,100,100,100,100,0
San Marino,2017,34,97,100,0,0,100,100,100,100,100,0
San Marino,2018,35,97,100,0,0,100,100,100,100,100,0
San Marino,2019,35,97,100,0,0,100,100,100,100,100,0
San Marino,2020,35,97,100,0,0,100,100,100,100,100,0
San Marino,2021,35,98,100,0,0,100,100,100,100,100,0
San Marino,2022,34,98,100,0,0,100,100,100,100,100,0
San Marino,2023,34,98,100,0,0,100,100,100,100,100,0
San Marino,2024,34,98,100,0,0,100,100,100,100,100,0
Sao Tome and Principe,2000,144,53,62,10,10,26,26,71,63,75,6
Sao Tome and Principe,2001,146,54,63,11,10,26,26,72,63,76,6
Sao Tome and Principe,2002,150,56,63,11,10,27,27,73,64,77,6
Sao Tome and Principe,2003,154,57,64,12,9,27,27,74,65,78,6
Sao Tome and Principe,2004,158,58,64,12,9,28,28,75,66,79,6
Sao Tome and Principe,2005,162,59,65,12,9,28,28,76,67,80,5
Sao Tome and Principe,2006,166,60,65,13,8,29,29,76,68,81,5
Sao Tome and Principe,2007,170,62,66,13,8,29,29,77,69,82,5
Sao Tome and Principe,2008,174,63,66,14,8,30,30,78,69,83,5
Sao Tome and Principe,2009,178,64,66,14,7,30,30,79,70,84,4
Sao Tome and Principe,2010,182,65,67,14,7,31,31,80,71,85,4
Sao Tome and Principe,2011,186,66,67,15,7,31,31,80,72,86,4
Sao Tome and Principe,2012,189,67,68,15,6,32,32,81,73,87,4
Sao Tome and Principe,2013,193,68,68,16,6,32,32,82,74,88,3
Sao Tome and Principe,2014,197,69,69,16,6,33,33,80,74,89,3
Sao Tome and Principe,2015,200,70,69,17,5,33,33,78,75,90,3
Sao Tome and Principe,2016,204,71,69,17,5,34,34,75,76,91,3
Sao Tome and Principe,2017,207,72,70,17,5,34,34,73,77,92,3
Sao Tome and Principe,2018,210,73,70,18,4,35,35,71,77,93,2
Sao Tome and Principe,2019,213,74,71,18,4,35,35,68,78,94,2
Sao Tome and Principe,2020,217,74,71,19,4,36,36,66,79,95,2
Sao Tome and Principe,2021,222,75,71,19,3,36,36,63,79,96,2
Sao Tome and Principe,2022,226,76,72,19,3,36,36,60,80,96,2
Sao Tome and Principe,2023,231,76,73,20,3,37,37,58,80,97,0
Sao Tome and Principe,2024,236,77,73,20,3,37,37,55,81,98,0
Saudi Arabia,2000,16 178,80,100,0,0,0,92,86,0,0,0
Saudi Arabia,2001,17 041,80,100,0,0,0,92,86,0,0,0
Saudi Arabia,2002,17 911,80,100,0,0,0,92,86,0,0,0
Saudi Arabia,2003,18 787,81,100,0,0,0,92,86,0,0,0
Saudi Arabia,2004,19 669,81,100,0,0,0,92,86,0,0,0
Saudi Arabia,2005,20 560,81,100,0,0,0,92,86,0,0,0
Saudi Arabia,2006,21 459,81,100,0,0,0,92,86,0,0,0
Saudi Arabia,2007,22 368,81,100,0,0,0,92,86,0,0,0
Saudi Arabia,2008,23 288,82,100,0,0,0,92,86,0,0,0
Saudi Arabia,2009,24 218,82,100,0,0,0,92,86,0,0,0
Saudi Arabia,2010,25 157,82,100,0,0,0,92,86,0,0,0
Saudi Arabia,2011,26 106,82,100,0,0,0,93,86,0,0,0
Saudi Arabia,2012,27 062,83,100,0,0,0,93,86,0,0,0
Saudi Arabia,2013,28 027,83,100,0,0,0,93,86,0,0,0
Saudi Arabia,2014,28 998,83,100,0,0,0,93,86,0,0,0
Saudi Arabia,2015,29 975,83,100,0,0,0,93,86,0,89,10
Saudi Arabia,2016,30 718,83,100,0,0,0,93,86,0,89,10
Saudi Arabia,2017,30 782,84,100,0,0,0,93,86,0,89,10
Saudi Arabia,2018,30 365,84,100,0,0,0,93,86,0,89,10
Saudi Arabia,2019,30 473,84,100,0,0,0,93,86,0,89,10
Saudi Arabia,2020,30 991,84,100,0,0,0,93,86,0,89,10
Saudi Arabia,2021,31 328,85,100,0,0,0,93,86,0,89,10
Saudi Arabia,2022,32 175,85,100,0,0,0,93,86,0,89,10
Saudi Arabia,2023,33 264,85,100,0,0,0,93,86,0,89,10
Saudi Arabia,2024,33 963,85,100,0,0,0,93,86,0,0,0
Senegal,2000,9 968,40,40,6,51,20,37,39,20,53,12
Senegal,2001,10 213,40,42,6,49,20,39,39,20,54,12
Senegal,2002,10 466,41,43,6,48,20,40,40,20,55,12
Senegal,2003,10 721,41,45,7,46,21,41,40,21,56,12
Senegal,2004,10 976,41,47,7,45,21,43,41,21,58,12
Senegal,2005,11 235,42,48,7,43,21,44,41,21,59,12
Senegal,2006,11 500,42,50,7,42,22,46,42,22,60,12
Senegal,2007,11 770,43,51,7,40,22,47,43,22,61,12
Senegal,2008,12 049,43,53,7,39,22,49,43,22,62,11
Senegal,2009,12 337,43,55,6,37,23,51,44,23,64,11
Senegal,2010,12 635,44,56,6,36,23,52,44,23,65,11
Senegal,2011,12 959,44,58,6,34,23,54,45,23,66,11
Senegal,2012,13 310,45,60,6,33,24,56,45,24,67,11
Senegal,2013,13 711,45,61,6,31,24,57,46,24,68,11
Senegal,2014,14 152,45,63,6,30,24,59,47,24,69,11
Senegal,2015,14 593,46,65,6,28,24,61,47,24,70,11
Senegal,2016,15 035,46,66,6,27,25,63,48,25,72,11
Senegal,2017,15 475,47,68,6,25,25,65,48,25,73,11
Senegal,2018,15 914,47,70,6,24,25,67,49,25,74,11
Senegal,2019,16 353,48,72,6,22,26,68,49,26,75,11
Senegal,2020,16 789,48,73,5,21,26,70,50,26,76,11
Senegal,2021,17 221,49,75,5,19,26,72,50,26,77,11
Senegal,2022,17 651,49,77,5,18,27,74,51,27,78,11
Senegal,2023,18 078,50,79,5,16,27,76,51,27,79,11
Senegal,2024,18 502,50,81,5,15,27,78,52,27,80,11
Serbia,2000,7 695,53,92,7,0,74,86,92,74,86,13
Serbia,2001,7 652,53,92,7,0,74,86,92,74,86,13
Serbia,2002,7 617,53,92,7,0,74,86,92,74,86,13
Serbia,2003,7 591,53,92,7,0,74,86,92,74,86,13
Serbia,2004,7 566,54,92,7,0,75,86,92,75,86,13
Serbia,2005,7 539,54,93,7,0,75,87,92,75,87,13
Serbia,2006,7 511,54,93,6,0,75,87,92,75,87,13
Serbia,2007,7 483,54,93,6,0,75,88,92,75,87,12
Serbia,2008,7 454,55,93,6,0,75,88,92,75,87,12
Serbia,2009,7 425,55,93,6,0,75,88,92,75,88,12
Serbia,2010,7 396,55,93,6,0,75,89,92,75,88,12
Serbia,2011,7 365,55,94,5,0,75,89,92,75,88,11
Serbia,2012,7 325,55,94,5,0,75,90,92,75,88,11
Serbia,2013,7 276,55,94,5,0,75,90,92,75,89,11
Serbia,2014,7 227,56,94,5,1,75,90,92,75,89,11
Serbia,2015,7 177,56,94,5,1,75,91,92,75,89,10
Serbia,2016,7 126,56,95,4,1,75,91,92,75,89,10
Serbia,2017,7 074,56,95,4,1,75,92,92,75,90,10
Serbia,2018,7 020,56,95,4,1,75,92,92,75,90,10
Serbia,2019,6 966,56,95,4,1,75,92,92,75,90,9
Serbia,2020,6 908,56,95,4,1,75,93,92,75,90,9
Serbia,2021,6 835,57,95,3,1,75,93,92,75,91,9
Serbia,2022,6 791,57,95,3,1,75,93,92,75,91,9
Serbia,2023,6 773,57,95,3,1,75,93,92,75,91,8
Serbia,2024,6 736,57,95,3,1,75,93,92,75,91,8
Seychelles,2000,83,50,0,0,0,62,90,0,62,87,6
Seychelles,2001,85,51,0,0,0,62,91,0,62,87,6
Seychelles,2002,86,51,0,0,0,62,91,0,62,88,6
Seychelles,2003,87,51,0,0,0,62,91,0,62,88,6
Seychelles,2004,88,51,0,0,0,62,91,0,62,89,6
Seychelles,2005,89,52,0,0,0,63,92,0,63,89,5
Seychelles,2006,90,52,0,0,0,63,92,0,63,89,5
Seychelles,2007,91,52,0,0,0,63,92,0,63,90,5
Seychelles,2008,93,53,0,0,0,63,92,0,63,90,5
Seychelles,2009,94,53,0,0,0,63,93,0,63,90,5
Seychelles,2010,95,53,0,0,0,63,93,0,63,91,4
Seychelles,2011,97,54,0,0,0,63,93,0,63,91,4
Seychelles,2012,100,54,0,0,0,63,94,0,63,92,4
Seychelles,2013,102,55,0,0,0,63,94,0,63,92,4
Seychelles,2014,105,55,0,0,0,64,94,0,64,92,4
Seychelles,2015,107,55,0,0,0,64,94,0,64,93,3
Seychelles,2016,110,56,0,0,0,64,95,0,64,93,3
Seychelles,2017,112,56,0,0,0,64,95,0,64,93,3
Seychelles,2018,115,57,0,0,0,64,95,0,64,94,2
Seychelles,2019,118,57,0,0,0,64,96,0,64,94,3
Seychelles,2020,120,58,0,0,0,64,96,0,64,95,2
Seychelles,2021,123,58,0,0,0,64,96,0,64,95,2
Seychelles,2022,126,58,0,0,0,64,96,0,64,95,2
Seychelles,2023,128,59,0,0,0,65,97,0,65,96,2
Seychelles,2024,130,59,0,0,0,65,97,0,65,96,2
Sierra Leone,2000,4 424,36,26,3,18,5,12,27,7,24,24
Sierra Leone,2001,4 693,36,27,3,18,5,12,27,7,24,24
Sierra Leone,2002,4 971,36,28,4,19,5,13,28,7,24,25
Sierra Leone,2003,5 178,36,29,4,19,6,13,28,7,24,26
Sierra Leone,2004,5 356,37,30,4,19,6,13,29,7,24,27
Sierra Leone,2005,5 502,37,32,4,19,6,13,30,8,24,29
Sierra Leone,2006,5 624,37,33,4,19,6,13,30,8,24,30
Sierra Leone,2007,5 749,38,34,4,20,6,13,31,8,24,31
Sierra Leone,2008,5 895,38,36,4,20,7,13,32,8,24,33
Sierra Leone,2009,6 056,38,37,4,20,7,13,32,8,24,34
Sierra Leone,2010,6 223,39,38,4,20,7,13,33,9,24,35
Sierra Leone,2011,6 387,39,40,4,20,7,14,35,9,24,36
Sierra Leone,2012,6 551,40,41,4,21,8,14,36,9,24,38
Sierra Leone,2013,6 714,40,42,5,21,8,14,38,9,24,39
Sierra Leone,2014,6 876,40,43,5,21,8,14,39,9,24,40
Sierra Leone,2015,7 038,41,45,5,21,8,14,41,10,23,41
Sierra Leone,2016,7 205,41,46,5,21,9,14,43,10,23,43
Sierra Leone,2017,7 379,42,48,5,22,9,14,45,10,23,44
Sierra Leone,2018,7 555,42,49,5,22,9,14,46,10,23,45
Sierra Leone,2019,7 732,42,50,5,22,9,14,48,10,23,47
Sierra Leone,2020,7 913,43,52,5,22,10,14,50,10,23,48
Sierra Leone,2021,8 095,43,53,5,23,10,15,52,11,23,49
Sierra Leone,2022,8 277,44,54,5,23,10,15,54,11,23,51
Sierra Leone,2023,8 461,44,56,5,23,11,15,56,11,22,52
Sierra Leone,2024,8 642,45,57,5,23,11,15,58,11,22,53
Singapore,2000,4 035,100,0,0,0,100,100,0,100,100,0
Singapore,2001,4 116,100,0,0,0,100,100,0,100,100,0
Singapore,2002,4 147,100,0,0,0,100,100,0,100,100,0
Singapore,2003,4 138,100,0,0,0,100,100,0,100,100,0
Singapore,2004,4 173,100,0,0,0,100,100,0,100,100,0
Singapore,2005,4 268,100,0,0,0,100,100,0,100,100,0
Singapore,2006,4 407,100,0,0,0,100,100,0,100,100,0
Singapore,2007,4 597,100,0,0,0,100,100,0,100,100,0
Singapore,2008,4 807,100,0,0,0,100,100,0,100,100,0
Singapore,2009,4 969,100,0,0,0,100,100,0,100,100,0
Singapore,2010,5 077,100,0,0,0,100,100,0,100,100,0
Singapore,2011,5 182,100,0,0,0,100,100,0,100,100,0
Singapore,2012,5 293,100,0,0,0,100,100,0,100,100,0
Singapore,2013,5 386,100,0,0,0,100,100,0,100,100,0
Singapore,2014,5 458,100,0,0,0,100,100,0,100,100,0
Singapore,2015,5 525,100,0,0,0,100,100,0,100,100,0
Singapore,2016,5 578,100,0,0,0,100,100,0,100,100,0
Singapore,2017,5 604,100,0,0,0,100,100,0,100,100,0
Singapore,2018,5 634,100,0,0,0,100,100,0,100,100,0
Singapore,2019,5 670,100,0,0,0,100,100,0,100,100,0
Singapore,2020,5 620,100,0,0,0,100,100,0,100,100,0
Singapore,2021,5 546,100,0,0,0,100,100,0,100,100,0
Singapore,2022,5 650,100,0,0,0,100,100,0,100,100,0
Singapore,2023,5 789,100,0,0,0,100,100,0,100,100,0
Singapore,2024,5 832,100,0,0,0,100,100,0,100,100,0
Sint Maarten (Dutch part),2000,31,100,0,0,0,0,96,0,0,94,4
Sint Maarten (Dutch part),2001,31,100,0,0,0,0,96,0,0,94,5
Sint Maarten (Dutch part),2002,31,100,0,0,0,0,96,0,0,94,5
Sint Maarten (Dutch part),2003,31,100,0,0,0,0,96,0,0,94,5
Sint Maarten (Dutch part),2004,32,100,0,0,0,0,96,0,0,93,6
Sint Maarten (Dutch part),2005,32,100,0,0,0,0,96,0,0,93,6
Sint Maarten (Dutch part),2006,32,100,0,0,0,0,96,0,0,93,6
Sint Maarten (Dutch part),2007,33,100,0,0,0,0,96,0,0,92,7
Sint Maarten (Dutch part),2008,33,100,0,0,0,0,96,0,0,92,7
Sint Maarten (Dutch part),2009,33,100,0,0,0,0,95,0,0,92,7
Sint Maarten (Dutch part),2010,34,100,0,0,0,0,95,0,0,92,8
Sint Maarten (Dutch part),2011,34,100,0,0,0,0,95,0,0,91,8
Sint Maarten (Dutch part),2012,35,100,0,0,0,0,95,0,0,91,8
Sint Maarten (Dutch part),2013,36,100,0,0,0,0,95,0,0,91,9
Sint Maarten (Dutch part),2014,37,100,0,0,0,0,95,0,0,91,9
Sint Maarten (Dutch part),2015,37,100,0,0,0,0,95,0,0,91,9
Sint Maarten (Dutch part),2016,38,100,0,0,0,0,95,0,0,91,9
Sint Maarten (Dutch part),2017,39,100,0,0,0,0,95,0,0,91,9
Slovakia,2000,5 380,56,97,3,0,92,92,0,98,95,5
Slovakia,2001,5 379,56,97,3,0,92,92,0,98,95,5
Slovakia,2002,5 378,56,97,3,0,93,93,0,98,95,5
Slovakia,2003,5 376,56,97,3,0,93,93,0,98,96,4
Slovakia,2004,5 376,56,97,3,0,94,94,0,98,96,4
Slovakia,2005,5 377,56,97,3,0,95,95,0,98,96,4
Slovakia,2006,5 377,55,97,3,0,95,95,0,99,97,3
Slovakia,2007,5 377,55,97,3,0,96,96,0,99,97,3
Slovakia,2008,5 379,55,97,3,0,97,97,0,99,97,3
Slovakia,2009,5 385,55,97,3,0,97,97,0,99,97,3
Slovakia,2010,5 392,55,98,2,0,98,98,0,99,98,2
Slovakia,2011,5 398,54,100,0,0,99,99,0,99,98,2
Slovakia,2012,5 405,54,100,0,0,99,100,0,99,98,2
Slovakia,2013,5 410,54,100,0,0,99,100,0,99,98,2
Slovakia,2014,5 415,54,100,0,0,99,100,0,99,98,2
Slovakia,2015,5 420,54,100,0,0,100,100,0,100,98,2
Slovakia,2016,5 427,54,100,0,0,100,100,0,100,98,2
Slovakia,2017,5 436,54,100,0,0,100,100,0,100,98,2
Slovakia,2018,5 443,54,100,0,0,100,100,0,100,98,2
Slovakia,2019,5 451,54,100,0,0,100,100,0,100,0,0
Slovakia,2020,5 455,54,100,0,0,100,100,0,100,0,0
Slovakia,2021,5 443,54,100,0,0,100,100,0,100,0,0
Slovakia,2022,5 473,54,100,0,0,100,100,0,100,0,0
Slovakia,2023,5 518,54,100,0,0,100,100,0,100,0,0
Slovakia,2024,5 507,54,100,0,0,100,100,0,100,0,0
Slovenia,2000,1 987,51,0,0,0,92,98,0,92,100,0
Slovenia,2001,1 990,51,0,0,0,92,98,0,92,100,0
Slovenia,2002,1 992,51,0,0,0,92,98,0,92,100,0
Slovenia,2003,1 992,51,0,0,0,92,98,0,92,100,0
Slovenia,2004,1 994,51,0,0,0,92,98,0,92,100,0
Slovenia,2005,1 997,52,0,0,0,92,98,0,92,100,0
Slovenia,2006,2 003,52,0,0,0,92,98,0,92,100,0
Slovenia,2007,2 014,52,0,0,0,92,98,0,92,100,0
Slovenia,2008,2 025,52,0,0,0,92,98,0,92,100,0
Slovenia,2009,2 036,52,0,0,0,92,98,0,92,100,0
Slovenia,2010,2 045,53,0,0,0,92,98,0,92,100,0
Slovenia,2011,2 049,53,0,0,0,93,98,0,93,100,0
Slovenia,2012,2 053,53,0,0,0,93,98,0,93,100,0
Slovenia,2013,2 056,53,0,0,0,94,99,0,94,100,0
Slovenia,2014,2 058,54,0,0,0,95,99,0,95,100,0
Slovenia,2015,2 060,54,0,0,0,95,99,0,95,100,0
Slovenia,2016,2 061,54,0,0,0,96,99,0,96,100,0
Slovenia,2017,2 062,54,0,0,0,96,99,0,96,100,0
Slovenia,2018,2 069,55,0,0,0,97,100,0,97,100,0
Slovenia,2019,2 083,55,0,0,0,97,100,0,97,100,0
Slovenia,2020,2 102,55,0,0,0,98,100,0,98,100,0
Slovenia,2021,2 113,55,0,0,0,99,100,0,99,100,0
Slovenia,2022,2 115,56,0,0,0,100,100,0,100,100,0
Slovenia,2023,2 118,56,0,0,0,100,100,0,100,100,0
Slovenia,2024,2 119,56,0,0,0,100,100,0,100,100,0
Solomon Islands,2000,440,16,74,5,11,0,59,41,0,59,23
Solomon Islands,2001,449,16,74,5,11,0,59,41,0,59,23
Solomon Islands,2002,458,17,74,5,11,0,60,41,0,59,23
Solomon Islands,2003,466,17,74,5,11,0,60,41,0,59,23
Solomon Islands,2004,475,17,74,5,11,0,60,41,0,59,23
Solomon Islands,2005,483,18,74,5,12,0,60,41,0,58,24
Solomon Islands,2006,492,18,73,5,13,0,59,41,0,57,24
Solomon Islands,2007,500,19,73,6,14,0,59,41,0,56,25
Solomon Islands,2008,509,19,72,6,14,0,58,41,0,55,26
Solomon Islands,2009,518,20,71,6,15,0,58,41,0,54,26
Solomon Islands,2010,533,20,71,6,16,0,57,41,0,53,27
Solomon Islands,2011,553,21,70,6,16,0,57,40,0,52,28
Solomon Islands,2012,574,21,69,6,17,0,57,40,0,51,28
Solomon Islands,2013,595,21,69,7,18,0,56,40,0,50,29
Solomon Islands,2014,617,22,68,7,18,0,56,40,0,49,30
Solomon Islands,2015,639,22,68,7,19,0,55,40,0,48,30
Solomon Islands,2016,662,23,67,7,20,0,55,40,0,48,31
Solomon Islands,2017,686,23,66,7,21,0,55,40,0,47,32
Solomon Islands,2018,709,24,66,7,21,0,55,40,0,46,33
Solomon Islands,2019,728,24,65,7,22,0,55,39,0,45,33
Solomon Islands,2020,744,25,65,7,23,0,55,39,0,44,34
Solomon Islands,2021,763,25,65,7,23,0,55,39,0,43,35
Solomon Islands,2022,781,26,65,7,23,0,55,39,0,43,35
Solomon Islands,2023,800,26,65,7,23,0,55,39,0,43,35
Solomon Islands,2024,819,26,65,7,23,0,55,39,0,43,35
Somalia,2000,8 839,33,8,8,58,0,13,26,0,11,25
Somalia,2001,9 198,34,9,9,55,0,14,27,0,12,26
Somalia,2002,9 550,34,10,11,53,0,14,28,0,14,27
Somalia,2003,9 909,35,11,12,50,0,14,30,0,16,27
Somalia,2004,10 281,36,12,13,48,0,15,31,0,17,28
Somalia,2005,10 644,36,14,14,46,0,16,32,0,19,28
Somalia,2006,10 976,37,16,15,45,0,17,34,0,21,29
Somalia,2007,11 323,34,18,15,43,0,17,33,0,21,29
Somalia,2008,11 663,36,20,16,42,0,19,35,0,23,29
Somalia,2009,11 961,38,22,16,40,0,21,37,0,25,30
Somalia,2010,12 262,39,25,16,39,0,23,38,0,27,30
Somalia,2011,12 349,41,27,16,37,0,25,40,0,30,30
Somalia,2012,12 461,42,30,16,36,0,26,41,0,31,31
Somalia,2013,12 870,42,32,16,34,0,28,42,0,33,31
Somalia,2014,13 339,43,35,16,33,0,30,43,0,35,31
Somalia,2015,13 807,43,38,16,32,0,32,44,0,36,31
Somalia,2016,14 349,44,41,15,30,0,33,45,0,38,31
Somalia,2017,14 917,44,44,15,29,0,35,46,0,40,31
Somalia,2018,15 452,45,47,14,27,0,37,47,0,42,31
Somalia,2019,16 031,46,50,14,26,0,40,48,0,43,31
Somalia,2020,16 651,46,53,13,24,0,42,49,0,45,31
Somalia,2021,17 271,47,57,12,23,0,44,49,0,47,31
Somalia,2022,17 802,47,60,11,21,0,46,50,0,49,31
Somalia,2023,18 359,48,64,10,20,0,49,51,0,51,31
Somalia,2024,19 009,49,68,9,18,0,51,52,0,52,31
South Africa,2000,47 160,57,69,3,9,63,63,78,77,83,4
South Africa,2001,47 567,57,70,3,9,64,64,77,77,84,5
South Africa,2002,48 019,58,71,3,8,65,65,77,78,84,5
South Africa,2003,48 500,58,72,3,8,65,65,77,78,84,5
South Africa,2004,48 991,59,72,3,8,66,66,77,79,85,5
South Africa,2005,49 490,60,73,3,8,67,67,76,79,85,5
South Africa,2006,49 998,60,74,3,7,67,68,76,80,85,5
South Africa,2007,50 529,61,75,3,7,68,69,76,80,86,5
South Africa,2008,51 115,61,76,4,7,68,69,75,81,86,6
South Africa,2009,51 729,62,76,4,7,68,70,75,81,86,6
South Africa,2010,52 344,62,77,4,6,68,71,75,81,87,6
South Africa,2011,52 995,63,78,4,6,69,72,74,82,87,6
South Africa,2012,53 783,63,79,4,6,69,72,74,82,87,6
South Africa,2013,54 679,64,80,4,6,69,73,73,82,87,6
South Africa,2014,55 595,64,81,4,6,69,74,73,83,88,6
South Africa,2015,56 724,65,80,5,5,69,75,73,83,88,6
South Africa,2016,57 260,65,79,7,5,69,75,72,83,88,7
South Africa,2017,57 635,66,79,8,5,70,76,72,83,89,7
South Africa,2018,58 613,66,78,10,5,70,77,71,84,89,7
South Africa,2019,59 588,67,77,12,4,70,77,71,84,89,7
South Africa,2020,60 562,67,76,13,4,70,78,70,84,89,7
South Africa,2021,61 503,68,76,15,4,70,79,70,85,90,7
South Africa,2022,62 378,68,75,17,4,69,80,69,85,90,7
South Africa,2023,63 212,69,74,18,3,69,80,69,85,90,7
South Africa,2024,64 007,69,73,20,3,68,81,68,85,90,7
South Sudan,2011,10 288,18,37,24,16,0,1,0,0,6,58
South Sudan,2012,10 756,18,37,26,15,0,2,0,0,6,59
South Sudan,2013,11 166,18,37,27,15,0,2,0,0,6,60
South Sudan,2014,11 235,19,37,29,14,0,3,0,0,6,61
South Sudan,2015,11 108,19,36,30,14,0,3,0,0,7,63
South Sudan,2016,10 830,19,36,32,14,0,3,0,0,7,64
South Sudan,2017,10 259,19,35,34,13,0,4,0,0,7,65
South Sudan,2018,10 123,20,35,35,13,0,4,0,0,7,66
South Sudan,2019,10 423,20,34,37,12,0,5,0,0,7,67
South Sudan,2020,10 698,20,34,39,12,0,5,0,0,7,68
South Sudan,2021,10 866,21,33,41,11,0,6,0,0,7,69
South Sudan,2022,11 021,21,32,42,11,0,6,0,0,7,70
South Sudan,2023,11 483,21,32,42,11,0,6,0,0,7,70
South Sudan,2024,11 943,22,32,42,11,0,6,0,0,7,70
Spain,2000,41 020,76,100,0,0,100,100,0,100,100,0
Spain,2001,41 246,76,100,0,0,100,100,0,100,100,0
Spain,2002,41 756,77,100,0,0,100,100,0,100,100,0
Spain,2003,42 507,77,100,0,0,100,100,0,100,100,0
Spain,2004,43 235,77,100,0,0,100,100,0,100,100,0
Spain,2005,43 959,77,100,0,0,100,100,0,100,100,0
Spain,2006,44 695,78,100,0,0,100,100,0,100,100,0
Spain,2007,45 517,78,100,0,0,100,100,0,100,100,0
Spain,2008,46 235,78,100,0,0,100,100,0,100,100,0
Spain,2009,46 635,78,100,0,0,100,100,0,100,100,0
Spain,2010,46 840,78,100,0,0,100,100,0,100,100,0
Spain,2011,46 998,79,100,0,0,100,100,0,100,100,0
Spain,2012,47 018,79,100,0,0,100,100,0,100,100,0
Spain,2013,46 860,79,100,0,0,100,100,0,100,100,0
Spain,2014,46 720,79,100,0,0,100,100,0,100,100,0
Spain,2015,46 684,80,100,0,0,100,100,0,100,100,0
Spain,2016,46 733,80,100,0,0,100,100,0,100,100,0
Spain,2017,46 869,80,100,0,0,100,100,0,100,100,0
Spain,2018,47 093,80,100,0,0,100,100,0,100,100,0
Spain,2019,47 435,81,100,0,0,100,100,0,100,100,0
Spain,2020,47 679,81,100,0,0,100,100,0,100,100,0
Spain,2021,47 736,81,100,0,0,100,100,0,100,100,0
Spain,2022,47 828,81,100,0,0,100,100,0,100,100,0
Spain,2023,47 912,82,100,0,0,100,100,0,100,100,0
Spain,2024,47 911,82,100,0,0,100,100,0,100,100,0
Sri Lanka,2000,19 293,18,81,2,13,45,63,80,47,23,62
Sri Lanka,2001,19 600,18,81,2,13,45,63,80,47,24,61
Sri Lanka,2002,19 806,18,82,2,13,45,63,81,47,26,60
Sri Lanka,2003,19 952,18,82,2,12,45,64,81,48,27,59
Sri Lanka,2004,20 088,18,82,2,12,46,64,81,48,28,58
Sri Lanka,2005,20 217,18,83,2,12,46,64,81,48,30,57
Sri Lanka,2006,20 352,18,83,2,12,46,65,81,48,31,56
Sri Lanka,2007,20 493,18,83,2,12,46,66,81,48,32,55
Sri Lanka,2008,20 629,18,84,2,11,46,67,81,48,34,54
Sri Lanka,2009,20 756,18,84,2,11,46,67,81,48,35,53
Sri Lanka,2010,20 879,18,84,2,11,47,68,81,48,36,52
Sri Lanka,2011,21 009,18,84,2,11,47,69,81,48,38,51
Sri Lanka,2012,21 169,18,85,2,10,47,70,81,48,39,50
Sri Lanka,2013,21 359,18,85,2,10,47,71,81,49,40,49
Sri Lanka,2014,21 547,18,85,2,10,47,72,81,49,42,48
Sri Lanka,2015,21 730,18,86,2,10,48,73,81,49,43,46
Sri Lanka,2016,21 911,18,86,2,9,48,74,81,49,44,45
Sri Lanka,2017,22 088,18,86,2,9,48,75,81,48,46,44
Sri Lanka,2018,22 253,18,87,2,9,48,76,81,48,47,43
Sri Lanka,2019,22 411,19,87,2,9,48,77,81,48,48,42
Sri Lanka,2020,22 562,19,87,2,8,48,78,81,48,50,41
Sri Lanka,2021,22 700,19,88,2,8,47,79,81,47,51,40
Sri Lanka,2022,22 835,19,88,1,8,47,80,81,47,52,39
Sri Lanka,2023,22 972,19,88,1,8,47,81,81,47,54,38
Sri Lanka,2024,23 104,19,88,1,8,47,81,81,47,54,38
Sudan,2000,27 817,32,37,19,30,0,30,37,0,27,39
Sudan,2001,28 517,33,37,19,30,0,30,37,0,27,39
Sudan,2002,29 229,33,37,19,30,0,30,37,0,27,39
Sudan,2003,29 896,33,37,19,30,0,30,37,0,27,39
Sudan,2004,30 557,33,37,19,30,0,30,37,0,27,39
Sudan,2005,31 262,33,39,20,29,0,30,37,0,29,39
Sudan,2006,31 992,33,40,20,27,0,31,38,0,31,38
Sudan,2007,32 764,33,41,21,26,0,31,39,0,33,37
Sudan,2008,33 624,33,42,22,25,0,32,40,0,35,37
Sudan,2009,34 569,33,43,22,23,0,32,41,0,37,36
Sudan,2010,35 414,33,44,23,22,0,33,41,0,39,36
Sudan,2011,36 141,33,45,23,21,0,34,42,0,41,35
Sudan,2012,36 923,33,46,24,19,0,34,43,0,43,34
Sudan,2013,37 786,34,47,24,18,0,35,45,0,45,34
Sudan,2014,38 823,34,49,25,17,0,35,46,0,47,33
Sudan,2015,40 024,34,50,26,15,0,36,47,0,49,33
Sudan,2016,41 260,34,51,26,14,0,36,48,0,51,32
Sudan,2017,42 714,34,52,27,12,0,37,50,0,53,31
Sudan,2018,44 231,35,53,27,11,0,38,51,0,55,31
Sudan,2019,45 548,35,54,28,10,0,38,52,0,57,30
Sudan,2020,46 789,35,55,28,8,0,39,54,0,59,29
Sudan,2021,48 067,36,56,29,7,0,40,55,0,61,29
Sudan,2022,49 383,36,57,30,6,0,40,57,0,63,28
Sudan,2023,50 043,36,59,30,4,0,41,58,0,65,27
Sudan,2024,50 449,37,60,31,3,0,41,59,0,67,27
Suriname,2000,477,66,72,0,4,52,86,75,52,72,18
Suriname,2001,487,67,74,0,4,52,87,75,52,72,18
Suriname,2002,497,67,75,0,4,52,87,76,52,72,18
Suriname,2003,506,67,76,0,4,52,88,76,52,73,18
Suriname,2004,514,67,77,0,3,53,88,76,53,73,18
Suriname,2005,519,67,79,0,3,53,89,77,53,74,18
Suriname,2006,525,67,80,0,3,53,89,77,53,74,18
Suriname,2007,531,67,81,0,3,53,90,78,53,75,18
Suriname,2008,537,66,82,0,3,53,90,78,53,75,18
Suriname,2009,544,66,83,0,2,53,90,78,53,76,18
Suriname,2010,550,66,85,0,2,54,91,79,54,76,18
Suriname,2011,556,66,86,1,2,54,91,79,54,76,18
Suriname,2012,563,66,87,1,2,54,92,80,54,77,18
Suriname,2013,569,66,88,1,2,54,92,80,54,77,18
Suriname,2014,575,66,89,1,1,54,93,80,54,78,19
Suriname,2015,582,66,91,1,1,55,93,81,55,78,19
Suriname,2016,588,66,92,1,0,55,94,81,55,78,19
Suriname,2017,594,66,93,1,0,55,94,82,55,79,19
Suriname,2018,600,66,94,1,0,55,95,82,55,79,19
Suriname,2019,606,66,95,2,0,56,95,82,56,80,19
Suriname,2020,612,66,97,2,0,56,96,83,56,80,19
Suriname,2021,618,66,97,2,0,56,96,83,56,80,19
Suriname,2022,623,66,97,2,0,56,96,83,56,80,19
Suriname,2023,629,66,97,2,0,56,96,83,56,80,19
Suriname,2024,634,67,97,2,0,56,96,83,56,80,19
Sweden,2000,8 872,84,99,0,1,100,100,0,100,86,13
Sweden,2001,8 896,84,99,0,1,100,100,0,100,86,13
Sweden,2002,8 925,84,99,0,1,100,100,0,100,87,13
Sweden,2003,8 958,84,99,0,1,100,100,0,100,87,13
Sweden,2004,8 994,84,99,0,1,100,100,0,100,87,13
Sweden,2005,9 030,84,99,0,1,100,100,0,100,87,13
Sweden,2006,9 081,84,99,0,1,100,100,0,100,87,13
Sweden,2007,9 148,85,99,0,1,100,100,0,100,87,13
Sweden,2008,9 220,85,99,0,1,100,100,0,100,87,13
Sweden,2009,9 299,85,99,0,1,100,100,0,100,87,13
Sweden,2010,9 378,85,99,0,1,100,100,0,100,87,13
Sweden,2011,9 449,85,100,0,0,100,100,0,100,87,12
Sweden,2012,9 519,86,100,0,0,100,100,0,100,87,12
Sweden,2013,9 601,86,100,0,0,100,100,0,100,87,12
Sweden,2014,9 696,86,100,0,0,100,100,0,100,87,12
Sweden,2015,9 799,87,100,0,0,100,100,0,100,88,12
Sweden,2016,9 923,87,100,0,0,100,100,0,100,88,12
Sweden,2017,10 058,87,100,0,0,100,100,0,100,88,12
Sweden,2018,10 175,87,100,0,0,100,100,0,100,88,12
Sweden,2019,10 279,88,100,0,0,100,100,0,100,88,12
Sweden,2020,10 354,88,100,0,0,100,100,0,100,88,12
Sweden,2021,10 416,88,100,0,0,100,100,0,100,88,12
Sweden,2022,10 487,88,100,0,0,100,100,0,100,88,12
Sweden,2023,10 551,89,100,0,0,100,100,0,100,88,12
Sweden,2024,10 607,89,100,0,0,100,100,0,100,88,12
Switzerland,2000,7 184,73,100,0,0,97,100,0,97,100,0
Switzerland,2001,7 226,73,100,0,0,97,100,0,97,100,0
Switzerland,2002,7 279,73,100,0,0,97,100,0,97,100,0
Switzerland,2003,7 333,73,100,0,0,97,100,0,97,100,0
Switzerland,2004,7 384,73,100,0,0,97,100,0,97,100,0
Switzerland,2005,7 432,73,100,0,0,97,100,0,97,100,0
Switzerland,2006,7 479,74,100,0,0,97,100,0,97,100,0
Switzerland,2007,7 545,74,100,0,0,97,100,0,97,100,0
Switzerland,2008,7 642,74,100,0,0,97,100,0,97,100,0
Switzerland,2009,7 738,74,100,0,0,97,100,0,97,100,0
Switzerland,2010,7 826,74,100,0,0,97,100,0,97,100,0
Switzerland,2011,7 914,74,100,0,0,97,100,0,97,100,0
Switzerland,2012,7 999,74,100,0,0,97,100,0,97,100,0
Switzerland,2013,8 091,74,100,0,0,97,100,0,97,100,0
Switzerland,2014,8 190,74,100,0,0,97,100,0,97,100,0
Switzerland,2015,8 284,74,100,0,0,97,100,0,97,100,0
Switzerland,2016,8 375,74,100,0,0,97,100,0,97,100,0
Switzerland,2017,8 454,74,100,0,0,97,100,0,97,100,0
Switzerland,2018,8 516,74,100,0,0,97,100,0,97,100,0
Switzerland,2019,8 578,74,100,0,0,97,100,0,97,100,0
Switzerland,2020,8 641,74,100,0,0,97,100,0,97,100,0
Switzerland,2021,8 707,74,100,0,0,97,100,0,97,100,0
Switzerland,2022,8 792,74,100,0,0,97,100,0,97,100,0
Switzerland,2023,8 871,74,100,0,0,97,100,0,97,100,0
Switzerland,2024,8 922,74,100,0,0,97,100,0,97,100,0
Syrian Arab Republic,2000,16 638,52,87,8,4,0,83,90,0,82,15
Syrian Arab Republic,2001,17 051,52,88,8,4,0,83,90,0,82,15
Syrian Arab Republic,2002,17 468,53,88,8,4,0,83,90,0,82,15
Syrian Arab Republic,2003,17 889,53,88,8,4,0,83,91,0,82,16
Syrian Arab Republic,2004,18 337,53,88,8,3,0,84,91,0,82,16
Syrian Arab Republic,2005,18 814,54,89,8,3,0,84,91,0,82,16
Syrian Arab Republic,2006,19 637,54,89,8,3,0,84,91,0,82,16
Syrian Arab Republic,2007,20 884,55,89,8,3,0,84,91,0,82,17
Syrian Arab Republic,2008,21 637,55,89,8,3,0,84,91,0,82,17
Syrian Arab Republic,2009,21 977,55,89,8,3,0,84,91,0,81,17
Syrian Arab Republic,2010,22 482,56,90,8,3,0,84,92,0,81,17
Syrian Arab Republic,2011,22 878,55,90,8,2,0,84,92,0,81,18
Syrian Arab Republic,2012,22 760,54,90,8,2,0,84,92,0,81,18
Syrian Arab Republic,2013,21 667,53,90,8,2,0,84,92,0,80,19
Syrian Arab Republic,2014,20 274,52,91,8,2,0,84,92,0,80,19
Syrian Arab Republic,2015,19 425,52,91,8,1,0,84,92,0,80,20
Syrian Arab Republic,2016,19 194,53,91,8,1,0,85,92,0,80,20
Syrian Arab Republic,2017,19 225,54,91,8,0,0,85,92,0,80,20
Syrian Arab Republic,2018,19 578,54,92,8,0,0,85,92,0,80,20
Syrian Arab Republic,2019,20 354,55,92,8,0,0,85,92,0,79,20
Syrian Arab Republic,2020,21 049,55,92,8,0,0,85,93,0,79,21
Syrian Arab Republic,2021,21 629,56,92,8,0,0,85,93,0,79,21
Syrian Arab Republic,2022,22 462,57,92,8,0,0,86,93,0,79,21
Syrian Arab Republic,2023,23 595,57,92,8,0,0,86,93,0,79,21
Syrian Arab Republic,2024,24 673,58,92,8,0,0,86,93,0,79,21
Tajikistan,2000,6 285,27,43,4,8,36,36,0,41,49,10
Tajikistan,2001,6 407,27,45,4,8,37,37,0,43,50,11
Tajikistan,2002,6 532,27,47,4,8,38,38,0,44,50,12
Tajikistan,2003,6 659,27,49,4,7,39,39,0,45,51,13
Tajikistan,2004,6 791,27,51,4,7,40,40,0,47,52,13
Tajikistan,2005,6 925,27,53,4,7,41,41,0,48,52,14
Tajikistan,2006,7 058,27,55,4,7,43,43,0,49,53,15
Tajikistan,2007,7 194,27,57,4,6,44,44,0,50,54,16
Tajikistan,2008,7 338,27,59,4,6,45,45,0,52,54,17
Tajikistan,2009,7 490,27,61,4,6,47,47,0,53,55,18
Tajikistan,2010,7 652,27,63,4,5,48,48,0,55,56,18
Tajikistan,2011,7 825,27,65,4,5,49,49,0,56,56,19
Tajikistan,2012,8 014,27,67,4,5,51,51,0,57,57,20
Tajikistan,2013,8 217,27,69,4,5,52,52,0,59,58,21
Tajikistan,2014,8 426,27,71,4,4,54,54,0,60,59,22
Tajikistan,2015,8 644,27,73,4,4,55,55,0,62,59,22
Tajikistan,2016,8 866,27,75,4,4,57,57,0,63,60,23
Tajikistan,2017,9 086,27,77,4,3,59,59,0,64,61,24
Tajikistan,2018,9 307,27,79,4,3,60,60,0,66,61,25
Tajikistan,2019,9 530,27,81,3,3,62,62,0,67,62,26
Tajikistan,2020,9 749,28,83,3,3,63,63,0,69,63,26
Tajikistan,2021,9 967,28,85,4,2,64,64,0,70,63,27
Tajikistan,2022,10 182,28,87,4,2,65,65,0,72,64,28
Tajikistan,2023,10 390,28,87,4,2,65,65,0,72,64,28
Tajikistan,2024,10 591,29,87,4,2,65,65,0,72,64,28
Thailand,2000,63 008,31,92,0,7,0,89,94,0,37,57
Thailand,2001,63 651,33,92,0,6,0,90,94,0,38,56
Thailand,2002,64 266,34,93,0,6,0,90,94,0,39,56
Thailand,2003,64 868,35,93,0,6,0,91,95,0,39,56
Thailand,2004,65 452,36,94,0,5,0,91,95,0,40,55
Thailand,2005,66 017,37,94,0,5,0,92,95,0,43,52
Thailand,2006,66 568,39,94,0,4,0,92,96,0,46,50
Thailand,2007,67 102,40,95,0,4,0,93,96,0,50,47
Thailand,2008,67 620,41,95,0,4,0,93,96,0,53,44
Thailand,2009,68 121,43,95,0,3,0,94,97,0,56,41
Thailand,2010,68 579,44,96,0,3,0,95,97,0,59,39
Thailand,2011,69 007,45,96,0,3,0,95,97,0,62,36
Thailand,2012,69 436,45,97,0,2,0,96,98,0,64,34
Thailand,2013,69 845,46,97,0,2,0,96,98,0,67,31
Thailand,2014,70 216,47,97,0,2,0,97,98,0,69,29
Thailand,2015,70 541,48,98,0,1,0,97,98,0,72,27
Thailand,2016,70 860,48,98,0,0,0,98,99,0,74,25
Thailand,2017,71 160,49,98,0,0,0,98,99,0,77,22
Thailand,2018,71 376,50,99,0,0,0,99,100,0,79,20
Thailand,2019,71 522,51,100,0,0,0,100,100,0,82,18
Thailand,2020,71 641,51,100,0,0,0,100,100,0,84,16
Thailand,2021,71 727,52,100,0,0,0,100,100,0,86,14
Thailand,2022,71 735,53,100,0,0,0,100,100,0,89,11
Thailand,2023,71 702,54,100,0,0,0,100,100,0,91,9
Thailand,2024,71 668,54,100,0,0,0,100,100,0,93,7
Timor0Leste,2002,879,25,41,5,46,0,32,0,0,34,19
Timor0Leste,2003,917,25,43,5,44,0,33,0,0,36,19
Timor0Leste,2004,929,26,45,5,42,0,34,0,0,38,19
Timor0Leste,2005,948,26,47,5,40,0,35,0,0,40,19
Timor0Leste,2006,977,26,48,5,38,0,36,0,0,42,19
Timor0Leste,2007,1 005,27,50,6,37,0,37,0,0,43,19
Timor0Leste,2008,1 032,27,52,6,35,0,38,0,0,45,19
Timor0Leste,2009,1 059,27,54,6,33,0,41,0,0,47,19
Timor0Leste,2010,1 085,28,55,6,31,0,44,0,0,49,19
Timor0Leste,2011,1 110,28,57,6,29,0,47,0,0,50,19
Timor0Leste,2012,1 135,28,59,6,27,0,50,0,0,52,19
Timor0Leste,2013,1 159,29,61,6,25,0,53,0,0,54,19
Timor0Leste,2014,1 182,29,63,6,24,0,56,0,0,56,19
Timor0Leste,2015,1 205,29,65,6,22,0,59,0,0,58,19
Timor0Leste,2016,1 228,30,67,6,20,0,62,0,0,59,19
Timor0Leste,2017,1 252,30,69,6,18,0,66,0,0,61,19
Timor0Leste,2018,1 276,31,71,6,16,0,69,0,0,63,19
Timor0Leste,2019,1 301,31,73,6,14,0,71,0,0,65,19
Timor0Leste,2020,1 326,31,74,6,12,0,72,0,0,66,19
Timor0Leste,2021,1 350,32,76,6,10,0,74,0,0,68,19
Timor0Leste,2022,1 369,32,78,6,9,0,75,0,0,70,19
Timor0Leste,2023,1 384,32,80,6,7,0,77,0,0,72,19
Timor0Leste,2024,1 401,33,82,6,5,0,78,0,0,73,18
Togo,2000,5 140,33,27,3,35,10,10,19,22,29,19
Togo,2001,5 277,33,28,3,34,10,10,19,23,29,20
Togo,2002,5 413,34,30,3,33,11,11,20,24,29,21
Togo,2003,5 552,34,31,4,32,11,11,21,24,30,23
Togo,2004,5 697,35,33,4,32,12,12,21,25,30,24
Togo,2005,5 845,35,34,5,31,12,12,22,26,30,25
Togo,2006,6 011,36,36,5,30,13,13,22,26,31,26
Togo,2007,6 188,36,37,6,29,13,13,23,27,31,27
Togo,2008,6 369,37,38,6,28,13,13,24,27,31,29
Togo,2009,6 552,37,40,7,27,14,14,24,28,32,30
Togo,2010,6 733,38,41,7,26,14,14,25,29,32,31
Togo,2011,6 916,38,42,8,26,15,15,26,29,32,32
Togo,2012,7 101,39,43,9,25,15,15,28,30,32,34
Togo,2013,7 285,39,45,9,24,16,16,30,30,33,35
Togo,2014,7 472,40,46,10,23,16,16,31,31,33,36
Togo,2015,7 663,40,47,11,22,17,17,33,32,33,37
Togo,2016,7 858,41,48,11,21,17,17,35,32,33,38
Togo,2017,8 057,41,49,12,21,18,18,37,33,33,40
Togo,2018,8 259,42,50,13,20,18,18,39,33,33,41
Togo,2019,8 463,42,52,14,19,19,19,41,34,34,42
Togo,2020,8 670,43,53,14,18,19,19,43,35,34,43
Togo,2021,8 878,43,54,15,17,20,20,45,35,34,45
Togo,2022,9 090,44,55,16,16,20,20,47,36,34,46
Togo,2023,9 304,44,56,17,16,20,20,49,36,34,47
Togo,2024,9 515,45,58,17,15,21,21,51,37,34,48
Tokelau,2000,2,0,97,0,3,0,85,0,0,0,0
Tokelau,2001,2,0,97,0,3,0,85,0,0,0,0
Tokelau,2002,2,0,98,0,2,0,85,0,0,0,0
Tokelau,2003,2,0,98,0,2,0,85,0,0,0,0
Tokelau,2004,2,0,98,0,2,0,85,0,0,0,0
Tokelau,2005,2,0,98,0,2,0,86,0,0,0,0
Tokelau,2006,2,0,98,0,2,0,87,0,0,0,0
Tokelau,2007,2,0,98,0,2,0,87,0,0,0,0
Tokelau,2008,2,0,98,0,2,0,88,0,0,0,0
Tokelau,2009,2,0,99,0,1,0,89,0,0,0,0
Tokelau,2010,2,0,99,0,1,0,90,0,0,94,5
Tokelau,2011,2,0,99,0,1,0,90,0,0,94,5
Tokelau,2012,2,0,99,0,1,0,91,0,0,94,5
Tokelau,2013,2,0,100,0,0,0,92,0,0,94,5
Tokelau,2014,2,0,100,0,0,0,92,0,0,94,5
Tokelau,2015,2,0,100,0,0,0,93,0,0,95,5
Tokelau,2016,2,0,100,0,0,0,94,0,0,95,4
Tokelau,2017,2,0,100,0,0,0,95,0,0,96,4
Tokelau,2018,2,0,100,0,0,0,95,0,0,97,3
Tokelau,2019,2,0,100,0,0,0,96,0,0,97,3
Tokelau,2020,2,0,100,0,0,0,97,0,0,98,2
Tokelau,2021,2,0,100,0,0,0,97,0,0,99,1
Tokelau,2022,2,0,100,0,0,0,98,0,0,100,0
Tokelau,2023,2,0,100,0,0,0,98,0,0,100,0
Tokelau,2024,3,0,100,0,0,0,99,0,0,100,0
Tonga,2000,103,23,99,0,0,29,97,90,29,99,0
Tonga,2001,103,23,99,0,0,29,97,90,29,99,0
Tonga,2002,104,23,99,0,0,29,97,90,29,99,0
Tonga,2003,104,23,99,0,0,29,97,90,29,99,0
Tonga,2004,105,23,99,0,0,29,97,90,29,99,0
Tonga,2005,106,23,99,0,0,29,97,90,29,100,0
Tonga,2006,106,23,99,0,0,29,97,90,29,100,0
Tonga,2007,107,23,99,0,0,29,97,90,29,100,0
Tonga,2008,107,23,99,0,0,29,97,90,29,100,0
Tonga,2009,107,23,99,0,0,29,97,90,29,100,0
Tonga,2010,107,23,99,0,0,29,97,91,29,99,0
Tonga,2011,108,23,99,0,0,29,97,91,29,98,0
Tonga,2012,107,23,99,0,0,29,97,91,29,98,1
Tonga,2013,107,23,99,0,0,29,98,91,29,98,2
Tonga,2014,107,23,99,0,0,29,98,91,29,97,2
Tonga,2015,106,23,99,0,0,29,98,91,29,97,2
Tonga,2016,106,23,99,0,0,29,98,91,29,97,3
Tonga,2017,105,23,99,0,0,29,98,91,29,96,3
Tonga,2018,106,23,99,1,0,29,98,91,29,96,4
Tonga,2019,106,23,99,1,0,30,98,91,30,96,4
Tonga,2020,106,23,99,1,0,30,98,91,30,95,5
Tonga,2021,105,23,99,1,0,30,99,91,30,95,5
Tonga,2022,105,23,99,1,0,30,99,91,30,94,5
Tonga,2023,105,23,99,1,0,30,99,91,30,94,6
Tonga,2024,104,23,99,1,0,30,99,91,30,94,6
Trinidad and Tobago,2005,1 352,55,97,2,0,69,96,69,86,93,7
Trinidad and Tobago,2006,1 359,55,97,2,0,69,96,69,86,93,7
Trinidad and Tobago,2007,1 365,55,97,2,0,69,96,69,86,92,7
Trinidad and Tobago,2008,1 372,54,97,2,0,69,96,69,86,92,7
Trinidad and Tobago,2009,1 379,54,97,2,0,69,96,69,86,92,7
Trinidad and Tobago,2010,1 387,54,98,2,0,69,96,69,86,93,7
Trinidad and Tobago,2011,1 395,54,98,2,0,69,96,69,86,93,7
Trinidad and Tobago,2012,1 404,54,98,2,0,69,96,69,86,93,7
Trinidad and Tobago,2013,1 413,54,98,1,0,69,97,69,86,93,7
Trinidad and Tobago,2014,1 421,53,98,1,0,69,97,69,86,93,7
Trinidad and Tobago,2015,1 429,53,98,1,0,69,97,69,86,93,7
Trinidad and Tobago,2016,1 437,53,98,1,0,69,97,69,86,93,7
Trinidad and Tobago,2017,1 445,53,98,1,0,69,97,69,86,93,6
Trinidad and Tobago,2018,1 471,53,98,0,0,69,98,69,86,93,6
Trinidad and Tobago,2019,1 485,53,98,0,0,69,98,69,86,93,6
Trinidad and Tobago,2020,1 481,53,99,0,0,69,98,69,86,93,6
Trinidad and Tobago,2021,1 488,53,99,0,0,69,98,69,86,93,6
Trinidad and Tobago,2022,1 496,53,99,0,0,69,98,69,86,93,6
Trinidad and Tobago,2023,1 503,53,99,0,0,69,99,69,86,93,6
Trinidad and Tobago,2024,1 508,54,99,0,0,69,99,69,86,93,6
Tunisia,2000,9 765,63,69,14,16,77,86,79,77,84,9
Tunisia,2001,9 870,64,69,14,16,77,87,80,78,84,9
Tunisia,2002,9 972,64,70,14,15,77,87,80,78,84,9
Tunisia,2003,10 072,65,70,14,15,78,87,80,78,84,9
Tunisia,2004,10 166,65,71,14,14,78,88,81,78,84,10
Tunisia,2005,10 255,65,71,14,13,78,88,81,79,85,10
Tunisia,2006,10 346,66,72,14,13,78,88,81,79,85,10
Tunisia,2007,10 442,66,72,14,12,79,88,81,79,85,10
Tunisia,2008,10 543,66,73,14,12,79,89,82,79,85,10
Tunisia,2009,10 651,66,75,13,11,79,89,82,80,85,11
Tunisia,2010,10 766,67,76,13,11,79,89,82,80,85,11
Tunisia,2011,10 886,67,77,12,10,80,89,82,80,85,11
Tunisia,2012,11 010,67,78,12,10,80,89,81,80,85,11
Tunisia,2013,11 141,67,79,11,9,79,89,80,81,85,12
Tunisia,2014,11 274,68,80,11,8,78,89,78,81,85,12
Tunisia,2015,11 402,68,82,10,8,77,89,77,81,85,12
Tunisia,2016,11 529,68,83,9,7,76,89,76,81,85,12
Tunisia,2017,11 650,69,84,9,7,75,89,75,80,85,13
Tunisia,2018,11 766,69,85,8,6,73,89,73,78,85,13
Tunisia,2019,11 875,69,87,7,6,72,89,72,76,84,13
Tunisia,2020,11 974,70,88,7,5,71,89,71,75,84,13
Tunisia,2021,12 049,70,89,6,5,69,89,69,73,84,14
Tunisia,2022,12 119,70,90,5,4,68,88,68,72,84,14
Tunisia,2023,12 200,71,92,5,3,66,88,66,70,84,14
Tunisia,2024,12 277,71,93,4,3,65,88,65,68,84,14
TÌ?rkiye,2000,65 426,65,88,4,8,0,90,0,0,95,0
TÌ?rkiye,2001,66 245,65,88,4,8,0,90,0,0,95,0
TÌ?rkiye,2002,67 049,66,88,4,8,0,90,0,0,95,1
TÌ?rkiye,2003,67 832,67,88,4,7,0,90,0,0,95,1
TÌ?rkiye,2004,68 593,67,89,4,7,0,91,0,0,95,2
TÌ?rkiye,2005,69 330,68,89,4,7,0,91,0,0,95,2
TÌ?rkiye,2006,70 045,68,90,4,6,0,91,0,0,95,2
TÌ?rkiye,2007,70 751,69,90,4,6,0,91,0,0,95,2
TÌ?rkiye,2008,71 562,70,90,4,5,0,91,0,0,95,2
TÌ?rkiye,2009,72 465,70,91,4,5,0,92,0,0,95,2
TÌ?rkiye,2010,73 347,71,91,4,5,0,92,0,0,95,3
TÌ?rkiye,2011,74 215,71,91,4,4,0,92,0,0,95,3
TÌ?rkiye,2012,75 197,72,92,4,4,0,92,0,0,95,3
TÌ?rkiye,2013,76 403,73,92,4,4,0,92,0,0,95,3
TÌ?rkiye,2014,78 036,73,92,4,3,0,93,0,0,95,3
TÌ?rkiye,2015,80 014,74,93,4,3,0,93,0,0,95,3
TÌ?rkiye,2016,81 652,74,93,4,2,0,93,0,0,95,3
TÌ?rkiye,2017,83 084,75,93,4,2,0,93,0,0,95,4
TÌ?rkiye,2018,84 416,75,94,4,2,0,93,0,0,95,4
TÌ?rkiye,2019,85 358,76,94,4,1,0,93,0,0,95,4
TÌ?rkiye,2020,86 092,76,95,4,0,0,94,0,0,95,4
TÌ?rkiye,2021,86 686,77,95,4,0,0,94,0,0,95,4
TÌ?rkiye,2022,87 058,77,95,4,0,0,94,0,0,95,4
TÌ?rkiye,2023,87 271,77,95,4,0,0,94,0,0,95,4
TÌ?rkiye,2024,87 474,78,95,4,0,0,94,0,0,95,4
Turkmenistan,2000,4 583,46,84,0,0,69,73,92,72,59,33
Turkmenistan,2001,4 675,46,85,0,0,70,74,92,74,59,34
Turkmenistan,2002,4 769,46,85,0,0,71,74,92,75,58,35
Turkmenistan,2003,4 864,47,86,0,0,72,74,93,76,58,36
Turkmenistan,2004,4 958,47,87,0,0,73,75,93,77,57,36
Turkmenistan,2005,5 052,47,87,0,0,74,76,94,78,57,37
Turkmenistan,2006,5 147,47,88,0,0,76,78,94,79,56,38
Turkmenistan,2007,5 244,48,89,0,0,77,79,94,81,56,39
Turkmenistan,2008,5 345,48,90,0,0,79,81,95,82,55,40
Turkmenistan,2009,5 452,48,90,0,0,81,83,95,83,55,41
Turkmenistan,2010,5 564,48,91,0,0,82,84,95,84,55,41
Turkmenistan,2011,5 683,49,92,0,0,84,86,96,85,54,42
Turkmenistan,2012,5 809,49,93,0,0,85,88,96,87,54,43
Turkmenistan,2013,5 939,50,93,0,0,87,89,97,88,53,44
Turkmenistan,2014,6 075,50,94,0,0,88,91,97,89,53,44
Turkmenistan,2015,6 216,50,95,0,0,90,93,98,90,53,45
Turkmenistan,2016,6 360,51,96,0,0,91,94,98,91,52,46
Turkmenistan,2017,6 507,51,96,0,0,93,96,98,93,52,47
Turkmenistan,2018,6 656,52,97,0,0,94,98,99,94,52,47
Turkmenistan,2019,6 804,52,98,0,0,94,99,99,94,51,48
Turkmenistan,2020,6 950,53,99,0,0,94,100,100,94,51,48
Turkmenistan,2021,7 092,53,100,0,0,94,100,100,94,51,49
Turkmenistan,2022,7 230,53,100,0,0,95,100,100,95,51,49
Turkmenistan,2023,7 364,54,100,0,0,95,100,100,95,50,50
Turkmenistan,2024,7 494,55,100,0,0,95,100,100,95,50,50
Turks and Caicos Islands,2000,19,85,0,0,0,0,0,0,0,0,0
Turks and Caicos Islands,2001,20,85,0,0,0,0,0,0,0,0,0
Turks and Caicos Islands,2002,21,86,0,0,0,0,0,0,0,0,0
Turks and Caicos Islands,2003,22,87,0,0,0,0,0,0,0,0,0
Turks and Caicos Islands,2004,23,87,0,0,0,0,0,0,0,0,0
Turks and Caicos Islands,2005,24,88,0,0,0,0,0,0,0,0,0
Turks and Caicos Islands,2006,25,88,0,0,0,0,0,0,0,0,0
Turks and Caicos Islands,2007,26,89,0,0,0,0,0,0,0,0,0
Turks and Caicos Islands,2008,27,89,0,0,0,0,0,0,0,0,0
Turks and Caicos Islands,2009,29,90,0,0,0,0,0,0,0,0,0
Turks and Caicos Islands,2010,30,90,0,0,0,0,0,0,0,0,0
Turks and Caicos Islands,2011,31,91,0,0,0,0,0,0,0,0,0
Turks and Caicos Islands,2012,32,91,0,0,0,0,0,0,0,0,0
Turks and Caicos Islands,2013,34,91,0,0,0,0,0,0,0,0,0
Turks and Caicos Islands,2014,35,92,0,0,0,0,0,0,0,0,0
Turks and Caicos Islands,2015,37,92,0,0,0,0,0,0,0,0,0
Turks and Caicos Islands,2016,38,93,92,5,3,47,47,98,87,45,55
Turks and Caicos Islands,2017,40,93,92,5,3,47,47,98,87,45,55
Turks and Caicos Islands,2018,42,93,92,5,3,47,47,98,87,45,55
Turks and Caicos Islands,2019,43,93,92,5,3,47,47,98,87,45,55
Turks and Caicos Islands,2020,44,94,92,5,3,47,47,98,87,45,55
Turks and Caicos Islands,2021,45,94,92,5,3,47,47,98,87,45,55
Turks and Caicos Islands,2022,46,94,92,5,3,47,47,98,87,45,55
Turks and Caicos Islands,2023,46,94,92,5,3,47,47,98,87,45,55
Turks and Caicos Islands,2024,47,94,92,5,3,47,47,98,87,45,55
Tuvalu,2000,10,46,99,0,1,8,92,78,8,89,10
Tuvalu,2001,10,46,100,0,0,8,92,78,8,90,9
Tuvalu,2002,10,47,100,0,0,8,92,78,8,91,9
Tuvalu,2003,10,48,100,0,0,8,92,77,8,91,8
Tuvalu,2004,10,49,100,0,0,8,92,77,8,92,8
Tuvalu,2005,10,50,100,0,0,8,92,77,8,92,7
Tuvalu,2006,10,51,100,0,0,8,92,77,8,93,7
Tuvalu,2007,10,52,100,0,0,8,92,77,8,93,6
Tuvalu,2008,10,53,100,0,0,8,92,77,8,94,6
Tuvalu,2009,10,54,100,0,0,8,92,76,8,94,5
Tuvalu,2010,11,55,100,0,0,8,91,76,8,95,5
Tuvalu,2011,11,56,100,0,0,8,91,76,8,95,4
Tuvalu,2012,11,57,100,0,0,8,91,76,8,96,4
Tuvalu,2013,11,58,100,0,0,8,91,76,8,96,3
Tuvalu,2014,11,59,100,0,0,8,91,76,8,97,3
Tuvalu,2015,11,60,100,0,0,8,91,76,8,97,2
Tuvalu,2016,11,61,100,0,0,8,91,75,8,98,1
Tuvalu,2017,11,62,100,0,0,8,91,75,8,98,0
Tuvalu,2018,11,62,100,0,0,9,91,75,9,99,0
Tuvalu,2019,11,63,100,0,0,9,90,75,9,100,0
Tuvalu,2020,10,64,100,0,0,9,90,75,9,100,0
Tuvalu,2021,10,65,100,0,0,9,90,75,9,100,0
Tuvalu,2022,10,66,100,0,0,9,90,75,9,100,0
Tuvalu,2023,10,66,100,0,0,9,90,74,9,100,0
Tuvalu,2024,10,67,100,0,0,9,90,74,9,100,0
Uganda,2000,24 000,15,19,37,28,3,3,44,32,12,49
Uganda,2001,24 746,15,20,37,27,3,3,45,33,12,50
Uganda,2002,25 533,16,21,37,27,4,4,45,33,13,51
Uganda,2003,26 352,16,22,37,26,4,4,46,34,13,51
Uganda,2004,27 155,17,24,37,25,5,5,47,34,14,52
Uganda,2005,27 963,17,25,37,25,5,5,48,35,14,52
Uganda,2006,28 794,17,26,36,24,6,6,49,35,15,53
Uganda,2007,29 653,18,28,36,23,6,6,50,36,16,53
Uganda,2008,30 540,18,29,36,23,7,7,51,37,16,54
Uganda,2009,31 451,19,31,36,22,8,8,52,37,17,54
Uganda,2010,32 391,19,32,35,21,8,8,53,38,17,55
Uganda,2011,33 355,20,34,35,21,9,9,54,38,18,56
Uganda,2012,34 337,20,35,34,20,10,10,55,38,18,56
Uganda,2013,35 337,21,37,34,19,10,10,56,38,19,57
Uganda,2014,36 396,22,38,34,18,11,11,57,39,19,57
Uganda,2015,37 531,22,40,33,18,12,12,58,39,20,58
Uganda,2016,38 799,23,42,33,17,13,13,59,39,20,58
Uganda,2017,40 177,23,44,32,16,14,14,60,39,21,59
Uganda,2018,41 566,24,45,31,16,14,14,61,39,21,59
Uganda,2019,43 000,24,47,31,15,15,15,62,39,22,60
Uganda,2020,44 457,25,49,30,14,16,16,63,39,22,60
Uganda,2021,45 911,26,51,29,14,16,17,63,39,23,61
Uganda,2022,47 313,26,53,29,13,17,18,64,39,23,61
Uganda,2023,48 657,27,55,28,12,18,19,65,39,24,61
Uganda,2024,50 015,27,57,27,11,18,20,66,39,24,62
Ukraine,2000,49 557,67,95,0,4,66,67,0,92,77,22
Ukraine,2001,49 107,67,95,0,4,66,67,0,92,76,22
Ukraine,2002,48 677,67,96,0,4,66,67,0,92,76,23
Ukraine,2003,48 315,67,96,0,4,67,67,0,92,75,23
Ukraine,2004,47 980,68,96,0,4,69,69,0,92,75,24
Ukraine,2005,47 586,68,96,0,3,72,72,0,92,74,24
Ukraine,2006,47 279,68,96,0,3,75,75,0,92,74,25
Ukraine,2007,47 063,68,96,0,3,77,77,0,92,74,25
Ukraine,2008,46 819,68,96,0,3,80,80,0,92,73,26
Ukraine,2009,46 624,69,96,0,3,82,82,0,92,73,26
Ukraine,2010,46 456,69,97,0,2,85,85,0,92,72,26
Ukraine,2011,46 308,69,97,0,2,87,87,0,93,72,27
Ukraine,2012,46 210,69,97,0,2,89,90,0,93,71,28
Ukraine,2013,46 127,69,98,0,2,89,92,0,93,71,28
Ukraine,2014,45 972,69,98,0,2,89,92,0,93,70,29
Ukraine,2015,45 785,69,98,0,1,89,92,0,93,70,29
Ukraine,2016,45 617,69,98,0,1,88,92,0,93,69,30
Ukraine,2017,45 436,69,99,0,1,88,92,0,93,69,30
Ukraine,2018,45 209,69,99,0,0,88,92,0,93,69,31
Ukraine,2019,44 957,69,100,0,0,88,92,0,93,68,31
Ukraine,2020,44 680,70,100,0,0,88,92,0,93,68,32
Ukraine,2021,44 299,70,100,0,0,88,92,0,93,67,32
Ukraine,2022,41 049,70,100,0,0,88,92,0,93,67,32
Ukraine,2023,37 733,70,100,0,0,88,92,0,93,66,33
Ukraine,2024,37 860,70,100,0,0,88,92,0,93,66,33
United Arab Emirates,2000,3 494,80,100,0,0,98,98,100,100,0,0
United Arab Emirates,2001,3 724,81,100,0,0,98,98,100,100,0,0
United Arab Emirates,2002,3 957,81,100,0,0,98,98,100,100,0,0
United Arab Emirates,2003,4 192,81,100,0,0,98,98,100,100,0,0
United Arab Emirates,2004,4 429,82,100,0,0,98,98,100,100,0,0
United Arab Emirates,2005,4 665,82,100,0,0,98,98,100,100,0,0
United Arab Emirates,2006,5 009,83,100,0,0,98,98,100,100,0,0
United Arab Emirates,2007,5 625,83,100,0,0,98,98,100,100,0,0
United Arab Emirates,2008,6 303,83,100,0,0,98,98,100,100,0,0
United Arab Emirates,2009,6 707,84,100,0,0,98,98,100,100,0,0
United Arab Emirates,2010,6 938,84,100,0,0,98,98,100,100,0,0
United Arab Emirates,2011,7 199,84,100,0,0,98,98,100,100,0,0
United Arab Emirates,2012,7 497,85,100,0,0,98,98,100,100,0,0
United Arab Emirates,2013,7 832,85,100,0,0,98,98,100,100,0,0
United Arab Emirates,2014,8 237,85,100,0,0,99,99,100,100,100,0
United Arab Emirates,2015,8 675,86,100,0,0,99,99,100,100,100,0
United Arab Emirates,2016,9 031,86,100,0,0,99,99,100,100,100,0
United Arab Emirates,2017,9 234,86,100,0,0,99,99,100,100,100,0
United Arab Emirates,2018,9 347,87,100,0,0,99,99,100,100,100,0
United Arab Emirates,2019,9 378,87,100,0,0,99,99,100,100,100,0
United Arab Emirates,2020,9 449,87,100,0,0,99,99,100,100,100,0
United Arab Emirates,2021,9 789,87,100,0,0,99,99,100,100,100,0
United Arab Emirates,2022,10 242,88,100,0,0,99,99,100,100,100,0
United Arab Emirates,2023,10 642,88,100,0,0,99,99,100,100,0,0
United Arab Emirates,2024,11 027,88,100,0,0,99,99,100,100,0,0
United Kingdom,2000,59 057,79,100,0,0,100,100,0,100,100,0
United Kingdom,2001,59 288,79,100,0,0,100,100,0,100,100,0
United Kingdom,2002,59 541,79,100,0,0,100,100,0,100,100,0
United Kingdom,2003,59 820,79,100,0,0,100,100,0,100,100,0
United Kingdom,2004,60 170,80,100,0,0,100,100,0,100,100,0
United Kingdom,2005,60 596,80,100,0,0,100,100,0,100,100,0
United Kingdom,2006,61 051,80,100,0,0,100,100,0,100,100,0
United Kingdom,2007,61 536,80,100,0,0,100,100,0,100,100,0
United Kingdom,2008,62 027,81,100,0,0,100,100,0,100,100,0
United Kingdom,2009,62 506,81,100,0,0,100,100,0,100,100,0
United Kingdom,2010,63 006,81,100,0,0,100,100,0,100,100,0
United Kingdom,2011,63 509,82,100,0,0,100,100,0,100,100,0
United Kingdom,2012,63 960,82,100,0,0,100,100,0,100,100,0
United Kingdom,2013,64 389,82,100,0,0,100,100,0,100,100,0
United Kingdom,2014,64 866,82,100,0,0,100,100,0,100,100,0
United Kingdom,2015,65 382,83,100,0,0,100,100,0,100,100,0
United Kingdom,2016,65 893,83,100,0,0,100,100,0,100,100,0
United Kingdom,2017,66 354,83,100,0,0,100,100,0,100,100,0
United Kingdom,2018,66 752,83,100,0,0,100,100,0,100,100,0
United Kingdom,2019,67 111,84,100,0,0,100,100,0,100,100,0
United Kingdom,2020,67 352,84,100,0,0,100,100,0,100,100,0
United Kingdom,2021,67 669,84,100,0,0,100,100,0,100,100,0
United Kingdom,2022,68 179,84,100,0,0,100,100,0,100,100,0
United Kingdom,2023,68 683,85,100,0,0,100,100,0,100,100,0
United Kingdom,2024,69 138,85,100,0,0,100,100,0,100,100,0
United Republic of Tanzania,2000,34 260,22,17,8,54,1,1,22,15,31,5
United Republic of Tanzania,2001,35 198,23,18,8,53,1,1,23,15,32,6
United Republic of Tanzania,2002,36 121,23,20,9,51,1,1,24,16,32,7
United Republic of Tanzania,2003,37 090,24,21,9,50,1,1,25,17,33,9
United Republic of Tanzania,2004,38 110,24,22,10,48,2,2,26,17,34,10
United Republic of Tanzania,2005,39 182,25,23,10,47,3,3,27,18,34,11
United Republic of Tanzania,2006,40 295,25,25,11,45,4,4,29,19,35,12
United Republic of Tanzania,2007,41 436,26,26,11,44,6,6,30,19,35,13
United Republic of Tanzania,2008,42 571,27,27,11,42,7,7,31,20,36,14
United Republic of Tanzania,2009,43 634,27,29,11,41,9,9,32,21,37,16
United Republic of Tanzania,2010,44 758,28,30,12,39,11,11,33,22,37,17
United Republic of Tanzania,2011,46 029,29,32,12,38,13,13,35,22,38,18
United Republic of Tanzania,2012,47 374,29,33,12,36,15,15,36,23,38,19
United Republic of Tanzania,2013,48 824,30,34,12,35,17,17,37,24,39,20
United Republic of Tanzania,2014,50 352,31,36,13,33,20,20,38,24,40,21
United Republic of Tanzania,2015,52 021,32,37,13,32,21,22,40,25,40,22
United Republic of Tanzania,2016,53 824,32,39,13,30,23,25,41,26,41,23
United Republic of Tanzania,2017,55 653,33,40,13,29,24,27,42,26,41,25
United Republic of Tanzania,2018,57 437,34,42,13,27,26,30,44,27,42,26
United Republic of Tanzania,2019,59 175,35,43,14,26,27,33,45,28,43,27
United Republic of Tanzania,2020,60 973,35,45,14,24,29,36,46,29,43,28
United Republic of Tanzania,2021,62 830,36,47,14,23,29,39,47,29,44,29
United Republic of Tanzania,2022,64 712,37,48,14,21,30,42,49,30,44,30
United Republic of Tanzania,2023,66 618,37,50,14,20,31,45,50,31,45,31
United Republic of Tanzania,2024,68 560,38,51,14,18,31,49,51,31,45,32
United States Virgin Islands,2000,109,93,0,0,0,97,97,0,98,0,0
United States Virgin Islands,2001,109,93,0,0,0,97,97,0,99,0,0
United States Virgin Islands,2002,108,93,0,0,0,98,98,0,99,0,0
United States Virgin Islands,2003,108,93,0,0,0,98,98,0,99,0,0
United States Virgin Islands,2004,108,93,0,0,0,98,98,0,99,0,0
United States Virgin Islands,2005,108,94,0,0,0,98,98,0,99,0,0
United States Virgin Islands,2006,107,94,0,0,0,98,98,0,99,0,0
United States Virgin Islands,2007,107,94,0,0,0,98,98,0,99,0,0
United States Virgin Islands,2008,107,94,0,0,0,98,98,0,99,0,0
United States Virgin Islands,2009,107,94,0,0,0,98,98,0,99,0,0
United States Virgin Islands,2010,106,95,0,0,0,98,98,0,99,0,0
United States Virgin Islands,2011,105,95,0,0,0,98,98,0,99,0,0
United States Virgin Islands,2012,104,95,0,0,0,98,98,0,100,0,0
United States Virgin Islands,2013,103,95,0,0,0,98,98,0,100,0,0
United States Virgin Islands,2014,102,95,0,0,0,98,98,0,100,0,0
United States Virgin Islands,2015,100,95,0,0,0,98,98,0,100,0,0
United States Virgin Islands,2016,98,95,0,0,0,98,98,0,100,95,5
United States Virgin Islands,2017,95,96,0,0,0,98,98,0,100,95,5
United States Virgin Islands,2018,92,96,0,0,0,99,99,0,100,95,5
United States Virgin Islands,2019,89,96,0,0,0,99,99,0,100,95,5
United States Virgin Islands,2020,88,96,0,0,0,99,99,0,100,95,5
United States Virgin Islands,2021,87,96,0,0,0,99,99,0,100,95,5
United States Virgin Islands,2022,87,96,0,0,0,99,99,0,100,95,5
United States Virgin Islands,2023,86,96,0,0,0,99,99,0,100,95,5
United States Virgin Islands,2024,85,96,0,0,0,99,99,0,100,95,5
United States of America,2000,281 484,79,0,0,0,0,0,0,0,0,0
United States of America,2001,284 280,79,0,0,0,0,0,0,0,0,0
United States of America,2002,287 084,79,0,0,0,0,0,0,0,0,0
United States of America,2003,289 908,80,0,0,0,0,0,0,0,0,0
United States of America,2004,292 786,80,0,0,0,0,0,0,0,0,0
United States of America,2005,295 717,80,96,0,4,95,99,95,99,99,0
United States of America,2006,298 730,80,96,0,4,95,99,95,99,99,0
United States of America,2007,301 844,80,96,0,4,95,99,95,99,99,0
United States of America,2008,304 970,80,96,0,4,95,99,95,99,99,0
United States of America,2009,308 023,81,96,0,4,95,99,95,99,99,0
United States of America,2010,311 063,81,96,0,4,96,99,96,99,99,0
United States of America,2011,314 105,81,96,0,4,96,99,96,99,99,0
United States of America,2012,317 115,81,97,0,3,96,100,96,100,99,0
United States of America,2013,320 111,81,97,0,3,96,100,96,100,99,0
United States of America,2014,323 115,81,97,0,3,96,100,96,100,99,0
United States of America,2015,326 126,82,98,0,2,96,100,96,100,99,0
United States of America,2016,329 179,82,98,0,2,97,100,97,100,99,0
United States of America,2017,332 205,82,98,0,2,97,100,97,100,99,0
United States of America,2018,335 056,82,99,0,1,97,100,97,100,99,0
United States of America,2019,337 790,82,100,0,0,97,100,97,100,99,0
United States of America,2020,339 436,83,100,0,0,97,100,97,100,99,1
United States of America,2021,340 161,83,100,0,0,97,100,97,100,99,1
United States of America,2022,341 534,83,100,0,0,97,100,97,100,0,0
United States of America,2023,343 477,83,100,0,0,98,100,98,100,0,0
United States of America,2024,345 427,84,100,0,0,98,100,98,100,0,0
Uruguay,2000,3 266,92,76,4,18,0,97,98,0,96,2
Uruguay,2001,3 274,92,76,4,18,0,97,98,0,96,2
Uruguay,2002,3 279,93,76,4,18,0,97,98,0,96,2
Uruguay,2003,3 281,93,76,4,18,0,97,98,0,96,1
Uruguay,2004,3 283,93,76,4,18,0,97,98,0,97,1
Uruguay,2005,3 286,93,77,4,17,0,97,98,0,97,1
Uruguay,2006,3 290,94,79,4,16,0,97,98,0,97,1
Uruguay,2007,3 295,94,80,4,14,0,97,99,0,97,1
Uruguay,2008,3 302,94,81,4,13,0,97,99,0,98,0
Uruguay,2009,3 310,94,83,4,12,0,98,99,0,98,0
Uruguay,2010,3 319,94,84,4,11,0,98,99,0,98,0
Uruguay,2011,3 327,95,85,4,9,0,98,100,0,98,0
Uruguay,2012,3 335,95,87,4,8,0,98,100,0,99,0
Uruguay,2013,3 345,95,88,4,7,0,98,100,0,99,0
Uruguay,2014,3 356,95,89,4,6,0,98,100,0,100,0
Uruguay,2015,3 368,95,91,4,4,0,98,100,0,100,0
Uruguay,2016,3 379,95,92,5,3,0,99,100,0,100,0
Uruguay,2017,3 388,95,93,5,2,0,99,100,0,100,0
Uruguay,2018,3 395,95,95,5,0,0,99,100,0,100,0
Uruguay,2019,3 397,95,95,5,0,0,99,100,0,100,0
Uruguay,2020,3 399,96,95,5,0,0,99,100,0,100,0
Uruguay,2021,3 397,96,95,5,0,0,99,100,0,100,0
Uruguay,2022,3 391,96,95,5,0,0,99,100,0,100,0
Uruguay,2023,3 388,96,95,5,0,0,99,100,0,100,0
Uruguay,2024,3 387,96,95,5,0,0,99,100,0,100,0
Uzbekistan,2000,24 787,46,80,9,3,54,54,82,87,72,21
Uzbekistan,2001,25 090,47,80,9,3,55,55,82,88,73,21
Uzbekistan,2002,25 400,47,81,9,3,56,56,82,88,73,21
Uzbekistan,2003,25 711,48,82,9,3,58,58,83,88,73,21
Uzbekistan,2004,26 029,48,82,8,3,59,59,83,88,73,21
Uzbekistan,2005,26 357,49,83,8,3,60,60,83,88,73,21
Uzbekistan,2006,26 699,49,84,8,2,62,62,83,89,73,21
Uzbekistan,2007,27 076,50,85,7,2,63,63,84,89,74,22
Uzbekistan,2008,27 495,50,85,7,2,64,64,84,89,74,22
Uzbekistan,2009,27 939,50,86,7,2,66,66,84,89,74,22
Uzbekistan,2010,28 386,51,87,6,2,67,67,84,89,74,22
Uzbekistan,2011,28 823,51,87,6,1,68,68,85,90,74,22
Uzbekistan,2012,29 262,51,88,6,1,69,69,85,90,74,23
Uzbekistan,2013,29 724,51,89,5,1,70,70,85,90,74,23
Uzbekistan,2014,30 223,51,90,5,0,71,71,85,90,74,23
Uzbekistan,2015,30 749,51,90,5,0,72,72,85,90,73,24
Uzbekistan,2016,31 285,51,91,4,0,73,73,86,90,73,24
Uzbekistan,2017,31 819,51,92,4,0,75,75,86,91,73,24
Uzbekistan,2018,32 373,50,93,4,0,76,76,86,91,73,25
Uzbekistan,2019,32 965,50,93,3,0,77,77,86,91,73,25
Uzbekistan,2020,33 586,50,94,3,0,78,78,86,91,73,25
Uzbekistan,2021,34 244,50,95,2,0,79,79,87,91,73,25
Uzbekistan,2022,34 939,50,95,2,0,80,80,87,91,73,25
Uzbekistan,2023,35 652,51,96,2,0,81,81,87,91,73,26
Uzbekistan,2024,36 362,51,96,1,0,82,82,87,91,73,26
Vanuatu,2000,186,22,82,0,8,17,43,60,17,47,38
Vanuatu,2001,191,22,82,0,8,17,43,60,17,47,38
Vanuatu,2002,196,22,82,0,8,18,43,60,18,48,38
Vanuatu,2003,201,23,82,0,8,18,43,60,18,48,38
Vanuatu,2004,206,23,82,0,8,18,43,60,18,48,38
Vanuatu,2005,211,23,82,0,8,18,44,61,18,48,38
Vanuatu,2006,216,23,82,0,8,18,45,61,18,48,38
Vanuatu,2007,221,24,82,0,8,18,47,61,18,48,38
Vanuatu,2008,227,24,82,0,8,18,49,61,18,49,38
Vanuatu,2009,233,24,83,1,8,18,51,61,18,49,38
Vanuatu,2010,238,24,83,1,8,18,53,62,18,49,38
Vanuatu,2011,243,25,83,1,8,18,55,62,18,49,39
Vanuatu,2012,249,25,83,2,8,18,57,62,18,49,39
Vanuatu,2013,254,25,83,2,7,18,59,62,18,49,39
Vanuatu,2014,260,25,83,2,7,19,61,62,19,49,39
Vanuatu,2015,266,25,83,2,7,19,63,62,19,49,39
Vanuatu,2016,272,25,83,2,7,19,65,63,19,50,39
Vanuatu,2017,279,25,83,2,7,19,67,63,19,50,39
Vanuatu,2018,285,25,83,2,7,19,69,63,19,50,39
Vanuatu,2019,292,25,83,3,7,19,71,63,19,50,39
Vanuatu,2020,299,26,83,3,7,19,72,63,19,50,39
Vanuatu,2021,306,26,83,3,7,19,74,63,19,50,40
Vanuatu,2022,313,26,83,3,7,19,76,64,19,50,40
Vanuatu,2023,320,26,83,3,7,19,78,64,19,50,40
Vanuatu,2024,328,26,84,3,7,19,80,64,19,50,40
Venezuela (Bolivarian Republic of),2000,24 527,88,0,0,0,0,88,78,0,88,10
Venezuela (Bolivarian Republic of),2001,24 980,88,0,0,0,0,88,78,0,88,10
Venezuela (Bolivarian Republic of),2002,25 436,88,0,0,0,0,88,78,0,87,10
Venezuela (Bolivarian Republic of),2003,25 893,88,0,0,0,0,88,78,0,87,11
Venezuela (Bolivarian Republic of),2004,26 341,88,0,0,0,0,88,78,0,86,11
Venezuela (Bolivarian Republic of),2005,26 786,88,0,0,0,0,88,77,0,86,11
Venezuela (Bolivarian Republic of),2006,27 225,88,0,0,0,0,88,77,0,85,11
Venezuela (Bolivarian Republic of),2007,27 649,88,0,0,0,0,87,77,0,85,12
Venezuela (Bolivarian Republic of),2008,28 054,88,0,0,0,0,87,77,0,84,12
Venezuela (Bolivarian Republic of),2009,28 438,88,0,0,0,0,87,77,0,84,12
Venezuela (Bolivarian Republic of),2010,28 813,88,0,0,0,0,87,72,0,84,12
Venezuela (Bolivarian Republic of),2011,29 185,88,0,0,0,0,87,67,0,83,13
Venezuela (Bolivarian Republic of),2012,29 554,88,0,0,0,0,87,63,0,83,13
Venezuela (Bolivarian Republic of),2013,29 912,88,0,0,0,0,87,58,0,82,13
Venezuela (Bolivarian Republic of),2014,30 254,88,0,0,0,0,86,53,0,82,13
Venezuela (Bolivarian Republic of),2015,30 574,88,0,0,0,0,86,49,0,81,14
Venezuela (Bolivarian Republic of),2016,30 766,88,0,0,0,0,86,44,0,81,14
Venezuela (Bolivarian Republic of),2017,30 565,88,0,0,0,0,86,39,0,81,14
Venezuela (Bolivarian Republic of),2018,29 808,88,0,0,0,0,86,35,0,80,14
Venezuela (Bolivarian Republic of),2019,28 938,88,0,0,0,0,86,30,0,80,15
Venezuela (Bolivarian Republic of),2020,28 444,88,0,0,0,0,86,26,0,79,15
Venezuela (Bolivarian Republic of),2021,28 238,88,0,0,0,0,85,21,0,79,15
Venezuela (Bolivarian Republic of),2022,28 213,88,0,0,0,0,85,17,0,78,15
Venezuela (Bolivarian Republic of),2023,28 301,88,0,0,0,0,85,17,0,78,15
Venezuela (Bolivarian Republic of),2024,28 406,89,0,0,0,0,85,17,0,78,15
Viet Nam,2000,77 154,24,76,0,12,46,67,79,46,12,69
Viet Nam,2001,77 969,25,77,0,12,46,69,80,46,13,69
Viet Nam,2002,78 772,26,78,0,11,47,70,81,47,15,68
Viet Nam,2003,79 564,26,79,0,11,47,72,82,47,17,67
Viet Nam,2004,80 339,27,80,0,11,48,73,83,48,19,66
Viet Nam,2005,81 088,27,81,0,10,48,75,83,48,21,65
Viet Nam,2006,82 168,28,82,0,10,49,76,84,49,23,64
Viet Nam,2007,83 633,29,83,0,10,50,78,85,50,24,63
Viet Nam,2008,85 176,29,83,0,9,50,79,86,50,26,62
Viet Nam,2009,86 460,30,84,0,9,51,81,86,51,28,60
Viet Nam,2010,87 455,30,85,0,9,51,82,87,51,30,59
Viet Nam,2011,88 468,31,86,0,8,52,84,88,52,32,58
Viet Nam,2012,89 510,32,87,0,8,52,86,89,52,34,57
Viet Nam,2013,90 573,32,88,0,8,53,87,89,53,36,56
Viet Nam,2014,91 680,33,89,0,8,53,89,90,53,38,55
Viet Nam,2015,92 823,34,90,0,7,54,90,91,54,40,53
Viet Nam,2016,94 000,35,91,0,7,54,92,91,54,41,52
Viet Nam,2017,95 177,35,92,0,7,55,93,92,55,43,51
Viet Nam,2018,96 237,36,93,0,6,55,95,93,55,45,50
Viet Nam,2019,97 174,37,94,0,6,56,96,93,56,47,49
Viet Nam,2020,98 079,37,95,0,5,57,96,94,57,49,47
Viet Nam,2021,98 935,38,96,0,4,57,97,94,57,51,46
Viet Nam,2022,99 681,39,97,0,3,58,98,95,58,53,45
Viet Nam,2023,100 352,39,98,0,2,58,98,96,58,55,43
Viet Nam,2024,100 988,40,98,0,2,59,99,96,59,57,42
Wallis and Futuna Islands,2000,15,0,100,0,0,69,100,0,69,100,0
Wallis and Futuna Islands,2001,15,0,100,0,0,69,100,0,69,100,0
Wallis and Futuna Islands,2002,15,0,100,0,0,69,100,0,69,100,0
Wallis and Futuna Islands,2003,15,0,100,0,0,69,100,0,69,100,0
Wallis and Futuna Islands,2004,15,0,100,0,0,69,100,0,69,100,0
Wallis and Futuna Islands,2005,15,0,100,0,0,69,100,0,69,100,0
Wallis and Futuna Islands,2006,14,0,100,0,0,69,100,0,69,100,0
Wallis and Futuna Islands,2007,14,0,100,0,0,69,99,0,69,100,0
Wallis and Futuna Islands,2008,14,0,100,0,0,69,99,0,69,100,0
Wallis and Futuna Islands,2009,13,0,100,0,0,69,99,0,69,100,0
Wallis and Futuna Islands,2010,13,0,100,0,0,69,99,0,69,100,0
Wallis and Futuna Islands,2011,13,0,100,0,0,69,99,0,69,100,0
Wallis and Futuna Islands,2012,13,0,100,0,0,69,99,0,69,100,0
Wallis and Futuna Islands,2013,12,0,100,0,0,69,99,0,69,100,0
Wallis and Futuna Islands,2014,12,0,100,0,0,69,99,0,69,100,0
Wallis and Futuna Islands,2015,12,0,100,0,0,69,99,0,69,100,0
Wallis and Futuna Islands,2016,12,0,100,0,0,69,99,0,69,100,0
Wallis and Futuna Islands,2017,12,0,100,0,0,69,98,0,69,100,0
Wallis and Futuna Islands,2018,12,0,100,0,0,69,98,0,69,100,0
Wallis and Futuna Islands,2019,12,0,100,0,0,69,98,0,69,100,0
Wallis and Futuna Islands,2020,12,0,100,0,0,69,98,0,69,100,0
Wallis and Futuna Islands,2021,12,0,100,0,0,69,98,0,69,100,0
Wallis and Futuna Islands,2022,11,0,100,0,0,69,98,0,69,100,0
Wallis and Futuna Islands,2023,11,0,100,0,0,69,98,0,69,100,0
Wallis and Futuna Islands,2024,11,0,100,0,0,69,98,0,69,100,0
Yemen,2000,19 624,26,29,20,44,0,31,38,0,36,24
Yemen,2001,20 226,27,29,20,44,0,32,38,0,36,24
Yemen,2002,20 835,27,29,20,44,0,32,38,0,36,24
Yemen,2003,21 456,28,30,20,42,0,33,39,0,37,25
Yemen,2004,22 095,28,31,21,41,0,33,40,0,38,26
Yemen,2005,22 790,29,32,21,39,0,35,41,0,38,27
Yemen,2006,23 543,29,34,22,38,0,36,42,0,39,28
Yemen,2007,24 318,30,35,22,36,0,38,43,0,40,29
Yemen,2008,25 112,31,37,22,35,0,40,44,0,40,30
Yemen,2009,25 928,31,38,22,33,0,41,45,0,41,30
Yemen,2010,26 754,32,40,22,32,0,43,46,0,41,31
Yemen,2011,27 583,32,42,22,30,0,44,47,0,42,32
Yemen,2012,28 434,33,43,22,29,0,46,48,0,42,33
Yemen,2013,29 313,34,45,22,27,0,48,49,0,43,34
Yemen,2014,30 226,34,47,22,26,0,49,50,0,43,35
Yemen,2015,31 159,35,49,22,24,0,51,50,0,44,36
Yemen,2016,32 109,35,50,22,23,0,53,51,0,44,36
Yemen,2017,33 091,36,52,22,21,0,55,52,0,45,37
Yemen,2018,34 085,37,54,21,20,0,56,53,0,45,38
Yemen,2019,35 111,37,56,21,18,0,58,54,0,46,39
Yemen,2020,36 135,38,58,21,17,0,60,55,0,46,40
Yemen,2021,37 140,39,60,21,15,0,62,56,0,47,41
Yemen,2022,38 223,39,62,20,14,0,64,56,0,47,41
Yemen,2023,39 391,40,64,20,12,0,65,57,0,47,42
Yemen,2024,40 583,40,66,20,11,0,67,58,0,48,43
Zambia,2000,10 018,35,27,4,42,0,17,31,0,31,19
Zambia,2001,10 325,35,28,4,41,0,18,32,0,31,20
Zambia,2002,10 648,35,30,4,40,0,19,32,0,31,21
Zambia,2003,10 984,36,31,5,39,0,19,33,0,31,23
Zambia,2004,11 338,36,32,5,38,0,20,34,0,32,24
Zambia,2005,11 719,37,34,5,37,0,20,35,0,32,25
Zambia,2006,12 130,37,35,5,37,0,21,35,0,32,26
Zambia,2007,12 565,38,36,6,36,0,22,36,0,32,27
Zambia,2008,13 021,38,38,6,35,0,22,37,0,33,28
Zambia,2009,13 490,39,39,6,34,0,23,37,0,33,29
Zambia,2010,13 966,39,40,6,33,0,24,38,0,33,30
Zambia,2011,14 438,40,42,7,32,0,24,39,0,33,31
Zambia,2012,14 914,40,43,7,32,0,25,39,0,34,32
Zambia,2013,15 399,41,44,7,31,0,26,40,0,34,33
Zambia,2014,15 895,41,45,7,30,0,27,41,0,34,35
Zambia,2015,16 399,42,47,8,29,0,27,41,0,34,36
Zambia,2016,16 914,42,48,8,28,0,28,42,0,34,37
Zambia,2017,17 441,43,49,8,27,0,29,43,0,35,38
Zambia,2018,17 974,44,51,9,26,0,30,43,0,35,39
Zambia,2019,18 514,44,52,9,26,0,31,44,0,35,40
Zambia,2020,19 059,45,53,9,25,0,31,44,0,35,41
Zambia,2021,19 604,45,54,9,24,0,32,45,0,35,42
Zambia,2022,20 153,46,56,10,23,0,32,46,0,35,43
Zambia,2023,20 724,46,57,10,22,0,33,46,0,36,44
Zambia,2024,21 315,47,58,10,21,0,33,47,0,36,45
Zimbabwe,2000,11 892,34,54,11,26,29,41,42,41,40,36
Zimbabwe,2001,11 972,34,54,11,26,30,42,42,41,40,36
Zimbabwe,2002,12 088,35,54,11,26,30,42,42,41,40,36
Zimbabwe,2003,12 232,34,54,12,25,30,42,43,42,40,37
Zimbabwe,2004,12 366,34,54,12,25,30,42,44,42,39,38
Zimbabwe,2005,12 483,34,54,12,24,30,41,45,42,38,39
Zimbabwe,2006,12 636,34,54,13,24,29,40,46,42,37,40
Zimbabwe,2007,12 804,34,54,13,23,29,40,47,42,37,41
